solid 
facet normal -1 0 0
 outer loop
  vertex 240 -90 1.4210855e-14
  vertex 240 -100 7.54979e-07
  vertex 240 -100 10.000001
 endloop
endfacet
facet normal -1 -0 -0
 outer loop
  vertex 240 -90 1.4210855e-14
  vertex 240 -100 10.000001
  vertex 240 -90 10
 endloop
endfacet
facet normal -0 -1 -0
 outer loop
  vertex 220 -90 1.4210855e-14
  vertex 230 -90 1.4210855e-14
  vertex 230 -90 10
 endloop
endfacet
facet normal 0 -1 -0
 outer loop
  vertex 220 -90 1.4210855e-14
  vertex 230 -90 10
  vertex 220 -90 10
 endloop
endfacet
facet normal -1 0 0
 outer loop
  vertex 240 -110 3.5527137e-13
  vertex 240 -120 7.549793e-07
  vertex 240 -120 10
 endloop
endfacet
facet normal -1 -0 -0
 outer loop
  vertex 240 -110 3.5527137e-13
  vertex 240 -120 10
  vertex 240 -110 10
 endloop
endfacet
facet normal -1 0 0
 outer loop
  vertex 40 -40 2.4158453e-13
  vertex 40 -50 7.549793e-07
  vertex 40 -50 10.000001
 endloop
endfacet
facet normal -1 -0 -0
 outer loop
  vertex 40 -40 2.4158453e-13
  vertex 40 -50 10.000001
  vertex 40 -40 10
 endloop
endfacet
facet normal -0 -1 -0
 outer loop
  vertex 180 -10 4.689582e-13
  vertex 190 -10 4.689582e-13
  vertex 190 -10 10
 endloop
endfacet
facet normal 0 -1 -0
 outer loop
  vertex 180 -10 4.689582e-13
  vertex 190 -10 10
  vertex 180 -10 10
 endloop
endfacet
facet normal -0 -1 -0
 outer loop
  vertex 210 -120 4.689582e-13
  vertex 220 -120 4.689582e-13
  vertex 220 -120 10
 endloop
endfacet
facet normal 0 -1 -0
 outer loop
  vertex 210 -120 4.689582e-13
  vertex 220 -120 10
  vertex 210 -120 10
 endloop
endfacet
facet normal -0 -1 -0
 outer loop
  vertex 230 -220 9.237056e-13
  vertex 240 -220 9.237056e-13
  vertex 240 -220 10
 endloop
endfacet
facet normal 0 -1 -0
 outer loop
  vertex 230 -220 9.237056e-13
  vertex 240 -220 10
  vertex 230 -220 10
 endloop
endfacet
facet normal -1 0 0
 outer loop
  vertex 230 -60 4.689582e-13
  vertex 230 -70 7.549794e-07
  vertex 230 -70 10
 endloop
endfacet
facet normal -1 -0 -0
 outer loop
  vertex 230 -60 4.689582e-13
  vertex 230 -70 10
  vertex 230 -60 10
 endloop
endfacet
facet normal -0 -1 -0
 outer loop
  vertex 20 -70 1.2789769e-13
  vertex 30 -70 1.2789769e-13
  vertex 30 -70 10
 endloop
endfacet
facet normal 0 -1 -0
 outer loop
  vertex 20 -70 1.2789769e-13
  vertex 30 -70 10
  vertex 20 -70 10
 endloop
endfacet
facet normal -0 -1 -0
 outer loop
  vertex 40 0 1.4210855e-14
  vertex 50 0 1.4210855e-14
  vertex 50 0 10
 endloop
endfacet
facet normal 0 -1 -0
 outer loop
  vertex 40 0 1.4210855e-14
  vertex 50 0 10
  vertex 40 0 10
 endloop
endfacet
facet normal -1 0 0
 outer loop
  vertex 20 -90 1.4210855e-14
  vertex 20 -100 7.54979e-07
  vertex 20 -100 10.000001
 endloop
endfacet
facet normal -1 -0 -0
 outer loop
  vertex 20 -90 1.4210855e-14
  vertex 20 -100 10.000001
  vertex 20 -90 10
 endloop
endfacet
facet normal -1 0 0
 outer loop
  vertex 110 -20 1.4210855e-14
  vertex 110 -30 7.549793e-07
  vertex 110 -30 10.000001
 endloop
endfacet
facet normal -1 -0 -0
 outer loop
  vertex 110 -20 1.4210855e-14
  vertex 110 -30 10.000001
  vertex 110 -20 10
 endloop
endfacet
facet normal -0 -1 -0
 outer loop
  vertex 190 -130 -2.1316282e-13
  vertex 200 -130 -2.1316282e-13
  vertex 200 -130 10
 endloop
endfacet
facet normal 0 -1 -0
 outer loop
  vertex 190 -130 -2.1316282e-13
  vertex 200 -130 10
  vertex 190 -130 10
 endloop
endfacet
facet normal -1 0 0
 outer loop
  vertex 100 -200 1.4210855e-14
  vertex 100 -210 7.549788e-07
  vertex 100 -210 10
 endloop
endfacet
facet normal -1 -0 -0
 outer loop
  vertex 100 -200 1.4210855e-14
  vertex 100 -210 10
  vertex 100 -200 10
 endloop
endfacet
facet normal -1 0 0
 outer loop
  vertex 150 -190 1.4210855e-14
  vertex 150 -200 7.549788e-07
  vertex 150 -200 10.000001
 endloop
endfacet
facet normal -1 -0 -0
 outer loop
  vertex 150 -190 1.4210855e-14
  vertex 150 -200 10.000001
  vertex 150 -190 10
 endloop
endfacet
facet normal -1 0 0
 outer loop
  vertex 240 -60 4.689582e-13
  vertex 240 -70 7.549794e-07
  vertex 240 -70 10
 endloop
endfacet
facet normal -1 -0 -0
 outer loop
  vertex 240 -60 4.689582e-13
  vertex 240 -70 10
  vertex 240 -60 10
 endloop
endfacet
facet normal -0 -1 -0
 outer loop
  vertex 0 -40 2.4158453e-13
  vertex 10 -40 2.4158453e-13
  vertex 10 -40 10
 endloop
endfacet
facet normal 0 -1 -0
 outer loop
  vertex 0 -40 2.4158453e-13
  vertex 10 -40 10
  vertex 0 -40 10
 endloop
endfacet
facet normal -1 0 0
 outer loop
  vertex 170 -10 4.689582e-13
  vertex 170 -20 7.549793e-07
  vertex 170 -20 10
 endloop
endfacet
facet normal -1 -0 -0
 outer loop
  vertex 170 -10 4.689582e-13
  vertex 170 -20 10
  vertex 170 -10 10
 endloop
endfacet
facet normal -1 0 0
 outer loop
  vertex 230 -210 1.4210855e-14
  vertex 230 -220 7.5497974e-07
  vertex 230 -220 10.000001
 endloop
endfacet
facet normal -1 -0 -0
 outer loop
  vertex 230 -210 1.4210855e-14
  vertex 230 -220 10.000001
  vertex 230 -210 10
 endloop
endfacet
facet normal -1 0 0
 outer loop
  vertex 230 -50 2.4158453e-13
  vertex 230 -60 7.549793e-07
  vertex 230 -60 10.000001
 endloop
endfacet
facet normal -1 -0 -0
 outer loop
  vertex 230 -50 2.4158453e-13
  vertex 230 -60 10.000001
  vertex 230 -50 10
 endloop
endfacet
facet normal -1 0 0
 outer loop
  vertex 40 -110 3.5527137e-13
  vertex 40 -120 7.549793e-07
  vertex 40 -120 10
 endloop
endfacet
facet normal -1 -0 -0
 outer loop
  vertex 40 -110 3.5527137e-13
  vertex 40 -120 10
  vertex 40 -110 10
 endloop
endfacet
facet normal -0 -1 -0
 outer loop
  vertex 90 -120 4.689582e-13
  vertex 100 -120 4.689582e-13
  vertex 100 -120 10
 endloop
endfacet
facet normal 0 -1 -0
 outer loop
  vertex 90 -120 4.689582e-13
  vertex 100 -120 10
  vertex 90 -120 10
 endloop
endfacet
facet normal -1 0 0
 outer loop
  vertex 80 -120 4.689582e-13
  vertex 80 -130 7.549795e-07
  vertex 80 -130 10.000001
 endloop
endfacet
facet normal -1 -0 -0
 outer loop
  vertex 80 -120 4.689582e-13
  vertex 80 -130 10.000001
  vertex 80 -120 10
 endloop
endfacet
facet normal -1 0 0
 outer loop
  vertex 160 -110 3.5527137e-13
  vertex 160 -120 7.549793e-07
  vertex 160 -120 10
 endloop
endfacet
facet normal -1 -0 -0
 outer loop
  vertex 160 -110 3.5527137e-13
  vertex 160 -120 10
  vertex 160 -110 10
 endloop
endfacet
facet normal -1 0 0
 outer loop
  vertex 210 -180 1.4210855e-14
  vertex 210 -190 7.549788e-07
  vertex 210 -190 10.000001
 endloop
endfacet
facet normal -1 -0 -0
 outer loop
  vertex 210 -180 1.4210855e-14
  vertex 210 -190 10.000001
  vertex 210 -180 10
 endloop
endfacet
facet normal -1 0 0
 outer loop
  vertex 20 -220 9.237056e-13
  vertex 20 -230 7.5497974e-07
  vertex 20 -230 10.000001
 endloop
endfacet
facet normal -1 -0 -0
 outer loop
  vertex 20 -220 9.237056e-13
  vertex 20 -230 10.000001
  vertex 20 -220 10
 endloop
endfacet
facet normal -0 -1 -0
 outer loop
  vertex 50 -30 4.689582e-13
  vertex 60 -30 4.689582e-13
  vertex 60 -30 10
 endloop
endfacet
facet normal 0 -1 -0
 outer loop
  vertex 50 -30 4.689582e-13
  vertex 60 -30 10
  vertex 50 -30 10
 endloop
endfacet
facet normal -0 -1 -0
 outer loop
  vertex 180 -210 1.4210855e-14
  vertex 190 -210 1.4210855e-14
  vertex 190 -210 10
 endloop
endfacet
facet normal 0 -1 -0
 outer loop
  vertex 180 -210 1.4210855e-14
  vertex 190 -210 10
  vertex 180 -210 10
 endloop
endfacet
facet normal -0 -1 -0
 outer loop
  vertex 20 -220 9.237056e-13
  vertex 30 -220 9.237056e-13
  vertex 30 -220 10
 endloop
endfacet
facet normal 0 -1 -0
 outer loop
  vertex 20 -220 9.237056e-13
  vertex 30 -220 10
  vertex 20 -220 10
 endloop
endfacet
facet normal -1 0 0
 outer loop
  vertex 10 -210 1.4210855e-14
  vertex 10 -220 7.5497974e-07
  vertex 10 -220 10.000001
 endloop
endfacet
facet normal -1 -0 -0
 outer loop
  vertex 10 -210 1.4210855e-14
  vertex 10 -220 10.000001
  vertex 10 -210 10
 endloop
endfacet
facet normal -0 -1 -0
 outer loop
  vertex 130 -90 1.4210855e-14
  vertex 140 -90 1.4210855e-14
  vertex 140 -90 10
 endloop
endfacet
facet normal 0 -1 -0
 outer loop
  vertex 130 -90 1.4210855e-14
  vertex 140 -90 10
  vertex 130 -90 10
 endloop
endfacet
facet normal -1 0 0
 outer loop
  vertex 50 -30 4.689582e-13
  vertex 50 -40 7.549793e-07
  vertex 50 -40 10.000001
 endloop
endfacet
facet normal -1 -0 -0
 outer loop
  vertex 50 -30 4.689582e-13
  vertex 50 -40 10.000001
  vertex 50 -30 10
 endloop
endfacet
facet normal -1 0 0
 outer loop
  vertex 10 -190 1.4210855e-14
  vertex 10 -200 7.549788e-07
  vertex 10 -200 10.000001
 endloop
endfacet
facet normal -1 -0 -0
 outer loop
  vertex 10 -190 1.4210855e-14
  vertex 10 -200 10.000001
  vertex 10 -190 10
 endloop
endfacet
facet normal -1 0 0
 outer loop
  vertex 70 -130 -2.1316282e-13
  vertex 70 -140 7.549788e-07
  vertex 70 -140 10.000001
 endloop
endfacet
facet normal -1 -0 -0
 outer loop
  vertex 70 -130 -2.1316282e-13
  vertex 70 -140 10.000001
  vertex 70 -130 10
 endloop
endfacet
facet normal -1 0 0
 outer loop
  vertex 150 -200 1.4210855e-14
  vertex 150 -210 7.549788e-07
  vertex 150 -210 10
 endloop
endfacet
facet normal -1 -0 -0
 outer loop
  vertex 150 -200 1.4210855e-14
  vertex 150 -210 10
  vertex 150 -200 10
 endloop
endfacet
facet normal -0 -1 -0
 outer loop
  vertex 230 -90 1.4210855e-14
  vertex 240 -90 1.4210855e-14
  vertex 240 -90 10
 endloop
endfacet
facet normal 0 -1 -0
 outer loop
  vertex 230 -90 1.4210855e-14
  vertex 240 -90 10
  vertex 230 -90 10
 endloop
endfacet
facet normal -1 0 0
 outer loop
  vertex 140 -130 -2.1316282e-13
  vertex 140 -140 7.549788e-07
  vertex 140 -140 10.000001
 endloop
endfacet
facet normal -1 -0 -0
 outer loop
  vertex 140 -130 -2.1316282e-13
  vertex 140 -140 10.000001
  vertex 140 -130 10
 endloop
endfacet
facet normal -0 -1 -0
 outer loop
  vertex 240 -40 2.4158453e-13
  vertex 250 -40 2.4158453e-13
  vertex 250 -40 10
 endloop
endfacet
facet normal 0 -1 -0
 outer loop
  vertex 240 -40 2.4158453e-13
  vertex 250 -40 10
  vertex 240 -40 10
 endloop
endfacet
facet normal -0 -1 -0
 outer loop
  vertex 190 -210 1.4210855e-14
  vertex 200 -210 1.4210855e-14
  vertex 200 -210 10
 endloop
endfacet
facet normal 0 -1 -0
 outer loop
  vertex 190 -210 1.4210855e-14
  vertex 200 -210 10
  vertex 190 -210 10
 endloop
endfacet
facet normal -0 -1 -0
 outer loop
  vertex 20 -200 1.4210855e-14
  vertex 30 -200 1.4210855e-14
  vertex 30 -200 10
 endloop
endfacet
facet normal 0 -1 -0
 outer loop
  vertex 20 -200 1.4210855e-14
  vertex 30 -200 10
  vertex 20 -200 10
 endloop
endfacet
facet normal -1 0 0
 outer loop
  vertex 210 0 1.4210855e-14
  vertex 210 -10 7.549793e-07
  vertex 210 -10 10.000001
 endloop
endfacet
facet normal -1 -0 -0
 outer loop
  vertex 210 0 1.4210855e-14
  vertex 210 -10 10.000001
  vertex 210 0 10
 endloop
endfacet
facet normal -0 -1 -0
 outer loop
  vertex 20 -20 1.4210855e-14
  vertex 30 -20 1.4210855e-14
  vertex 30 -20 10
 endloop
endfacet
facet normal 0 -1 -0
 outer loop
  vertex 20 -20 1.4210855e-14
  vertex 30 -20 10
  vertex 20 -20 10
 endloop
endfacet
facet normal -1 0 0
 outer loop
  vertex 60 -190 1.4210855e-14
  vertex 60 -200 7.549788e-07
  vertex 60 -200 10.000001
 endloop
endfacet
facet normal -1 -0 -0
 outer loop
  vertex 60 -190 1.4210855e-14
  vertex 60 -200 10.000001
  vertex 60 -190 10
 endloop
endfacet
facet normal -1 0 0
 outer loop
  vertex 210 -150 1.4210855e-14
  vertex 210 -160 7.549793e-07
  vertex 210 -160 10.000001
 endloop
endfacet
facet normal -1 -0 -0
 outer loop
  vertex 210 -150 1.4210855e-14
  vertex 210 -160 10.000001
  vertex 210 -150 10
 endloop
endfacet
facet normal -0 -1 -0
 outer loop
  vertex 0 -80 2.9842795e-13
  vertex 10 -80 2.9842795e-13
  vertex 10 -80 10
 endloop
endfacet
facet normal 0 -1 -0
 outer loop
  vertex 0 -80 2.9842795e-13
  vertex 10 -80 10
  vertex 0 -80 10
 endloop
endfacet
facet normal -0 -1 -0
 outer loop
  vertex 20 0 1.4210855e-14
  vertex 30 0 1.4210855e-14
  vertex 30 0 10
 endloop
endfacet
facet normal 0 -1 -0
 outer loop
  vertex 20 0 1.4210855e-14
  vertex 30 0 10
  vertex 20 0 10
 endloop
endfacet
facet normal -1 0 0
 outer loop
  vertex 0 -10 4.689582e-13
  vertex 0 -20 7.549793e-07
  vertex 0 -20 10
 endloop
endfacet
facet normal -1 -0 -0
 outer loop
  vertex 0 -10 4.689582e-13
  vertex 0 -20 10
  vertex 0 -10 10
 endloop
endfacet
facet normal -0 -1 -0
 outer loop
  vertex 200 -120 4.689582e-13
  vertex 210 -120 4.689582e-13
  vertex 210 -120 10
 endloop
endfacet
facet normal 0 -1 -0
 outer loop
  vertex 200 -120 4.689582e-13
  vertex 210 -120 10
  vertex 200 -120 10
 endloop
endfacet
facet normal -1 0 0
 outer loop
  vertex 160 -160 4.689582e-13
  vertex 160 -170 7.549793e-07
  vertex 160 -170 10
 endloop
endfacet
facet normal -1 -0 -0
 outer loop
  vertex 160 -160 4.689582e-13
  vertex 160 -170 10
  vertex 160 -160 10
 endloop
endfacet
facet normal -1 0 0
 outer loop
  vertex 10 -130 -2.1316282e-13
  vertex 10 -140 7.549788e-07
  vertex 10 -140 10.000001
 endloop
endfacet
facet normal -1 -0 -0
 outer loop
  vertex 10 -130 -2.1316282e-13
  vertex 10 -140 10.000001
  vertex 10 -130 10
 endloop
endfacet
facet normal -1 0 0
 outer loop
  vertex 0 -90 1.4210855e-14
  vertex 0 -100 7.54979e-07
  vertex 0 -100 10.000001
 endloop
endfacet
facet normal -1 -0 -0
 outer loop
  vertex 0 -90 1.4210855e-14
  vertex 0 -100 10.000001
  vertex 0 -90 10
 endloop
endfacet
facet normal -1 0 0
 outer loop
  vertex 250 -200 1.4210855e-14
  vertex 250 -210 7.549788e-07
  vertex 250 -210 10
 endloop
endfacet
facet normal -1 -0 -0
 outer loop
  vertex 250 -200 1.4210855e-14
  vertex 250 -210 10
  vertex 250 -200 10
 endloop
endfacet
facet normal -0 -1 -0
 outer loop
  vertex 150 -170 4.689582e-13
  vertex 160 -170 4.689582e-13
  vertex 160 -170 10
 endloop
endfacet
facet normal 0 -1 -0
 outer loop
  vertex 150 -170 4.689582e-13
  vertex 160 -170 10
  vertex 150 -170 10
 endloop
endfacet
facet normal -0 -1 -0
 outer loop
  vertex 210 -200 1.4210855e-14
  vertex 220 -200 1.4210855e-14
  vertex 220 -200 10
 endloop
endfacet
facet normal 0 -1 -0
 outer loop
  vertex 210 -200 1.4210855e-14
  vertex 220 -200 10
  vertex 210 -200 10
 endloop
endfacet
facet normal -0 -1 -0
 outer loop
  vertex 20 -130 -2.1316282e-13
  vertex 30 -130 -2.1316282e-13
  vertex 30 -130 10
 endloop
endfacet
facet normal 0 -1 -0
 outer loop
  vertex 20 -130 -2.1316282e-13
  vertex 30 -130 10
  vertex 20 -130 10
 endloop
endfacet
facet normal -1 0 0
 outer loop
  vertex 120 -60 4.689582e-13
  vertex 120 -70 7.549794e-07
  vertex 120 -70 10
 endloop
endfacet
facet normal -1 -0 -0
 outer loop
  vertex 120 -60 4.689582e-13
  vertex 120 -70 10
  vertex 120 -60 10
 endloop
endfacet
facet normal -0 -1 -0
 outer loop
  vertex 50 -250 -8.9528385e-13
  vertex 60 -250 -8.9528385e-13
  vertex 60 -250 10
 endloop
endfacet
facet normal 0 -1 -0
 outer loop
  vertex 50 -250 -8.9528385e-13
  vertex 60 -250 10
  vertex 50 -250 10
 endloop
endfacet
facet normal -1 0 0
 outer loop
  vertex 10 -130 -2.1316282e-13
  vertex 10 -140 7.549788e-07
  vertex 10 -140 10.000001
 endloop
endfacet
facet normal -1 -0 -0
 outer loop
  vertex 10 -130 -2.1316282e-13
  vertex 10 -140 10.000001
  vertex 10 -130 10
 endloop
endfacet
facet normal -1 0 0
 outer loop
  vertex 170 -10 4.689582e-13
  vertex 170 -20 7.549793e-07
  vertex 170 -20 10
 endloop
endfacet
facet normal -1 -0 -0
 outer loop
  vertex 170 -10 4.689582e-13
  vertex 170 -20 10
  vertex 170 -10 10
 endloop
endfacet
facet normal -0 -1 -0
 outer loop
  vertex 0 -20 1.4210855e-14
  vertex 10 -20 1.4210855e-14
  vertex 10 -20 10
 endloop
endfacet
facet normal 0 -1 -0
 outer loop
  vertex 0 -20 1.4210855e-14
  vertex 10 -20 10
  vertex 0 -20 10
 endloop
endfacet
facet normal -1 0 0
 outer loop
  vertex 60 -20 1.4210855e-14
  vertex 60 -30 7.549793e-07
  vertex 60 -30 10.000001
 endloop
endfacet
facet normal -1 -0 -0
 outer loop
  vertex 60 -20 1.4210855e-14
  vertex 60 -30 10.000001
  vertex 60 -20 10
 endloop
endfacet
facet normal -0 -1 -0
 outer loop
  vertex 230 -180 1.4210855e-14
  vertex 240 -180 1.4210855e-14
  vertex 240 -180 10
 endloop
endfacet
facet normal 0 -1 -0
 outer loop
  vertex 230 -180 1.4210855e-14
  vertex 240 -180 10
  vertex 230 -180 10
 endloop
endfacet
facet normal -1 0 0
 outer loop
  vertex 250 -180 1.4210855e-14
  vertex 250 -190 7.549788e-07
  vertex 250 -190 10.000001
 endloop
endfacet
facet normal -1 -0 -0
 outer loop
  vertex 250 -180 1.4210855e-14
  vertex 250 -190 10.000001
  vertex 250 -180 10
 endloop
endfacet
facet normal -1 0 0
 outer loop
  vertex 20 -110 3.5527137e-13
  vertex 20 -120 7.549793e-07
  vertex 20 -120 10
 endloop
endfacet
facet normal -1 -0 -0
 outer loop
  vertex 20 -110 3.5527137e-13
  vertex 20 -120 10
  vertex 20 -110 10
 endloop
endfacet
facet normal -0 -1 -0
 outer loop
  vertex 160 -80 2.9842795e-13
  vertex 170 -80 2.9842795e-13
  vertex 170 -80 10
 endloop
endfacet
facet normal 0 -1 -0
 outer loop
  vertex 160 -80 2.9842795e-13
  vertex 170 -80 10
  vertex 160 -80 10
 endloop
endfacet
facet normal -0 -1 -0
 outer loop
  vertex 130 -200 1.4210855e-14
  vertex 140 -200 1.4210855e-14
  vertex 140 -200 10
 endloop
endfacet
facet normal 0 -1 -0
 outer loop
  vertex 130 -200 1.4210855e-14
  vertex 140 -200 10
  vertex 130 -200 10
 endloop
endfacet
facet normal -0 -1 -0
 outer loop
  vertex 70 -210 1.4210855e-14
  vertex 80 -210 1.4210855e-14
  vertex 80 -210 10
 endloop
endfacet
facet normal 0 -1 -0
 outer loop
  vertex 70 -210 1.4210855e-14
  vertex 80 -210 10
  vertex 70 -210 10
 endloop
endfacet
facet normal -0 -1 -0
 outer loop
  vertex 40 -160 4.689582e-13
  vertex 50 -160 4.689582e-13
  vertex 50 -160 10
 endloop
endfacet
facet normal 0 -1 -0
 outer loop
  vertex 40 -160 4.689582e-13
  vertex 50 -160 10
  vertex 40 -160 10
 endloop
endfacet
facet normal -1 0 0
 outer loop
  vertex 70 -200 1.4210855e-14
  vertex 70 -210 7.549788e-07
  vertex 70 -210 10
 endloop
endfacet
facet normal -1 -0 -0
 outer loop
  vertex 70 -200 1.4210855e-14
  vertex 70 -210 10
  vertex 70 -200 10
 endloop
endfacet
facet normal -1 0 0
 outer loop
  vertex 170 -200 1.4210855e-14
  vertex 170 -210 7.549788e-07
  vertex 170 -210 10
 endloop
endfacet
facet normal -1 -0 -0
 outer loop
  vertex 170 -200 1.4210855e-14
  vertex 170 -210 10
  vertex 170 -200 10
 endloop
endfacet
facet normal -0 -1 -0
 outer loop
  vertex 220 -240 9.237056e-13
  vertex 230 -240 9.237056e-13
  vertex 230 -240 10
 endloop
endfacet
facet normal 0 -1 -0
 outer loop
  vertex 220 -240 9.237056e-13
  vertex 230 -240 10
  vertex 220 -240 10
 endloop
endfacet
facet normal -1 0 0
 outer loop
  vertex 100 -150 1.4210855e-14
  vertex 100 -160 7.549793e-07
  vertex 100 -160 10.000001
 endloop
endfacet
facet normal -1 -0 -0
 outer loop
  vertex 100 -150 1.4210855e-14
  vertex 100 -160 10.000001
  vertex 100 -150 10
 endloop
endfacet
facet normal -0 -1 -0
 outer loop
  vertex 10 -100 1.8474111e-13
  vertex 20 -100 1.8474111e-13
  vertex 20 -100 10
 endloop
endfacet
facet normal 0 -1 -0
 outer loop
  vertex 10 -100 1.8474111e-13
  vertex 20 -100 10
  vertex 10 -100 10
 endloop
endfacet
facet normal -0 -1 -0
 outer loop
  vertex 190 -90 1.4210855e-14
  vertex 200 -90 1.4210855e-14
  vertex 200 -90 10
 endloop
endfacet
facet normal 0 -1 -0
 outer loop
  vertex 190 -90 1.4210855e-14
  vertex 200 -90 10
  vertex 190 -90 10
 endloop
endfacet
facet normal -1 0 0
 outer loop
  vertex 60 -90 1.4210855e-14
  vertex 60 -100 7.54979e-07
  vertex 60 -100 10.000001
 endloop
endfacet
facet normal -1 -0 -0
 outer loop
  vertex 60 -90 1.4210855e-14
  vertex 60 -100 10.000001
  vertex 60 -90 10
 endloop
endfacet
facet normal -0 -1 -0
 outer loop
  vertex 30 -80 2.9842795e-13
  vertex 40 -80 2.9842795e-13
  vertex 40 -80 10
 endloop
endfacet
facet normal 0 -1 -0
 outer loop
  vertex 30 -80 2.9842795e-13
  vertex 40 -80 10
  vertex 30 -80 10
 endloop
endfacet
facet normal -1 0 0
 outer loop
  vertex 90 -60 4.689582e-13
  vertex 90 -70 7.549794e-07
  vertex 90 -70 10
 endloop
endfacet
facet normal -1 -0 -0
 outer loop
  vertex 90 -60 4.689582e-13
  vertex 90 -70 10
  vertex 90 -60 10
 endloop
endfacet
facet normal -0 -1 -0
 outer loop
  vertex 140 -40 2.4158453e-13
  vertex 150 -40 2.4158453e-13
  vertex 150 -40 10
 endloop
endfacet
facet normal 0 -1 -0
 outer loop
  vertex 140 -40 2.4158453e-13
  vertex 150 -40 10
  vertex 140 -40 10
 endloop
endfacet
facet normal -1 0 0
 outer loop
  vertex 0 -120 4.689582e-13
  vertex 0 -130 7.549795e-07
  vertex 0 -130 10.000001
 endloop
endfacet
facet normal -1 -0 -0
 outer loop
  vertex 0 -120 4.689582e-13
  vertex 0 -130 10.000001
  vertex 0 -120 10
 endloop
endfacet
facet normal -0 -1 -0
 outer loop
  vertex 160 -60 4.689582e-13
  vertex 170 -60 4.689582e-13
  vertex 170 -60 10
 endloop
endfacet
facet normal 0 -1 -0
 outer loop
  vertex 160 -60 4.689582e-13
  vertex 170 -60 10
  vertex 160 -60 10
 endloop
endfacet
facet normal -0 -1 -0
 outer loop
  vertex 60 -80 2.9842795e-13
  vertex 70 -80 2.9842795e-13
  vertex 70 -80 10
 endloop
endfacet
facet normal 0 -1 -0
 outer loop
  vertex 60 -80 2.9842795e-13
  vertex 70 -80 10
  vertex 60 -80 10
 endloop
endfacet
facet normal -0 -1 -0
 outer loop
  vertex 240 -250 -8.9528385e-13
  vertex 250 -250 -8.9528385e-13
  vertex 250 -250 10
 endloop
endfacet
facet normal 0 -1 -0
 outer loop
  vertex 240 -250 -8.9528385e-13
  vertex 250 -250 10
  vertex 240 -250 10
 endloop
endfacet
facet normal -0 -1 -0
 outer loop
  vertex 100 -20 1.4210855e-14
  vertex 110 -20 1.4210855e-14
  vertex 110 -20 10
 endloop
endfacet
facet normal 0 -1 -0
 outer loop
  vertex 100 -20 1.4210855e-14
  vertex 110 -20 10
  vertex 100 -20 10
 endloop
endfacet
facet normal -1 0 0
 outer loop
  vertex 50 -60 4.689582e-13
  vertex 50 -70 7.549794e-07
  vertex 50 -70 10
 endloop
endfacet
facet normal -1 -0 -0
 outer loop
  vertex 50 -60 4.689582e-13
  vertex 50 -70 10
  vertex 50 -60 10
 endloop
endfacet
facet normal -0 -1 -0
 outer loop
  vertex 80 -250 -8.9528385e-13
  vertex 90 -250 -8.9528385e-13
  vertex 90 -250 10
 endloop
endfacet
facet normal 0 -1 -0
 outer loop
  vertex 80 -250 -8.9528385e-13
  vertex 90 -250 10
  vertex 80 -250 10
 endloop
endfacet
facet normal -0 -1 -0
 outer loop
  vertex 80 -90 1.4210855e-14
  vertex 90 -90 1.4210855e-14
  vertex 90 -90 10
 endloop
endfacet
facet normal 0 -1 -0
 outer loop
  vertex 80 -90 1.4210855e-14
  vertex 90 -90 10
  vertex 80 -90 10
 endloop
endfacet
facet normal -1 0 0
 outer loop
  vertex 60 -20 1.4210855e-14
  vertex 60 -30 7.549793e-07
  vertex 60 -30 10.000001
 endloop
endfacet
facet normal -1 -0 -0
 outer loop
  vertex 60 -20 1.4210855e-14
  vertex 60 -30 10.000001
  vertex 60 -20 10
 endloop
endfacet
facet normal -0 -1 -0
 outer loop
  vertex 0 -250 -8.9528385e-13
  vertex 10 -250 -8.9528385e-13
  vertex 10 -250 10
 endloop
endfacet
facet normal 0 -1 -0
 outer loop
  vertex 0 -250 -8.9528385e-13
  vertex 10 -250 10
  vertex 0 -250 10
 endloop
endfacet
facet normal -0 -1 -0
 outer loop
  vertex 60 -230 9.237056e-13
  vertex 70 -230 9.237056e-13
  vertex 70 -230 10
 endloop
endfacet
facet normal 0 -1 -0
 outer loop
  vertex 60 -230 9.237056e-13
  vertex 70 -230 10
  vertex 60 -230 10
 endloop
endfacet
facet normal -1 0 0
 outer loop
  vertex 160 -120 4.689582e-13
  vertex 160 -130 7.549795e-07
  vertex 160 -130 10.000001
 endloop
endfacet
facet normal -1 -0 -0
 outer loop
  vertex 160 -120 4.689582e-13
  vertex 160 -130 10.000001
  vertex 160 -120 10
 endloop
endfacet
facet normal -1 0 0
 outer loop
  vertex 130 -130 -2.1316282e-13
  vertex 130 -140 7.549788e-07
  vertex 130 -140 10.000001
 endloop
endfacet
facet normal -1 -0 -0
 outer loop
  vertex 130 -130 -2.1316282e-13
  vertex 130 -140 10.000001
  vertex 130 -130 10
 endloop
endfacet
facet normal -0 -1 -0
 outer loop
  vertex 150 -130 -2.1316282e-13
  vertex 160 -130 -2.1316282e-13
  vertex 160 -130 10
 endloop
endfacet
facet normal 0 -1 -0
 outer loop
  vertex 150 -130 -2.1316282e-13
  vertex 160 -130 10
  vertex 150 -130 10
 endloop
endfacet
facet normal -1 0 0
 outer loop
  vertex 80 -220 9.237056e-13
  vertex 80 -230 7.5497974e-07
  vertex 80 -230 10.000001
 endloop
endfacet
facet normal -1 -0 -0
 outer loop
  vertex 80 -220 9.237056e-13
  vertex 80 -230 10.000001
  vertex 80 -220 10
 endloop
endfacet
facet normal -1 0 0
 outer loop
  vertex 230 -190 1.4210855e-14
  vertex 230 -200 7.549788e-07
  vertex 230 -200 10.000001
 endloop
endfacet
facet normal -1 -0 -0
 outer loop
  vertex 230 -190 1.4210855e-14
  vertex 230 -200 10.000001
  vertex 230 -190 10
 endloop
endfacet
facet normal -1 0 0
 outer loop
  vertex 80 -60 4.689582e-13
  vertex 80 -70 7.549794e-07
  vertex 80 -70 10
 endloop
endfacet
facet normal -1 -0 -0
 outer loop
  vertex 80 -60 4.689582e-13
  vertex 80 -70 10
  vertex 80 -60 10
 endloop
endfacet
facet normal -0 -1 -0
 outer loop
  vertex 110 -60 4.689582e-13
  vertex 120 -60 4.689582e-13
  vertex 120 -60 10
 endloop
endfacet
facet normal 0 -1 -0
 outer loop
  vertex 110 -60 4.689582e-13
  vertex 120 -60 10
  vertex 110 -60 10
 endloop
endfacet
facet normal -0 -1 -0
 outer loop
  vertex 230 -50 2.4158453e-13
  vertex 240 -50 2.4158453e-13
  vertex 240 -50 10
 endloop
endfacet
facet normal 0 -1 -0
 outer loop
  vertex 230 -50 2.4158453e-13
  vertex 240 -50 10
  vertex 230 -50 10
 endloop
endfacet
facet normal -1 0 0
 outer loop
  vertex 230 -120 4.689582e-13
  vertex 230 -130 7.549795e-07
  vertex 230 -130 10.000001
 endloop
endfacet
facet normal -1 -0 -0
 outer loop
  vertex 230 -120 4.689582e-13
  vertex 230 -130 10.000001
  vertex 230 -120 10
 endloop
endfacet
facet normal -1 0 0
 outer loop
  vertex 170 -180 1.4210855e-14
  vertex 170 -190 7.549788e-07
  vertex 170 -190 10.000001
 endloop
endfacet
facet normal -1 -0 -0
 outer loop
  vertex 170 -180 1.4210855e-14
  vertex 170 -190 10.000001
  vertex 170 -180 10
 endloop
endfacet
facet normal -0 -1 -0
 outer loop
  vertex 30 -30 4.689582e-13
  vertex 40 -30 4.689582e-13
  vertex 40 -30 10
 endloop
endfacet
facet normal 0 -1 -0
 outer loop
  vertex 30 -30 4.689582e-13
  vertex 40 -30 10
  vertex 30 -30 10
 endloop
endfacet
facet normal -0 -1 -0
 outer loop
  vertex 240 -30 4.689582e-13
  vertex 250 -30 4.689582e-13
  vertex 250 -30 10
 endloop
endfacet
facet normal 0 -1 -0
 outer loop
  vertex 240 -30 4.689582e-13
  vertex 250 -30 10
  vertex 240 -30 10
 endloop
endfacet
facet normal -0 -1 -0
 outer loop
  vertex 210 -240 9.237056e-13
  vertex 220 -240 9.237056e-13
  vertex 220 -240 10
 endloop
endfacet
facet normal 0 -1 -0
 outer loop
  vertex 210 -240 9.237056e-13
  vertex 220 -240 10
  vertex 210 -240 10
 endloop
endfacet
facet normal -1 0 0
 outer loop
  vertex 70 -20 1.4210855e-14
  vertex 70 -30 7.549793e-07
  vertex 70 -30 10.000001
 endloop
endfacet
facet normal -1 -0 -0
 outer loop
  vertex 70 -20 1.4210855e-14
  vertex 70 -30 10.000001
  vertex 70 -20 10
 endloop
endfacet
facet normal -1 0 0
 outer loop
  vertex 240 -140 1.4210855e-14
  vertex 240 -150 7.549788e-07
  vertex 240 -150 10.000001
 endloop
endfacet
facet normal -1 -0 -0
 outer loop
  vertex 240 -140 1.4210855e-14
  vertex 240 -150 10.000001
  vertex 240 -140 10
 endloop
endfacet
facet normal -0 -1 -0
 outer loop
  vertex 90 -30 4.689582e-13
  vertex 100 -30 4.689582e-13
  vertex 100 -30 10
 endloop
endfacet
facet normal 0 -1 -0
 outer loop
  vertex 90 -30 4.689582e-13
  vertex 100 -30 10
  vertex 90 -30 10
 endloop
endfacet
facet normal -1 0 0
 outer loop
  vertex 80 -100 1.8474111e-13
  vertex 80 -110 7.5497917e-07
  vertex 80 -110 10.000001
 endloop
endfacet
facet normal -1 -0 -0
 outer loop
  vertex 80 -100 1.8474111e-13
  vertex 80 -110 10.000001
  vertex 80 -100 10
 endloop
endfacet
facet normal -1 0 0
 outer loop
  vertex 10 -190 1.4210855e-14
  vertex 10 -200 7.549788e-07
  vertex 10 -200 10.000001
 endloop
endfacet
facet normal -1 -0 -0
 outer loop
  vertex 10 -190 1.4210855e-14
  vertex 10 -200 10.000001
  vertex 10 -190 10
 endloop
endfacet
facet normal -0 -1 -0
 outer loop
  vertex 70 -180 1.4210855e-14
  vertex 80 -180 1.4210855e-14
  vertex 80 -180 10
 endloop
endfacet
facet normal 0 -1 -0
 outer loop
  vertex 70 -180 1.4210855e-14
  vertex 80 -180 10
  vertex 70 -180 10
 endloop
endfacet
facet normal -0 -1 -0
 outer loop
  vertex 100 -240 9.237056e-13
  vertex 110 -240 9.237056e-13
  vertex 110 -240 10
 endloop
endfacet
facet normal 0 -1 -0
 outer loop
  vertex 100 -240 9.237056e-13
  vertex 110 -240 10
  vertex 100 -240 10
 endloop
endfacet
facet normal -0 -1 -0
 outer loop
  vertex 120 -250 -8.9528385e-13
  vertex 130 -250 -8.9528385e-13
  vertex 130 -250 10
 endloop
endfacet
facet normal 0 -1 -0
 outer loop
  vertex 120 -250 -8.9528385e-13
  vertex 130 -250 10
  vertex 120 -250 10
 endloop
endfacet
facet normal -0 -1 -0
 outer loop
  vertex 30 -160 4.689582e-13
  vertex 40 -160 4.689582e-13
  vertex 40 -160 10
 endloop
endfacet
facet normal 0 -1 -0
 outer loop
  vertex 30 -160 4.689582e-13
  vertex 40 -160 10
  vertex 30 -160 10
 endloop
endfacet
facet normal -1 0 0
 outer loop
  vertex 200 -220 9.237056e-13
  vertex 200 -230 7.5497974e-07
  vertex 200 -230 10.000001
 endloop
endfacet
facet normal -1 -0 -0
 outer loop
  vertex 200 -220 9.237056e-13
  vertex 200 -230 10.000001
  vertex 200 -220 10
 endloop
endfacet
facet normal -0 -1 -0
 outer loop
  vertex 190 -60 4.689582e-13
  vertex 200 -60 4.689582e-13
  vertex 200 -60 10
 endloop
endfacet
facet normal 0 -1 -0
 outer loop
  vertex 190 -60 4.689582e-13
  vertex 200 -60 10
  vertex 190 -60 10
 endloop
endfacet
facet normal -1 0 0
 outer loop
  vertex 240 -200 1.4210855e-14
  vertex 240 -210 7.549788e-07
  vertex 240 -210 10
 endloop
endfacet
facet normal -1 -0 -0
 outer loop
  vertex 240 -200 1.4210855e-14
  vertex 240 -210 10
  vertex 240 -200 10
 endloop
endfacet
facet normal -1 0 0
 outer loop
  vertex 40 -190 1.4210855e-14
  vertex 40 -200 7.549788e-07
  vertex 40 -200 10.000001
 endloop
endfacet
facet normal -1 -0 -0
 outer loop
  vertex 40 -190 1.4210855e-14
  vertex 40 -200 10.000001
  vertex 40 -190 10
 endloop
endfacet
facet normal -1 0 0
 outer loop
  vertex 180 -140 1.4210855e-14
  vertex 180 -150 7.549788e-07
  vertex 180 -150 10.000001
 endloop
endfacet
facet normal -1 -0 -0
 outer loop
  vertex 180 -140 1.4210855e-14
  vertex 180 -150 10.000001
  vertex 180 -140 10
 endloop
endfacet
facet normal -0 -1 -0
 outer loop
  vertex 140 -250 -8.9528385e-13
  vertex 150 -250 -8.9528385e-13
  vertex 150 -250 10
 endloop
endfacet
facet normal 0 -1 -0
 outer loop
  vertex 140 -250 -8.9528385e-13
  vertex 150 -250 10
  vertex 140 -250 10
 endloop
endfacet
facet normal -0 -1 -0
 outer loop
  vertex 200 -250 -8.9528385e-13
  vertex 210 -250 -8.9528385e-13
  vertex 210 -250 10
 endloop
endfacet
facet normal 0 -1 -0
 outer loop
  vertex 200 -250 -8.9528385e-13
  vertex 210 -250 10
  vertex 200 -250 10
 endloop
endfacet
facet normal -0 -1 -0
 outer loop
  vertex 50 -200 1.4210855e-14
  vertex 60 -200 1.4210855e-14
  vertex 60 -200 10
 endloop
endfacet
facet normal 0 -1 -0
 outer loop
  vertex 50 -200 1.4210855e-14
  vertex 60 -200 10
  vertex 50 -200 10
 endloop
endfacet
facet normal -1 0 0
 outer loop
  vertex 190 -110 3.5527137e-13
  vertex 190 -120 7.549793e-07
  vertex 190 -120 10
 endloop
endfacet
facet normal -1 -0 -0
 outer loop
  vertex 190 -110 3.5527137e-13
  vertex 190 -120 10
  vertex 190 -110 10
 endloop
endfacet
facet normal -0 -1 -0
 outer loop
  vertex 10 -160 4.689582e-13
  vertex 20 -160 4.689582e-13
  vertex 20 -160 10
 endloop
endfacet
facet normal 0 -1 -0
 outer loop
  vertex 10 -160 4.689582e-13
  vertex 20 -160 10
  vertex 10 -160 10
 endloop
endfacet
facet normal -0 -1 -0
 outer loop
  vertex 210 -80 2.9842795e-13
  vertex 220 -80 2.9842795e-13
  vertex 220 -80 10
 endloop
endfacet
facet normal 0 -1 -0
 outer loop
  vertex 210 -80 2.9842795e-13
  vertex 220 -80 10
  vertex 210 -80 10
 endloop
endfacet
facet normal -1 0 0
 outer loop
  vertex 220 -30 4.689582e-13
  vertex 220 -40 7.549793e-07
  vertex 220 -40 10.000001
 endloop
endfacet
facet normal -1 -0 -0
 outer loop
  vertex 220 -30 4.689582e-13
  vertex 220 -40 10.000001
  vertex 220 -30 10
 endloop
endfacet
facet normal -0 -1 -0
 outer loop
  vertex 210 -100 1.8474111e-13
  vertex 220 -100 1.8474111e-13
  vertex 220 -100 10
 endloop
endfacet
facet normal 0 -1 -0
 outer loop
  vertex 210 -100 1.8474111e-13
  vertex 220 -100 10
  vertex 210 -100 10
 endloop
endfacet
facet normal -0 -1 -0
 outer loop
  vertex 240 -10 4.689582e-13
  vertex 250 -10 4.689582e-13
  vertex 250 -10 10
 endloop
endfacet
facet normal 0 -1 -0
 outer loop
  vertex 240 -10 4.689582e-13
  vertex 250 -10 10
  vertex 240 -10 10
 endloop
endfacet
facet normal -0 -1 -0
 outer loop
  vertex 20 -250 -8.9528385e-13
  vertex 30 -250 -8.9528385e-13
  vertex 30 -250 10
 endloop
endfacet
facet normal 0 -1 -0
 outer loop
  vertex 20 -250 -8.9528385e-13
  vertex 30 -250 10
  vertex 20 -250 10
 endloop
endfacet
facet normal -0 -1 -0
 outer loop
  vertex 10 -50 2.4158453e-13
  vertex 20 -50 2.4158453e-13
  vertex 20 -50 10
 endloop
endfacet
facet normal 0 -1 -0
 outer loop
  vertex 10 -50 2.4158453e-13
  vertex 20 -50 10
  vertex 10 -50 10
 endloop
endfacet
facet normal -0 -1 -0
 outer loop
  vertex 0 -90 1.4210855e-14
  vertex 10 -90 1.4210855e-14
  vertex 10 -90 10
 endloop
endfacet
facet normal 0 -1 -0
 outer loop
  vertex 0 -90 1.4210855e-14
  vertex 10 -90 10
  vertex 0 -90 10
 endloop
endfacet
facet normal -0 -1 -0
 outer loop
  vertex 110 -250 -8.9528385e-13
  vertex 120 -250 -8.9528385e-13
  vertex 120 -250 10
 endloop
endfacet
facet normal 0 -1 -0
 outer loop
  vertex 110 -250 -8.9528385e-13
  vertex 120 -250 10
  vertex 110 -250 10
 endloop
endfacet
facet normal -1 0 0
 outer loop
  vertex 80 -20 1.4210855e-14
  vertex 80 -30 7.549793e-07
  vertex 80 -30 10.000001
 endloop
endfacet
facet normal -1 -0 -0
 outer loop
  vertex 80 -20 1.4210855e-14
  vertex 80 -30 10.000001
  vertex 80 -20 10
 endloop
endfacet
facet normal -0 -1 -0
 outer loop
  vertex 40 -150 1.4210855e-14
  vertex 50 -150 1.4210855e-14
  vertex 50 -150 10
 endloop
endfacet
facet normal 0 -1 -0
 outer loop
  vertex 40 -150 1.4210855e-14
  vertex 50 -150 10
  vertex 40 -150 10
 endloop
endfacet
facet normal -1 0 0
 outer loop
  vertex 30 -160 4.689582e-13
  vertex 30 -170 7.549793e-07
  vertex 30 -170 10
 endloop
endfacet
facet normal -1 -0 -0
 outer loop
  vertex 30 -160 4.689582e-13
  vertex 30 -170 10
  vertex 30 -160 10
 endloop
endfacet
facet normal -0 -1 -0
 outer loop
  vertex 80 -220 9.237056e-13
  vertex 90 -220 9.237056e-13
  vertex 90 -220 10
 endloop
endfacet
facet normal 0 -1 -0
 outer loop
  vertex 80 -220 9.237056e-13
  vertex 90 -220 10
  vertex 80 -220 10
 endloop
endfacet
facet normal -0 -1 -0
 outer loop
  vertex 80 -190 1.4210855e-14
  vertex 90 -190 1.4210855e-14
  vertex 90 -190 10
 endloop
endfacet
facet normal 0 -1 -0
 outer loop
  vertex 80 -190 1.4210855e-14
  vertex 90 -190 10
  vertex 80 -190 10
 endloop
endfacet
facet normal -0 -1 -0
 outer loop
  vertex 80 0 1.4210855e-14
  vertex 90 0 1.4210855e-14
  vertex 90 0 10
 endloop
endfacet
facet normal 0 -1 -0
 outer loop
  vertex 80 0 1.4210855e-14
  vertex 90 0 10
  vertex 80 0 10
 endloop
endfacet
facet normal -1 0 0
 outer loop
  vertex 210 -60 4.689582e-13
  vertex 210 -70 7.549794e-07
  vertex 210 -70 10
 endloop
endfacet
facet normal -1 -0 -0
 outer loop
  vertex 210 -60 4.689582e-13
  vertex 210 -70 10
  vertex 210 -60 10
 endloop
endfacet
facet normal -0 -1 -0
 outer loop
  vertex 90 -230 9.237056e-13
  vertex 100 -230 9.237056e-13
  vertex 100 -230 10
 endloop
endfacet
facet normal 0 -1 -0
 outer loop
  vertex 90 -230 9.237056e-13
  vertex 100 -230 10
  vertex 90 -230 10
 endloop
endfacet
facet normal -0 -1 -0
 outer loop
  vertex 80 -100 1.8474111e-13
  vertex 90 -100 1.8474111e-13
  vertex 90 -100 10
 endloop
endfacet
facet normal 0 -1 -0
 outer loop
  vertex 80 -100 1.8474111e-13
  vertex 90 -100 10
  vertex 80 -100 10
 endloop
endfacet
facet normal -1 0 0
 outer loop
  vertex 170 -100 1.8474111e-13
  vertex 170 -110 7.5497917e-07
  vertex 170 -110 10.000001
 endloop
endfacet
facet normal -1 -0 -0
 outer loop
  vertex 170 -100 1.8474111e-13
  vertex 170 -110 10.000001
  vertex 170 -100 10
 endloop
endfacet
facet normal -1 0 0
 outer loop
  vertex 140 -140 1.4210855e-14
  vertex 140 -150 7.549788e-07
  vertex 140 -150 10.000001
 endloop
endfacet
facet normal -1 -0 -0
 outer loop
  vertex 140 -140 1.4210855e-14
  vertex 140 -150 10.000001
  vertex 140 -140 10
 endloop
endfacet
facet normal -1 0 0
 outer loop
  vertex 230 -150 1.4210855e-14
  vertex 230 -160 7.549793e-07
  vertex 230 -160 10.000001
 endloop
endfacet
facet normal -1 -0 -0
 outer loop
  vertex 230 -150 1.4210855e-14
  vertex 230 -160 10.000001
  vertex 230 -150 10
 endloop
endfacet
facet normal -1 0 0
 outer loop
  vertex 80 -120 4.689582e-13
  vertex 80 -130 7.549795e-07
  vertex 80 -130 10.000001
 endloop
endfacet
facet normal -1 -0 -0
 outer loop
  vertex 80 -120 4.689582e-13
  vertex 80 -130 10.000001
  vertex 80 -120 10
 endloop
endfacet
facet normal -0 -1 -0
 outer loop
  vertex 100 -190 1.4210855e-14
  vertex 110 -190 1.4210855e-14
  vertex 110 -190 10
 endloop
endfacet
facet normal 0 -1 -0
 outer loop
  vertex 100 -190 1.4210855e-14
  vertex 110 -190 10
  vertex 100 -190 10
 endloop
endfacet
facet normal -1 0 0
 outer loop
  vertex 100 -240 9.237056e-13
  vertex 100 -250 7.5497974e-07
  vertex 100 -250 10.000001
 endloop
endfacet
facet normal -1 -0 -0
 outer loop
  vertex 100 -240 9.237056e-13
  vertex 100 -250 10.000001
  vertex 100 -240 10
 endloop
endfacet
facet normal -0 -1 -0
 outer loop
  vertex 150 -10 4.689582e-13
  vertex 160 -10 4.689582e-13
  vertex 160 -10 10
 endloop
endfacet
facet normal 0 -1 -0
 outer loop
  vertex 150 -10 4.689582e-13
  vertex 160 -10 10
  vertex 150 -10 10
 endloop
endfacet
facet normal -0 -1 -0
 outer loop
  vertex 10 -20 1.4210855e-14
  vertex 20 -20 1.4210855e-14
  vertex 20 -20 10
 endloop
endfacet
facet normal 0 -1 -0
 outer loop
  vertex 10 -20 1.4210855e-14
  vertex 20 -20 10
  vertex 10 -20 10
 endloop
endfacet
facet normal -1 0 0
 outer loop
  vertex 250 -220 9.237056e-13
  vertex 250 -230 7.5497974e-07
  vertex 250 -230 10.000001
 endloop
endfacet
facet normal -1 -0 -0
 outer loop
  vertex 250 -220 9.237056e-13
  vertex 250 -230 10.000001
  vertex 250 -220 10
 endloop
endfacet
facet normal -0 -1 -0
 outer loop
  vertex 200 -170 4.689582e-13
  vertex 210 -170 4.689582e-13
  vertex 210 -170 10
 endloop
endfacet
facet normal 0 -1 -0
 outer loop
  vertex 200 -170 4.689582e-13
  vertex 210 -170 10
  vertex 200 -170 10
 endloop
endfacet
facet normal -0 -1 -0
 outer loop
  vertex 160 -80 2.9842795e-13
  vertex 170 -80 2.9842795e-13
  vertex 170 -80 10
 endloop
endfacet
facet normal 0 -1 -0
 outer loop
  vertex 160 -80 2.9842795e-13
  vertex 170 -80 10
  vertex 160 -80 10
 endloop
endfacet
facet normal -0 -1 -0
 outer loop
  vertex 110 -20 1.4210855e-14
  vertex 120 -20 1.4210855e-14
  vertex 120 -20 10
 endloop
endfacet
facet normal 0 -1 -0
 outer loop
  vertex 110 -20 1.4210855e-14
  vertex 120 -20 10
  vertex 110 -20 10
 endloop
endfacet
facet normal -1 0 0
 outer loop
  vertex 180 -80 2.9842795e-13
  vertex 180 -90 7.549793e-07
  vertex 180 -90 10.000001
 endloop
endfacet
facet normal -1 -0 -0
 outer loop
  vertex 180 -80 2.9842795e-13
  vertex 180 -90 10.000001
  vertex 180 -80 10
 endloop
endfacet
facet normal -0 -1 -0
 outer loop
  vertex 40 -50 2.4158453e-13
  vertex 50 -50 2.4158453e-13
  vertex 50 -50 10
 endloop
endfacet
facet normal 0 -1 -0
 outer loop
  vertex 40 -50 2.4158453e-13
  vertex 50 -50 10
  vertex 40 -50 10
 endloop
endfacet
facet normal -1 0 0
 outer loop
  vertex 20 -170 4.689582e-13
  vertex 20 -180 7.5497974e-07
  vertex 20 -180 10.000001
 endloop
endfacet
facet normal -1 -0 -0
 outer loop
  vertex 20 -170 4.689582e-13
  vertex 20 -180 10.000001
  vertex 20 -170 10
 endloop
endfacet
facet normal -1 0 0
 outer loop
  vertex 170 -80 2.9842795e-13
  vertex 170 -90 7.549793e-07
  vertex 170 -90 10.000001
 endloop
endfacet
facet normal -1 -0 -0
 outer loop
  vertex 170 -80 2.9842795e-13
  vertex 170 -90 10.000001
  vertex 170 -80 10
 endloop
endfacet
facet normal -0 -1 -0
 outer loop
  vertex 30 -190 1.4210855e-14
  vertex 40 -190 1.4210855e-14
  vertex 40 -190 10
 endloop
endfacet
facet normal 0 -1 -0
 outer loop
  vertex 30 -190 1.4210855e-14
  vertex 40 -190 10
  vertex 30 -190 10
 endloop
endfacet
facet normal -1 0 0
 outer loop
  vertex 50 -20 1.4210855e-14
  vertex 50 -30 7.549793e-07
  vertex 50 -30 10.000001
 endloop
endfacet
facet normal -1 -0 -0
 outer loop
  vertex 50 -20 1.4210855e-14
  vertex 50 -30 10.000001
  vertex 50 -20 10
 endloop
endfacet
facet normal -0 -1 -0
 outer loop
  vertex 100 -90 1.4210855e-14
  vertex 110 -90 1.4210855e-14
  vertex 110 -90 10
 endloop
endfacet
facet normal 0 -1 -0
 outer loop
  vertex 100 -90 1.4210855e-14
  vertex 110 -90 10
  vertex 100 -90 10
 endloop
endfacet
facet normal -1 0 0
 outer loop
  vertex 240 -220 9.237056e-13
  vertex 240 -230 7.5497974e-07
  vertex 240 -230 10.000001
 endloop
endfacet
facet normal -1 -0 -0
 outer loop
  vertex 240 -220 9.237056e-13
  vertex 240 -230 10.000001
  vertex 240 -220 10
 endloop
endfacet
facet normal -1 0 0
 outer loop
  vertex 170 -210 1.4210855e-14
  vertex 170 -220 7.5497974e-07
  vertex 170 -220 10.000001
 endloop
endfacet
facet normal -1 -0 -0
 outer loop
  vertex 170 -210 1.4210855e-14
  vertex 170 -220 10.000001
  vertex 170 -210 10
 endloop
endfacet
facet normal -1 0 0
 outer loop
  vertex 70 -100 1.8474111e-13
  vertex 70 -110 7.5497917e-07
  vertex 70 -110 10.000001
 endloop
endfacet
facet normal -1 -0 -0
 outer loop
  vertex 70 -100 1.8474111e-13
  vertex 70 -110 10.000001
  vertex 70 -100 10
 endloop
endfacet
facet normal -1 0 0
 outer loop
  vertex 220 -20 1.4210855e-14
  vertex 220 -30 7.549793e-07
  vertex 220 -30 10.000001
 endloop
endfacet
facet normal -1 -0 -0
 outer loop
  vertex 220 -20 1.4210855e-14
  vertex 220 -30 10.000001
  vertex 220 -20 10
 endloop
endfacet
facet normal -1 0 0
 outer loop
  vertex 250 -90 1.4210855e-14
  vertex 250 -100 7.54979e-07
  vertex 250 -100 10.000001
 endloop
endfacet
facet normal -1 -0 -0
 outer loop
  vertex 250 -90 1.4210855e-14
  vertex 250 -100 10.000001
  vertex 250 -90 10
 endloop
endfacet
facet normal -1 0 0
 outer loop
  vertex 190 -200 1.4210855e-14
  vertex 190 -210 7.549788e-07
  vertex 190 -210 10
 endloop
endfacet
facet normal -1 -0 -0
 outer loop
  vertex 190 -200 1.4210855e-14
  vertex 190 -210 10
  vertex 190 -200 10
 endloop
endfacet
facet normal -0 -1 -0
 outer loop
  vertex 30 -10 4.689582e-13
  vertex 40 -10 4.689582e-13
  vertex 40 -10 10
 endloop
endfacet
facet normal 0 -1 -0
 outer loop
  vertex 30 -10 4.689582e-13
  vertex 40 -10 10
  vertex 30 -10 10
 endloop
endfacet
facet normal -0 -1 -0
 outer loop
  vertex 120 -170 4.689582e-13
  vertex 130 -170 4.689582e-13
  vertex 130 -170 10
 endloop
endfacet
facet normal 0 -1 -0
 outer loop
  vertex 120 -170 4.689582e-13
  vertex 130 -170 10
  vertex 120 -170 10
 endloop
endfacet
facet normal -0 -1 -0
 outer loop
  vertex 0 -240 9.237056e-13
  vertex 10 -240 9.237056e-13
  vertex 10 -240 10
 endloop
endfacet
facet normal 0 -1 -0
 outer loop
  vertex 0 -240 9.237056e-13
  vertex 10 -240 10
  vertex 0 -240 10
 endloop
endfacet
facet normal -1 0 0
 outer loop
  vertex 60 -10 4.689582e-13
  vertex 60 -20 7.549793e-07
  vertex 60 -20 10
 endloop
endfacet
facet normal -1 -0 -0
 outer loop
  vertex 60 -10 4.689582e-13
  vertex 60 -20 10
  vertex 60 -10 10
 endloop
endfacet
facet normal -1 0 0
 outer loop
  vertex 0 -50 2.4158453e-13
  vertex 0 -60 7.549793e-07
  vertex 0 -60 10.000001
 endloop
endfacet
facet normal -1 -0 -0
 outer loop
  vertex 0 -50 2.4158453e-13
  vertex 0 -60 10.000001
  vertex 0 -50 10
 endloop
endfacet
facet normal -0 -1 -0
 outer loop
  vertex 180 0 1.4210855e-14
  vertex 190 0 1.4210855e-14
  vertex 190 0 10
 endloop
endfacet
facet normal 0 -1 -0
 outer loop
  vertex 180 0 1.4210855e-14
  vertex 190 0 10
  vertex 180 0 10
 endloop
endfacet
facet normal -1 0 0
 outer loop
  vertex 210 -110 3.5527137e-13
  vertex 210 -120 7.549793e-07
  vertex 210 -120 10
 endloop
endfacet
facet normal -1 -0 -0
 outer loop
  vertex 210 -110 3.5527137e-13
  vertex 210 -120 10
  vertex 210 -110 10
 endloop
endfacet
facet normal -1 0 0
 outer loop
  vertex 220 -60 4.689582e-13
  vertex 220 -70 7.549794e-07
  vertex 220 -70 10
 endloop
endfacet
facet normal -1 -0 -0
 outer loop
  vertex 220 -60 4.689582e-13
  vertex 220 -70 10
  vertex 220 -60 10
 endloop
endfacet
facet normal -1 0 0
 outer loop
  vertex 110 -230 9.237056e-13
  vertex 110 -240 7.5497974e-07
  vertex 110 -240 10.000001
 endloop
endfacet
facet normal -1 -0 -0
 outer loop
  vertex 110 -230 9.237056e-13
  vertex 110 -240 10.000001
  vertex 110 -230 10
 endloop
endfacet
facet normal -0 -1 -0
 outer loop
  vertex 90 -80 2.9842795e-13
  vertex 100 -80 2.9842795e-13
  vertex 100 -80 10
 endloop
endfacet
facet normal 0 -1 -0
 outer loop
  vertex 90 -80 2.9842795e-13
  vertex 100 -80 10
  vertex 90 -80 10
 endloop
endfacet
facet normal -0 -1 -0
 outer loop
  vertex 50 -200 1.4210855e-14
  vertex 60 -200 1.4210855e-14
  vertex 60 -200 10
 endloop
endfacet
facet normal 0 -1 -0
 outer loop
  vertex 50 -200 1.4210855e-14
  vertex 60 -200 10
  vertex 50 -200 10
 endloop
endfacet
facet normal -0 -1 -0
 outer loop
  vertex 140 0 1.4210855e-14
  vertex 150 0 1.4210855e-14
  vertex 150 0 10
 endloop
endfacet
facet normal 0 -1 -0
 outer loop
  vertex 140 0 1.4210855e-14
  vertex 150 0 10
  vertex 140 0 10
 endloop
endfacet
facet normal -1 0 0
 outer loop
  vertex 20 -80 2.9842795e-13
  vertex 20 -90 7.549793e-07
  vertex 20 -90 10.000001
 endloop
endfacet
facet normal -1 -0 -0
 outer loop
  vertex 20 -80 2.9842795e-13
  vertex 20 -90 10.000001
  vertex 20 -80 10
 endloop
endfacet
facet normal -1 0 0
 outer loop
  vertex 40 -210 1.4210855e-14
  vertex 40 -220 7.5497974e-07
  vertex 40 -220 10.000001
 endloop
endfacet
facet normal -1 -0 -0
 outer loop
  vertex 40 -210 1.4210855e-14
  vertex 40 -220 10.000001
  vertex 40 -210 10
 endloop
endfacet
facet normal -0 -1 -0
 outer loop
  vertex 20 -50 2.4158453e-13
  vertex 30 -50 2.4158453e-13
  vertex 30 -50 10
 endloop
endfacet
facet normal 0 -1 -0
 outer loop
  vertex 20 -50 2.4158453e-13
  vertex 30 -50 10
  vertex 20 -50 10
 endloop
endfacet
facet normal -0 -1 -0
 outer loop
  vertex 30 -250 -8.9528385e-13
  vertex 40 -250 -8.9528385e-13
  vertex 40 -250 10
 endloop
endfacet
facet normal 0 -1 -0
 outer loop
  vertex 30 -250 -8.9528385e-13
  vertex 40 -250 10
  vertex 30 -250 10
 endloop
endfacet
facet normal -1 0 0
 outer loop
  vertex 30 -90 1.4210855e-14
  vertex 30 -100 7.54979e-07
  vertex 30 -100 10.000001
 endloop
endfacet
facet normal -1 -0 -0
 outer loop
  vertex 30 -90 1.4210855e-14
  vertex 30 -100 10.000001
  vertex 30 -90 10
 endloop
endfacet
facet normal -0 -1 -0
 outer loop
  vertex 190 -130 -2.1316282e-13
  vertex 200 -130 -2.1316282e-13
  vertex 200 -130 10
 endloop
endfacet
facet normal 0 -1 -0
 outer loop
  vertex 190 -130 -2.1316282e-13
  vertex 200 -130 10
  vertex 190 -130 10
 endloop
endfacet
facet normal -0 -1 -0
 outer loop
  vertex 40 -160 4.689582e-13
  vertex 50 -160 4.689582e-13
  vertex 50 -160 10
 endloop
endfacet
facet normal 0 -1 -0
 outer loop
  vertex 40 -160 4.689582e-13
  vertex 50 -160 10
  vertex 40 -160 10
 endloop
endfacet
facet normal -1 0 0
 outer loop
  vertex 90 -180 1.4210855e-14
  vertex 90 -190 7.549788e-07
  vertex 90 -190 10.000001
 endloop
endfacet
facet normal -1 -0 -0
 outer loop
  vertex 90 -180 1.4210855e-14
  vertex 90 -190 10.000001
  vertex 90 -180 10
 endloop
endfacet
facet normal -1 0 0
 outer loop
  vertex 150 -180 1.4210855e-14
  vertex 150 -190 7.549788e-07
  vertex 150 -190 10.000001
 endloop
endfacet
facet normal -1 -0 -0
 outer loop
  vertex 150 -180 1.4210855e-14
  vertex 150 -190 10.000001
  vertex 150 -180 10
 endloop
endfacet
facet normal -0 -1 -0
 outer loop
  vertex 0 -230 9.237056e-13
  vertex 10 -230 9.237056e-13
  vertex 10 -230 10
 endloop
endfacet
facet normal 0 -1 -0
 outer loop
  vertex 0 -230 9.237056e-13
  vertex 10 -230 10
  vertex 0 -230 10
 endloop
endfacet
facet normal -1 0 0
 outer loop
  vertex 60 -170 4.689582e-13
  vertex 60 -180 7.5497974e-07
  vertex 60 -180 10.000001
 endloop
endfacet
facet normal -1 -0 -0
 outer loop
  vertex 60 -170 4.689582e-13
  vertex 60 -180 10.000001
  vertex 60 -170 10
 endloop
endfacet
facet normal -0 -1 -0
 outer loop
  vertex 160 -10 4.689582e-13
  vertex 170 -10 4.689582e-13
  vertex 170 -10 10
 endloop
endfacet
facet normal 0 -1 -0
 outer loop
  vertex 160 -10 4.689582e-13
  vertex 170 -10 10
  vertex 160 -10 10
 endloop
endfacet
facet normal -0 -1 -0
 outer loop
  vertex 40 -110 3.5527137e-13
  vertex 50 -110 3.5527137e-13
  vertex 50 -110 10
 endloop
endfacet
facet normal 0 -1 -0
 outer loop
  vertex 40 -110 3.5527137e-13
  vertex 50 -110 10
  vertex 40 -110 10
 endloop
endfacet
facet normal -0 -1 -0
 outer loop
  vertex 150 -70 1.2789769e-13
  vertex 160 -70 1.2789769e-13
  vertex 160 -70 10
 endloop
endfacet
facet normal 0 -1 -0
 outer loop
  vertex 150 -70 1.2789769e-13
  vertex 160 -70 10
  vertex 150 -70 10
 endloop
endfacet
facet normal -1 0 0
 outer loop
  vertex 80 -90 1.4210855e-14
  vertex 80 -100 7.54979e-07
  vertex 80 -100 10.000001
 endloop
endfacet
facet normal -1 -0 -0
 outer loop
  vertex 80 -90 1.4210855e-14
  vertex 80 -100 10.000001
  vertex 80 -90 10
 endloop
endfacet
facet normal -0 -1 -0
 outer loop
  vertex 100 -80 2.9842795e-13
  vertex 110 -80 2.9842795e-13
  vertex 110 -80 10
 endloop
endfacet
facet normal 0 -1 -0
 outer loop
  vertex 100 -80 2.9842795e-13
  vertex 110 -80 10
  vertex 100 -80 10
 endloop
endfacet
facet normal -1 0 0
 outer loop
  vertex 220 -200 1.4210855e-14
  vertex 220 -210 7.549788e-07
  vertex 220 -210 10
 endloop
endfacet
facet normal -1 -0 -0
 outer loop
  vertex 220 -200 1.4210855e-14
  vertex 220 -210 10
  vertex 220 -200 10
 endloop
endfacet
facet normal -0 -1 -0
 outer loop
  vertex 140 -240 9.237056e-13
  vertex 150 -240 9.237056e-13
  vertex 150 -240 10
 endloop
endfacet
facet normal 0 -1 -0
 outer loop
  vertex 140 -240 9.237056e-13
  vertex 150 -240 10
  vertex 140 -240 10
 endloop
endfacet
facet normal -1 0 0
 outer loop
  vertex 240 -40 2.4158453e-13
  vertex 240 -50 7.549793e-07
  vertex 240 -50 10.000001
 endloop
endfacet
facet normal -1 -0 -0
 outer loop
  vertex 240 -40 2.4158453e-13
  vertex 240 -50 10.000001
  vertex 240 -40 10
 endloop
endfacet
facet normal -1 0 0
 outer loop
  vertex 100 -50 2.4158453e-13
  vertex 100 -60 7.549793e-07
  vertex 100 -60 10.000001
 endloop
endfacet
facet normal -1 -0 -0
 outer loop
  vertex 100 -50 2.4158453e-13
  vertex 100 -60 10.000001
  vertex 100 -50 10
 endloop
endfacet
facet normal -0 -1 -0
 outer loop
  vertex 210 -180 1.4210855e-14
  vertex 220 -180 1.4210855e-14
  vertex 220 -180 10
 endloop
endfacet
facet normal 0 -1 -0
 outer loop
  vertex 210 -180 1.4210855e-14
  vertex 220 -180 10
  vertex 210 -180 10
 endloop
endfacet
facet normal -0 -1 -0
 outer loop
  vertex 50 -50 2.4158453e-13
  vertex 60 -50 2.4158453e-13
  vertex 60 -50 10
 endloop
endfacet
facet normal 0 -1 -0
 outer loop
  vertex 50 -50 2.4158453e-13
  vertex 60 -50 10
  vertex 50 -50 10
 endloop
endfacet
facet normal -0 -1 -0
 outer loop
  vertex 120 -120 4.689582e-13
  vertex 130 -120 4.689582e-13
  vertex 130 -120 10
 endloop
endfacet
facet normal 0 -1 -0
 outer loop
  vertex 120 -120 4.689582e-13
  vertex 130 -120 10
  vertex 120 -120 10
 endloop
endfacet
facet normal -0 -1 -0
 outer loop
  vertex 0 -210 1.4210855e-14
  vertex 10 -210 1.4210855e-14
  vertex 10 -210 10
 endloop
endfacet
facet normal 0 -1 -0
 outer loop
  vertex 0 -210 1.4210855e-14
  vertex 10 -210 10
  vertex 0 -210 10
 endloop
endfacet
facet normal -1 0 0
 outer loop
  vertex 130 -80 2.9842795e-13
  vertex 130 -90 7.549793e-07
  vertex 130 -90 10.000001
 endloop
endfacet
facet normal -1 -0 -0
 outer loop
  vertex 130 -80 2.9842795e-13
  vertex 130 -90 10.000001
  vertex 130 -80 10
 endloop
endfacet
facet normal -1 0 0
 outer loop
  vertex 50 -140 1.4210855e-14
  vertex 50 -150 7.549788e-07
  vertex 50 -150 10.000001
 endloop
endfacet
facet normal -1 -0 -0
 outer loop
  vertex 50 -140 1.4210855e-14
  vertex 50 -150 10.000001
  vertex 50 -140 10
 endloop
endfacet
facet normal -0 -1 -0
 outer loop
  vertex 60 -130 -2.1316282e-13
  vertex 70 -130 -2.1316282e-13
  vertex 70 -130 10
 endloop
endfacet
facet normal 0 -1 -0
 outer loop
  vertex 60 -130 -2.1316282e-13
  vertex 70 -130 10
  vertex 60 -130 10
 endloop
endfacet
facet normal -1 0 0
 outer loop
  vertex 160 -200 1.4210855e-14
  vertex 160 -210 7.549788e-07
  vertex 160 -210 10
 endloop
endfacet
facet normal -1 -0 -0
 outer loop
  vertex 160 -200 1.4210855e-14
  vertex 160 -210 10
  vertex 160 -200 10
 endloop
endfacet
facet normal -1 0 0
 outer loop
  vertex 70 -70 1.2789769e-13
  vertex 70 -80 7.549791e-07
  vertex 70 -80 10.000001
 endloop
endfacet
facet normal -1 -0 -0
 outer loop
  vertex 70 -70 1.2789769e-13
  vertex 70 -80 10.000001
  vertex 70 -70 10
 endloop
endfacet
facet normal -1 0 0
 outer loop
  vertex 120 -110 3.5527137e-13
  vertex 120 -120 7.549793e-07
  vertex 120 -120 10
 endloop
endfacet
facet normal -1 -0 -0
 outer loop
  vertex 120 -110 3.5527137e-13
  vertex 120 -120 10
  vertex 120 -110 10
 endloop
endfacet
facet normal -1 0 0
 outer loop
  vertex 90 -130 -2.1316282e-13
  vertex 90 -140 7.549788e-07
  vertex 90 -140 10.000001
 endloop
endfacet
facet normal -1 -0 -0
 outer loop
  vertex 90 -130 -2.1316282e-13
  vertex 90 -140 10.000001
  vertex 90 -130 10
 endloop
endfacet
facet normal -0 -1 -0
 outer loop
  vertex 20 -40 2.4158453e-13
  vertex 30 -40 2.4158453e-13
  vertex 30 -40 10
 endloop
endfacet
facet normal 0 -1 -0
 outer loop
  vertex 20 -40 2.4158453e-13
  vertex 30 -40 10
  vertex 20 -40 10
 endloop
endfacet
facet normal -1 0 0
 outer loop
  vertex 210 -140 1.4210855e-14
  vertex 210 -150 7.549788e-07
  vertex 210 -150 10.000001
 endloop
endfacet
facet normal -1 -0 -0
 outer loop
  vertex 210 -140 1.4210855e-14
  vertex 210 -150 10.000001
  vertex 210 -140 10
 endloop
endfacet
facet normal -1 0 0
 outer loop
  vertex 200 -220 9.237056e-13
  vertex 200 -230 7.5497974e-07
  vertex 200 -230 10.000001
 endloop
endfacet
facet normal -1 -0 -0
 outer loop
  vertex 200 -220 9.237056e-13
  vertex 200 -230 10.000001
  vertex 200 -220 10
 endloop
endfacet
facet normal -1 0 0
 outer loop
  vertex 220 -120 4.689582e-13
  vertex 220 -130 7.549795e-07
  vertex 220 -130 10.000001
 endloop
endfacet
facet normal -1 -0 -0
 outer loop
  vertex 220 -120 4.689582e-13
  vertex 220 -130 10.000001
  vertex 220 -120 10
 endloop
endfacet
facet normal -1 0 0
 outer loop
  vertex 20 -170 4.689582e-13
  vertex 20 -180 7.5497974e-07
  vertex 20 -180 10.000001
 endloop
endfacet
facet normal -1 -0 -0
 outer loop
  vertex 20 -170 4.689582e-13
  vertex 20 -180 10.000001
  vertex 20 -170 10
 endloop
endfacet
facet normal -1 0 0
 outer loop
  vertex 90 -110 3.5527137e-13
  vertex 90 -120 7.549793e-07
  vertex 90 -120 10
 endloop
endfacet
facet normal -1 -0 -0
 outer loop
  vertex 90 -110 3.5527137e-13
  vertex 90 -120 10
  vertex 90 -110 10
 endloop
endfacet
facet normal -0 -1 -0
 outer loop
  vertex 80 -90 1.4210855e-14
  vertex 90 -90 1.4210855e-14
  vertex 90 -90 10
 endloop
endfacet
facet normal 0 -1 -0
 outer loop
  vertex 80 -90 1.4210855e-14
  vertex 90 -90 10
  vertex 80 -90 10
 endloop
endfacet
facet normal -1 0 0
 outer loop
  vertex 170 -160 4.689582e-13
  vertex 170 -170 7.549793e-07
  vertex 170 -170 10
 endloop
endfacet
facet normal -1 -0 -0
 outer loop
  vertex 170 -160 4.689582e-13
  vertex 170 -170 10
  vertex 170 -160 10
 endloop
endfacet
facet normal -0 -1 -0
 outer loop
  vertex 180 -50 2.4158453e-13
  vertex 190 -50 2.4158453e-13
  vertex 190 -50 10
 endloop
endfacet
facet normal 0 -1 -0
 outer loop
  vertex 180 -50 2.4158453e-13
  vertex 190 -50 10
  vertex 180 -50 10
 endloop
endfacet
facet normal -1 0 0
 outer loop
  vertex 100 -100 1.8474111e-13
  vertex 100 -110 7.5497917e-07
  vertex 100 -110 10.000001
 endloop
endfacet
facet normal -1 -0 -0
 outer loop
  vertex 100 -100 1.8474111e-13
  vertex 100 -110 10.000001
  vertex 100 -100 10
 endloop
endfacet
facet normal -0 -1 -0
 outer loop
  vertex 150 -170 4.689582e-13
  vertex 160 -170 4.689582e-13
  vertex 160 -170 10
 endloop
endfacet
facet normal 0 -1 -0
 outer loop
  vertex 150 -170 4.689582e-13
  vertex 160 -170 10
  vertex 150 -170 10
 endloop
endfacet
facet normal -0 -1 -0
 outer loop
  vertex 20 -130 -2.1316282e-13
  vertex 30 -130 -2.1316282e-13
  vertex 30 -130 10
 endloop
endfacet
facet normal 0 -1 -0
 outer loop
  vertex 20 -130 -2.1316282e-13
  vertex 30 -130 10
  vertex 20 -130 10
 endloop
endfacet
facet normal -0 -1 -0
 outer loop
  vertex 30 -40 2.4158453e-13
  vertex 40 -40 2.4158453e-13
  vertex 40 -40 10
 endloop
endfacet
facet normal 0 -1 -0
 outer loop
  vertex 30 -40 2.4158453e-13
  vertex 40 -40 10
  vertex 30 -40 10
 endloop
endfacet
facet normal -1 0 0
 outer loop
  vertex 50 -230 9.237056e-13
  vertex 50 -240 7.5497974e-07
  vertex 50 -240 10.000001
 endloop
endfacet
facet normal -1 -0 -0
 outer loop
  vertex 50 -230 9.237056e-13
  vertex 50 -240 10.000001
  vertex 50 -230 10
 endloop
endfacet
facet normal -0 -1 -0
 outer loop
  vertex 190 -170 4.689582e-13
  vertex 200 -170 4.689582e-13
  vertex 200 -170 10
 endloop
endfacet
facet normal 0 -1 -0
 outer loop
  vertex 190 -170 4.689582e-13
  vertex 200 -170 10
  vertex 190 -170 10
 endloop
endfacet
facet normal -0 -1 -0
 outer loop
  vertex 170 -20 1.4210855e-14
  vertex 180 -20 1.4210855e-14
  vertex 180 -20 10
 endloop
endfacet
facet normal 0 -1 -0
 outer loop
  vertex 170 -20 1.4210855e-14
  vertex 180 -20 10
  vertex 170 -20 10
 endloop
endfacet
facet normal -0 -1 -0
 outer loop
  vertex 0 -20 1.4210855e-14
  vertex 10 -20 1.4210855e-14
  vertex 10 -20 10
 endloop
endfacet
facet normal 0 -1 -0
 outer loop
  vertex 0 -20 1.4210855e-14
  vertex 10 -20 10
  vertex 0 -20 10
 endloop
endfacet
facet normal -0 -1 -0
 outer loop
  vertex 20 -170 4.689582e-13
  vertex 30 -170 4.689582e-13
  vertex 30 -170 10
 endloop
endfacet
facet normal 0 -1 -0
 outer loop
  vertex 20 -170 4.689582e-13
  vertex 30 -170 10
  vertex 20 -170 10
 endloop
endfacet
facet normal -0 -1 -0
 outer loop
  vertex 240 -180 1.4210855e-14
  vertex 250 -180 1.4210855e-14
  vertex 250 -180 10
 endloop
endfacet
facet normal 0 -1 -0
 outer loop
  vertex 240 -180 1.4210855e-14
  vertex 250 -180 10
  vertex 240 -180 10
 endloop
endfacet
facet normal -0 -1 -0
 outer loop
  vertex 50 -160 4.689582e-13
  vertex 60 -160 4.689582e-13
  vertex 60 -160 10
 endloop
endfacet
facet normal 0 -1 -0
 outer loop
  vertex 50 -160 4.689582e-13
  vertex 60 -160 10
  vertex 50 -160 10
 endloop
endfacet
facet normal -0 -1 -0
 outer loop
  vertex 180 -250 -8.9528385e-13
  vertex 190 -250 -8.9528385e-13
  vertex 190 -250 10
 endloop
endfacet
facet normal 0 -1 -0
 outer loop
  vertex 180 -250 -8.9528385e-13
  vertex 190 -250 10
  vertex 180 -250 10
 endloop
endfacet
facet normal -0 -1 -0
 outer loop
  vertex 130 -200 1.4210855e-14
  vertex 140 -200 1.4210855e-14
  vertex 140 -200 10
 endloop
endfacet
facet normal 0 -1 -0
 outer loop
  vertex 130 -200 1.4210855e-14
  vertex 140 -200 10
  vertex 130 -200 10
 endloop
endfacet
facet normal -1 0 0
 outer loop
  vertex 210 -50 2.4158453e-13
  vertex 210 -60 7.549793e-07
  vertex 210 -60 10.000001
 endloop
endfacet
facet normal -1 -0 -0
 outer loop
  vertex 210 -50 2.4158453e-13
  vertex 210 -60 10.000001
  vertex 210 -50 10
 endloop
endfacet
facet normal -0 -1 -0
 outer loop
  vertex 240 -210 1.4210855e-14
  vertex 250 -210 1.4210855e-14
  vertex 250 -210 10
 endloop
endfacet
facet normal 0 -1 -0
 outer loop
  vertex 240 -210 1.4210855e-14
  vertex 250 -210 10
  vertex 240 -210 10
 endloop
endfacet
facet normal -1 0 0
 outer loop
  vertex 40 -90 1.4210855e-14
  vertex 40 -100 7.54979e-07
  vertex 40 -100 10.000001
 endloop
endfacet
facet normal -1 -0 -0
 outer loop
  vertex 40 -90 1.4210855e-14
  vertex 40 -100 10.000001
  vertex 40 -90 10
 endloop
endfacet
facet normal -0 -1 -0
 outer loop
  vertex 70 -200 1.4210855e-14
  vertex 80 -200 1.4210855e-14
  vertex 80 -200 10
 endloop
endfacet
facet normal 0 -1 -0
 outer loop
  vertex 70 -200 1.4210855e-14
  vertex 80 -200 10
  vertex 70 -200 10
 endloop
endfacet
facet normal -1 0 0
 outer loop
  vertex 40 -150 1.4210855e-14
  vertex 40 -160 7.549793e-07
  vertex 40 -160 10.000001
 endloop
endfacet
facet normal -1 -0 -0
 outer loop
  vertex 40 -150 1.4210855e-14
  vertex 40 -160 10.000001
  vertex 40 -150 10
 endloop
endfacet
facet normal -1 0 0
 outer loop
  vertex 130 -20 1.4210855e-14
  vertex 130 -30 7.549793e-07
  vertex 130 -30 10.000001
 endloop
endfacet
facet normal -1 -0 -0
 outer loop
  vertex 130 -20 1.4210855e-14
  vertex 130 -30 10.000001
  vertex 130 -20 10
 endloop
endfacet
facet normal -1 0 0
 outer loop
  vertex 240 -240 9.237056e-13
  vertex 240 -250 7.5497974e-07
  vertex 240 -250 10.000001
 endloop
endfacet
facet normal -1 -0 -0
 outer loop
  vertex 240 -240 9.237056e-13
  vertex 240 -250 10.000001
  vertex 240 -240 10
 endloop
endfacet
facet normal -1 0 0
 outer loop
  vertex 90 -140 1.4210855e-14
  vertex 90 -150 7.549788e-07
  vertex 90 -150 10.000001
 endloop
endfacet
facet normal -1 -0 -0
 outer loop
  vertex 90 -140 1.4210855e-14
  vertex 90 -150 10.000001
  vertex 90 -140 10
 endloop
endfacet
facet normal -1 0 0
 outer loop
  vertex 10 -90 1.4210855e-14
  vertex 10 -100 7.54979e-07
  vertex 10 -100 10.000001
 endloop
endfacet
facet normal -1 -0 -0
 outer loop
  vertex 10 -90 1.4210855e-14
  vertex 10 -100 10.000001
  vertex 10 -90 10
 endloop
endfacet
facet normal -0 -1 -0
 outer loop
  vertex 50 -80 2.9842795e-13
  vertex 60 -80 2.9842795e-13
  vertex 60 -80 10
 endloop
endfacet
facet normal 0 -1 -0
 outer loop
  vertex 50 -80 2.9842795e-13
  vertex 60 -80 10
  vertex 50 -80 10
 endloop
endfacet
facet normal -1 0 0
 outer loop
  vertex 30 -60 4.689582e-13
  vertex 30 -70 7.549794e-07
  vertex 30 -70 10
 endloop
endfacet
facet normal -1 -0 -0
 outer loop
  vertex 30 -60 4.689582e-13
  vertex 30 -70 10
  vertex 30 -60 10
 endloop
endfacet
facet normal -1 0 0
 outer loop
  vertex 210 -80 2.9842795e-13
  vertex 210 -90 7.549793e-07
  vertex 210 -90 10.000001
 endloop
endfacet
facet normal -1 -0 -0
 outer loop
  vertex 210 -80 2.9842795e-13
  vertex 210 -90 10.000001
  vertex 210 -80 10
 endloop
endfacet
facet normal -0 -1 -0
 outer loop
  vertex 0 -230 9.237056e-13
  vertex 10 -230 9.237056e-13
  vertex 10 -230 10
 endloop
endfacet
facet normal 0 -1 -0
 outer loop
  vertex 0 -230 9.237056e-13
  vertex 10 -230 10
  vertex 0 -230 10
 endloop
endfacet
facet normal -0 -1 -0
 outer loop
  vertex 140 -40 2.4158453e-13
  vertex 150 -40 2.4158453e-13
  vertex 150 -40 10
 endloop
endfacet
facet normal 0 -1 -0
 outer loop
  vertex 140 -40 2.4158453e-13
  vertex 150 -40 10
  vertex 140 -40 10
 endloop
endfacet
facet normal -1 0 0
 outer loop
  vertex 220 -30 4.689582e-13
  vertex 220 -40 7.549793e-07
  vertex 220 -40 10.000001
 endloop
endfacet
facet normal -1 -0 -0
 outer loop
  vertex 220 -30 4.689582e-13
  vertex 220 -40 10.000001
  vertex 220 -30 10
 endloop
endfacet
facet normal -1 0 0
 outer loop
  vertex 140 -130 -2.1316282e-13
  vertex 140 -140 7.549788e-07
  vertex 140 -140 10.000001
 endloop
endfacet
facet normal -1 -0 -0
 outer loop
  vertex 140 -130 -2.1316282e-13
  vertex 140 -140 10.000001
  vertex 140 -130 10
 endloop
endfacet
facet normal -1 0 0
 outer loop
  vertex 70 -70 1.2789769e-13
  vertex 70 -80 7.549791e-07
  vertex 70 -80 10.000001
 endloop
endfacet
facet normal -1 -0 -0
 outer loop
  vertex 70 -70 1.2789769e-13
  vertex 70 -80 10.000001
  vertex 70 -70 10
 endloop
endfacet
facet normal -1 0 0
 outer loop
  vertex 80 -90 1.4210855e-14
  vertex 80 -100 7.54979e-07
  vertex 80 -100 10.000001
 endloop
endfacet
facet normal -1 -0 -0
 outer loop
  vertex 80 -90 1.4210855e-14
  vertex 80 -100 10.000001
  vertex 80 -90 10
 endloop
endfacet
facet normal -1 0 0
 outer loop
  vertex 40 -50 2.4158453e-13
  vertex 40 -60 7.549793e-07
  vertex 40 -60 10.000001
 endloop
endfacet
facet normal -1 -0 -0
 outer loop
  vertex 40 -50 2.4158453e-13
  vertex 40 -60 10.000001
  vertex 40 -50 10
 endloop
endfacet
facet normal -0 -1 -0
 outer loop
  vertex 80 -240 9.237056e-13
  vertex 90 -240 9.237056e-13
  vertex 90 -240 10
 endloop
endfacet
facet normal 0 -1 -0
 outer loop
  vertex 80 -240 9.237056e-13
  vertex 90 -240 10
  vertex 80 -240 10
 endloop
endfacet
facet normal -0 -1 -0
 outer loop
  vertex 0 -80 2.9842795e-13
  vertex 10 -80 2.9842795e-13
  vertex 10 -80 10
 endloop
endfacet
facet normal 0 -1 -0
 outer loop
  vertex 0 -80 2.9842795e-13
  vertex 10 -80 10
  vertex 0 -80 10
 endloop
endfacet
facet normal -0 -1 -0
 outer loop
  vertex 170 -50 2.4158453e-13
  vertex 180 -50 2.4158453e-13
  vertex 180 -50 10
 endloop
endfacet
facet normal 0 -1 -0
 outer loop
  vertex 170 -50 2.4158453e-13
  vertex 180 -50 10
  vertex 170 -50 10
 endloop
endfacet
facet normal -1 0 0
 outer loop
  vertex 140 -50 2.4158453e-13
  vertex 140 -60 7.549793e-07
  vertex 140 -60 10.000001
 endloop
endfacet
facet normal -1 -0 -0
 outer loop
  vertex 140 -50 2.4158453e-13
  vertex 140 -60 10.000001
  vertex 140 -50 10
 endloop
endfacet
facet normal -1 0 0
 outer loop
  vertex 60 -190 1.4210855e-14
  vertex 60 -200 7.549788e-07
  vertex 60 -200 10.000001
 endloop
endfacet
facet normal -1 -0 -0
 outer loop
  vertex 60 -190 1.4210855e-14
  vertex 60 -200 10.000001
  vertex 60 -190 10
 endloop
endfacet
facet normal -1 0 0
 outer loop
  vertex 140 -230 9.237056e-13
  vertex 140 -240 7.5497974e-07
  vertex 140 -240 10.000001
 endloop
endfacet
facet normal -1 -0 -0
 outer loop
  vertex 140 -230 9.237056e-13
  vertex 140 -240 10.000001
  vertex 140 -230 10
 endloop
endfacet
facet normal -0 -1 -0
 outer loop
  vertex 20 -230 9.237056e-13
  vertex 30 -230 9.237056e-13
  vertex 30 -230 10
 endloop
endfacet
facet normal 0 -1 -0
 outer loop
  vertex 20 -230 9.237056e-13
  vertex 30 -230 10
  vertex 20 -230 10
 endloop
endfacet
facet normal -1 0 0
 outer loop
  vertex 60 -220 9.237056e-13
  vertex 60 -230 7.5497974e-07
  vertex 60 -230 10.000001
 endloop
endfacet
facet normal -1 -0 -0
 outer loop
  vertex 60 -220 9.237056e-13
  vertex 60 -230 10.000001
  vertex 60 -220 10
 endloop
endfacet
facet normal -1 0 0
 outer loop
  vertex 120 -150 1.4210855e-14
  vertex 120 -160 7.549793e-07
  vertex 120 -160 10.000001
 endloop
endfacet
facet normal -1 -0 -0
 outer loop
  vertex 120 -150 1.4210855e-14
  vertex 120 -160 10.000001
  vertex 120 -150 10
 endloop
endfacet
facet normal -1 0 0
 outer loop
  vertex 160 -120 4.689582e-13
  vertex 160 -130 7.549795e-07
  vertex 160 -130 10.000001
 endloop
endfacet
facet normal -1 -0 -0
 outer loop
  vertex 160 -120 4.689582e-13
  vertex 160 -130 10.000001
  vertex 160 -120 10
 endloop
endfacet
facet normal -1 0 0
 outer loop
  vertex 70 -170 4.689582e-13
  vertex 70 -180 7.5497974e-07
  vertex 70 -180 10.000001
 endloop
endfacet
facet normal -1 -0 -0
 outer loop
  vertex 70 -170 4.689582e-13
  vertex 70 -180 10.000001
  vertex 70 -170 10
 endloop
endfacet
facet normal -0 -1 -0
 outer loop
  vertex 220 -170 4.689582e-13
  vertex 230 -170 4.689582e-13
  vertex 230 -170 10
 endloop
endfacet
facet normal 0 -1 -0
 outer loop
  vertex 220 -170 4.689582e-13
  vertex 230 -170 10
  vertex 220 -170 10
 endloop
endfacet
facet normal -0 -1 -0
 outer loop
  vertex 70 -60 4.689582e-13
  vertex 80 -60 4.689582e-13
  vertex 80 -60 10
 endloop
endfacet
facet normal 0 -1 -0
 outer loop
  vertex 70 -60 4.689582e-13
  vertex 80 -60 10
  vertex 70 -60 10
 endloop
endfacet
facet normal -0 -1 -0
 outer loop
  vertex 230 -120 4.689582e-13
  vertex 240 -120 4.689582e-13
  vertex 240 -120 10
 endloop
endfacet
facet normal 0 -1 -0
 outer loop
  vertex 230 -120 4.689582e-13
  vertex 240 -120 10
  vertex 230 -120 10
 endloop
endfacet
facet normal -0 -1 -0
 outer loop
  vertex 110 -50 2.4158453e-13
  vertex 120 -50 2.4158453e-13
  vertex 120 -50 10
 endloop
endfacet
facet normal 0 -1 -0
 outer loop
  vertex 110 -50 2.4158453e-13
  vertex 120 -50 10
  vertex 110 -50 10
 endloop
endfacet
facet normal -1 0 0
 outer loop
  vertex 240 -120 4.689582e-13
  vertex 240 -130 7.549795e-07
  vertex 240 -130 10.000001
 endloop
endfacet
facet normal -1 -0 -0
 outer loop
  vertex 240 -120 4.689582e-13
  vertex 240 -130 10.000001
  vertex 240 -120 10
 endloop
endfacet
facet normal -0 -1 -0
 outer loop
  vertex 30 -20 1.4210855e-14
  vertex 40 -20 1.4210855e-14
  vertex 40 -20 10
 endloop
endfacet
facet normal 0 -1 -0
 outer loop
  vertex 30 -20 1.4210855e-14
  vertex 40 -20 10
  vertex 30 -20 10
 endloop
endfacet
facet normal -1 0 0
 outer loop
  vertex 110 -130 -2.1316282e-13
  vertex 110 -140 7.549788e-07
  vertex 110 -140 10.000001
 endloop
endfacet
facet normal -1 -0 -0
 outer loop
  vertex 110 -130 -2.1316282e-13
  vertex 110 -140 10.000001
  vertex 110 -130 10
 endloop
endfacet
facet normal -1 0 0
 outer loop
  vertex 150 -60 4.689582e-13
  vertex 150 -70 7.549794e-07
  vertex 150 -70 10
 endloop
endfacet
facet normal -1 -0 -0
 outer loop
  vertex 150 -60 4.689582e-13
  vertex 150 -70 10
  vertex 150 -60 10
 endloop
endfacet
facet normal -1 0 0
 outer loop
  vertex 210 -230 9.237056e-13
  vertex 210 -240 7.5497974e-07
  vertex 210 -240 10.000001
 endloop
endfacet
facet normal -1 -0 -0
 outer loop
  vertex 210 -230 9.237056e-13
  vertex 210 -240 10.000001
  vertex 210 -230 10
 endloop
endfacet
facet normal -0 -1 -0
 outer loop
  vertex 0 -40 2.4158453e-13
  vertex 10 -40 2.4158453e-13
  vertex 10 -40 10
 endloop
endfacet
facet normal 0 -1 -0
 outer loop
  vertex 0 -40 2.4158453e-13
  vertex 10 -40 10
  vertex 0 -40 10
 endloop
endfacet
facet normal -0 -1 -0
 outer loop
  vertex 160 -110 3.5527137e-13
  vertex 170 -110 3.5527137e-13
  vertex 170 -110 10
 endloop
endfacet
facet normal 0 -1 -0
 outer loop
  vertex 160 -110 3.5527137e-13
  vertex 170 -110 10
  vertex 160 -110 10
 endloop
endfacet
facet normal -0 -1 -0
 outer loop
  vertex 0 -160 4.689582e-13
  vertex 10 -160 4.689582e-13
  vertex 10 -160 10
 endloop
endfacet
facet normal 0 -1 -0
 outer loop
  vertex 0 -160 4.689582e-13
  vertex 10 -160 10
  vertex 0 -160 10
 endloop
endfacet
facet normal -0 -1 -0
 outer loop
  vertex 240 -150 1.4210855e-14
  vertex 250 -150 1.4210855e-14
  vertex 250 -150 10
 endloop
endfacet
facet normal 0 -1 -0
 outer loop
  vertex 240 -150 1.4210855e-14
  vertex 250 -150 10
  vertex 240 -150 10
 endloop
endfacet
facet normal -0 -1 -0
 outer loop
  vertex 10 -190 1.4210855e-14
  vertex 20 -190 1.4210855e-14
  vertex 20 -190 10
 endloop
endfacet
facet normal 0 -1 -0
 outer loop
  vertex 10 -190 1.4210855e-14
  vertex 20 -190 10
  vertex 10 -190 10
 endloop
endfacet
facet normal -1 0 0
 outer loop
  vertex 100 -220 9.237056e-13
  vertex 100 -230 7.5497974e-07
  vertex 100 -230 10.000001
 endloop
endfacet
facet normal -1 -0 -0
 outer loop
  vertex 100 -220 9.237056e-13
  vertex 100 -230 10.000001
  vertex 100 -220 10
 endloop
endfacet
facet normal -1 0 0
 outer loop
  vertex 120 -200 1.4210855e-14
  vertex 120 -210 7.549788e-07
  vertex 120 -210 10
 endloop
endfacet
facet normal -1 -0 -0
 outer loop
  vertex 120 -200 1.4210855e-14
  vertex 120 -210 10
  vertex 120 -200 10
 endloop
endfacet
facet normal -1 0 0
 outer loop
  vertex 110 -230 9.237056e-13
  vertex 110 -240 7.5497974e-07
  vertex 110 -240 10.000001
 endloop
endfacet
facet normal -1 -0 -0
 outer loop
  vertex 110 -230 9.237056e-13
  vertex 110 -240 10.000001
  vertex 110 -230 10
 endloop
endfacet
facet normal -0 -1 -0
 outer loop
  vertex 110 -210 1.4210855e-14
  vertex 120 -210 1.4210855e-14
  vertex 120 -210 10
 endloop
endfacet
facet normal 0 -1 -0
 outer loop
  vertex 110 -210 1.4210855e-14
  vertex 120 -210 10
  vertex 110 -210 10
 endloop
endfacet
facet normal -1 0 0
 outer loop
  vertex 20 -130 -2.1316282e-13
  vertex 20 -140 7.549788e-07
  vertex 20 -140 10.000001
 endloop
endfacet
facet normal -1 -0 -0
 outer loop
  vertex 20 -130 -2.1316282e-13
  vertex 20 -140 10.000001
  vertex 20 -130 10
 endloop
endfacet
facet normal -0 -1 -0
 outer loop
  vertex 30 -160 4.689582e-13
  vertex 40 -160 4.689582e-13
  vertex 40 -160 10
 endloop
endfacet
facet normal 0 -1 -0
 outer loop
  vertex 30 -160 4.689582e-13
  vertex 40 -160 10
  vertex 30 -160 10
 endloop
endfacet
facet normal -0 -1 -0
 outer loop
  vertex 50 -130 -2.1316282e-13
  vertex 60 -130 -2.1316282e-13
  vertex 60 -130 10
 endloop
endfacet
facet normal 0 -1 -0
 outer loop
  vertex 50 -130 -2.1316282e-13
  vertex 60 -130 10
  vertex 50 -130 10
 endloop
endfacet
facet normal -0 -1 -0
 outer loop
  vertex 40 -200 1.4210855e-14
  vertex 50 -200 1.4210855e-14
  vertex 50 -200 10
 endloop
endfacet
facet normal 0 -1 -0
 outer loop
  vertex 40 -200 1.4210855e-14
  vertex 50 -200 10
  vertex 40 -200 10
 endloop
endfacet
facet normal -0 -1 -0
 outer loop
  vertex 180 -130 -2.1316282e-13
  vertex 190 -130 -2.1316282e-13
  vertex 190 -130 10
 endloop
endfacet
facet normal 0 -1 -0
 outer loop
  vertex 180 -130 -2.1316282e-13
  vertex 190 -130 10
  vertex 180 -130 10
 endloop
endfacet
facet normal -0 -1 -0
 outer loop
  vertex 200 -240 9.237056e-13
  vertex 210 -240 9.237056e-13
  vertex 210 -240 10
 endloop
endfacet
facet normal 0 -1 -0
 outer loop
  vertex 200 -240 9.237056e-13
  vertex 210 -240 10
  vertex 200 -240 10
 endloop
endfacet
facet normal -1 0 0
 outer loop
  vertex 120 -90 1.4210855e-14
  vertex 120 -100 7.54979e-07
  vertex 120 -100 10.000001
 endloop
endfacet
facet normal -1 -0 -0
 outer loop
  vertex 120 -90 1.4210855e-14
  vertex 120 -100 10.000001
  vertex 120 -90 10
 endloop
endfacet
facet normal -1 0 0
 outer loop
  vertex 130 -70 1.2789769e-13
  vertex 130 -80 7.549791e-07
  vertex 130 -80 10.000001
 endloop
endfacet
facet normal -1 -0 -0
 outer loop
  vertex 130 -70 1.2789769e-13
  vertex 130 -80 10.000001
  vertex 130 -70 10
 endloop
endfacet
facet normal -0 -1 -0
 outer loop
  vertex 110 -80 2.9842795e-13
  vertex 120 -80 2.9842795e-13
  vertex 120 -80 10
 endloop
endfacet
facet normal 0 -1 -0
 outer loop
  vertex 110 -80 2.9842795e-13
  vertex 120 -80 10
  vertex 110 -80 10
 endloop
endfacet
facet normal -0 -1 -0
 outer loop
  vertex 190 -120 4.689582e-13
  vertex 200 -120 4.689582e-13
  vertex 200 -120 10
 endloop
endfacet
facet normal 0 -1 -0
 outer loop
  vertex 190 -120 4.689582e-13
  vertex 200 -120 10
  vertex 190 -120 10
 endloop
endfacet
facet normal -1 0 0
 outer loop
  vertex 70 -50 2.4158453e-13
  vertex 70 -60 7.549793e-07
  vertex 70 -60 10.000001
 endloop
endfacet
facet normal -1 -0 -0
 outer loop
  vertex 70 -50 2.4158453e-13
  vertex 70 -60 10.000001
  vertex 70 -50 10
 endloop
endfacet
facet normal -1 0 0
 outer loop
  vertex 80 -20 1.4210855e-14
  vertex 80 -30 7.549793e-07
  vertex 80 -30 10.000001
 endloop
endfacet
facet normal -1 -0 -0
 outer loop
  vertex 80 -20 1.4210855e-14
  vertex 80 -30 10.000001
  vertex 80 -20 10
 endloop
endfacet
facet normal -1 0 0
 outer loop
  vertex 210 -60 4.689582e-13
  vertex 210 -70 7.549794e-07
  vertex 210 -70 10
 endloop
endfacet
facet normal -1 -0 -0
 outer loop
  vertex 210 -60 4.689582e-13
  vertex 210 -70 10
  vertex 210 -60 10
 endloop
endfacet
facet normal -1 0 0
 outer loop
  vertex 230 -30 4.689582e-13
  vertex 230 -40 7.549793e-07
  vertex 230 -40 10.000001
 endloop
endfacet
facet normal -1 -0 -0
 outer loop
  vertex 230 -30 4.689582e-13
  vertex 230 -40 10.000001
  vertex 230 -30 10
 endloop
endfacet
facet normal -1 0 0
 outer loop
  vertex 240 -170 4.689582e-13
  vertex 240 -180 7.5497974e-07
  vertex 240 -180 10.000001
 endloop
endfacet
facet normal -1 -0 -0
 outer loop
  vertex 240 -170 4.689582e-13
  vertex 240 -180 10.000001
  vertex 240 -170 10
 endloop
endfacet
facet normal -1 0 0
 outer loop
  vertex 90 -20 1.4210855e-14
  vertex 90 -30 7.549793e-07
  vertex 90 -30 10.000001
 endloop
endfacet
facet normal -1 -0 -0
 outer loop
  vertex 90 -20 1.4210855e-14
  vertex 90 -30 10.000001
  vertex 90 -20 10
 endloop
endfacet
facet normal -0 -1 -0
 outer loop
  vertex 10 -160 4.689582e-13
  vertex 20 -160 4.689582e-13
  vertex 20 -160 10
 endloop
endfacet
facet normal 0 -1 -0
 outer loop
  vertex 10 -160 4.689582e-13
  vertex 20 -160 10
  vertex 10 -160 10
 endloop
endfacet
facet normal -1 0 0
 outer loop
  vertex 10 -30 4.689582e-13
  vertex 10 -40 7.549793e-07
  vertex 10 -40 10.000001
 endloop
endfacet
facet normal -1 -0 -0
 outer loop
  vertex 10 -30 4.689582e-13
  vertex 10 -40 10.000001
  vertex 10 -30 10
 endloop
endfacet
facet normal -1 0 0
 outer loop
  vertex 80 -50 2.4158453e-13
  vertex 80 -60 7.549793e-07
  vertex 80 -60 10.000001
 endloop
endfacet
facet normal -1 -0 -0
 outer loop
  vertex 80 -50 2.4158453e-13
  vertex 80 -60 10.000001
  vertex 80 -50 10
 endloop
endfacet
facet normal -1 0 0
 outer loop
  vertex 190 -30 4.689582e-13
  vertex 190 -40 7.549793e-07
  vertex 190 -40 10.000001
 endloop
endfacet
facet normal -1 -0 -0
 outer loop
  vertex 190 -30 4.689582e-13
  vertex 190 -40 10.000001
  vertex 190 -30 10
 endloop
endfacet
facet normal -1 0 0
 outer loop
  vertex 250 0 1.4210855e-14
  vertex 250 -10 7.549793e-07
  vertex 250 -10 10.000001
 endloop
endfacet
facet normal -1 -0 -0
 outer loop
  vertex 250 0 1.4210855e-14
  vertex 250 -10 10.000001
  vertex 250 0 10
 endloop
endfacet
facet normal -0 -1 -0
 outer loop
  vertex 20 -240 9.237056e-13
  vertex 30 -240 9.237056e-13
  vertex 30 -240 10
 endloop
endfacet
facet normal 0 -1 -0
 outer loop
  vertex 20 -240 9.237056e-13
  vertex 30 -240 10
  vertex 20 -240 10
 endloop
endfacet
facet normal -1 0 0
 outer loop
  vertex 230 -30 4.689582e-13
  vertex 230 -40 7.549793e-07
  vertex 230 -40 10.000001
 endloop
endfacet
facet normal -1 -0 -0
 outer loop
  vertex 230 -30 4.689582e-13
  vertex 230 -40 10.000001
  vertex 230 -30 10
 endloop
endfacet
facet normal -0 -1 -0
 outer loop
  vertex 220 -110 3.5527137e-13
  vertex 230 -110 3.5527137e-13
  vertex 230 -110 10
 endloop
endfacet
facet normal 0 -1 -0
 outer loop
  vertex 220 -110 3.5527137e-13
  vertex 230 -110 10
  vertex 220 -110 10
 endloop
endfacet
facet normal -0 -1 -0
 outer loop
  vertex 70 0 1.4210855e-14
  vertex 80 0 1.4210855e-14
  vertex 80 0 10
 endloop
endfacet
facet normal 0 -1 -0
 outer loop
  vertex 70 0 1.4210855e-14
  vertex 80 0 10
  vertex 70 0 10
 endloop
endfacet
facet normal -1 0 0
 outer loop
  vertex 50 -140 1.4210855e-14
  vertex 50 -150 7.549788e-07
  vertex 50 -150 10.000001
 endloop
endfacet
facet normal -1 -0 -0
 outer loop
  vertex 50 -140 1.4210855e-14
  vertex 50 -150 10.000001
  vertex 50 -140 10
 endloop
endfacet
facet normal -0 -1 -0
 outer loop
  vertex 100 -60 4.689582e-13
  vertex 110 -60 4.689582e-13
  vertex 110 -60 10
 endloop
endfacet
facet normal 0 -1 -0
 outer loop
  vertex 100 -60 4.689582e-13
  vertex 110 -60 10
  vertex 100 -60 10
 endloop
endfacet
facet normal -0 -1 -0
 outer loop
  vertex 160 -150 1.4210855e-14
  vertex 170 -150 1.4210855e-14
  vertex 170 -150 10
 endloop
endfacet
facet normal 0 -1 -0
 outer loop
  vertex 160 -150 1.4210855e-14
  vertex 170 -150 10
  vertex 160 -150 10
 endloop
endfacet
facet normal -1 0 0
 outer loop
  vertex 90 -210 1.4210855e-14
  vertex 90 -220 7.5497974e-07
  vertex 90 -220 10.000001
 endloop
endfacet
facet normal -1 -0 -0
 outer loop
  vertex 90 -210 1.4210855e-14
  vertex 90 -220 10.000001
  vertex 90 -210 10
 endloop
endfacet
facet normal -0 -1 -0
 outer loop
  vertex 70 -250 -8.9528385e-13
  vertex 80 -250 -8.9528385e-13
  vertex 80 -250 10
 endloop
endfacet
facet normal 0 -1 -0
 outer loop
  vertex 70 -250 -8.9528385e-13
  vertex 80 -250 10
  vertex 70 -250 10
 endloop
endfacet
facet normal -0 -1 -0
 outer loop
  vertex 50 -100 1.8474111e-13
  vertex 60 -100 1.8474111e-13
  vertex 60 -100 10
 endloop
endfacet
facet normal 0 -1 -0
 outer loop
  vertex 50 -100 1.8474111e-13
  vertex 60 -100 10
  vertex 50 -100 10
 endloop
endfacet
facet normal -1 0 0
 outer loop
  vertex 230 -220 9.237056e-13
  vertex 230 -230 7.5497974e-07
  vertex 230 -230 10.000001
 endloop
endfacet
facet normal -1 -0 -0
 outer loop
  vertex 230 -220 9.237056e-13
  vertex 230 -230 10.000001
  vertex 230 -220 10
 endloop
endfacet
facet normal -0 -1 -0
 outer loop
  vertex 20 -140 1.4210855e-14
  vertex 30 -140 1.4210855e-14
  vertex 30 -140 10
 endloop
endfacet
facet normal 0 -1 -0
 outer loop
  vertex 20 -140 1.4210855e-14
  vertex 30 -140 10
  vertex 20 -140 10
 endloop
endfacet
facet normal -1 0 0
 outer loop
  vertex 0 -70 1.2789769e-13
  vertex 0 -80 7.549791e-07
  vertex 0 -80 10.000001
 endloop
endfacet
facet normal -1 -0 -0
 outer loop
  vertex 0 -70 1.2789769e-13
  vertex 0 -80 10.000001
  vertex 0 -70 10
 endloop
endfacet
facet normal -0 -1 -0
 outer loop
  vertex 230 -160 4.689582e-13
  vertex 240 -160 4.689582e-13
  vertex 240 -160 10
 endloop
endfacet
facet normal 0 -1 -0
 outer loop
  vertex 230 -160 4.689582e-13
  vertex 240 -160 10
  vertex 230 -160 10
 endloop
endfacet
facet normal -0 -1 -0
 outer loop
  vertex 20 -50 2.4158453e-13
  vertex 30 -50 2.4158453e-13
  vertex 30 -50 10
 endloop
endfacet
facet normal 0 -1 -0
 outer loop
  vertex 20 -50 2.4158453e-13
  vertex 30 -50 10
  vertex 20 -50 10
 endloop
endfacet
facet normal -1 0 0
 outer loop
  vertex 210 -30 4.689582e-13
  vertex 210 -40 7.549793e-07
  vertex 210 -40 10.000001
 endloop
endfacet
facet normal -1 -0 -0
 outer loop
  vertex 210 -30 4.689582e-13
  vertex 210 -40 10.000001
  vertex 210 -30 10
 endloop
endfacet
facet normal -0 -1 -0
 outer loop
  vertex 70 -120 4.689582e-13
  vertex 80 -120 4.689582e-13
  vertex 80 -120 10
 endloop
endfacet
facet normal 0 -1 -0
 outer loop
  vertex 70 -120 4.689582e-13
  vertex 80 -120 10
  vertex 70 -120 10
 endloop
endfacet
facet normal -0 -1 -0
 outer loop
  vertex 100 -190 1.4210855e-14
  vertex 110 -190 1.4210855e-14
  vertex 110 -190 10
 endloop
endfacet
facet normal 0 -1 -0
 outer loop
  vertex 100 -190 1.4210855e-14
  vertex 110 -190 10
  vertex 100 -190 10
 endloop
endfacet
facet normal -1 0 0
 outer loop
  vertex 70 -40 2.4158453e-13
  vertex 70 -50 7.549793e-07
  vertex 70 -50 10.000001
 endloop
endfacet
facet normal -1 -0 -0
 outer loop
  vertex 70 -40 2.4158453e-13
  vertex 70 -50 10.000001
  vertex 70 -40 10
 endloop
endfacet
facet normal -0 -1 -0
 outer loop
  vertex 40 -90 1.4210855e-14
  vertex 50 -90 1.4210855e-14
  vertex 50 -90 10
 endloop
endfacet
facet normal 0 -1 -0
 outer loop
  vertex 40 -90 1.4210855e-14
  vertex 50 -90 10
  vertex 40 -90 10
 endloop
endfacet
facet normal -0 -1 -0
 outer loop
  vertex 90 -230 9.237056e-13
  vertex 100 -230 9.237056e-13
  vertex 100 -230 10
 endloop
endfacet
facet normal 0 -1 -0
 outer loop
  vertex 90 -230 9.237056e-13
  vertex 100 -230 10
  vertex 90 -230 10
 endloop
endfacet
facet normal -0 -1 -0
 outer loop
  vertex 90 -70 1.2789769e-13
  vertex 100 -70 1.2789769e-13
  vertex 100 -70 10
 endloop
endfacet
facet normal 0 -1 -0
 outer loop
  vertex 90 -70 1.2789769e-13
  vertex 100 -70 10
  vertex 90 -70 10
 endloop
endfacet
facet normal -0 -1 -0
 outer loop
  vertex 10 -10 4.689582e-13
  vertex 20 -10 4.689582e-13
  vertex 20 -10 10
 endloop
endfacet
facet normal 0 -1 -0
 outer loop
  vertex 10 -10 4.689582e-13
  vertex 20 -10 10
  vertex 10 -10 10
 endloop
endfacet
facet normal -0 -1 -0
 outer loop
  vertex 200 -170 4.689582e-13
  vertex 210 -170 4.689582e-13
  vertex 210 -170 10
 endloop
endfacet
facet normal 0 -1 -0
 outer loop
  vertex 200 -170 4.689582e-13
  vertex 210 -170 10
  vertex 200 -170 10
 endloop
endfacet
facet normal -0 -1 -0
 outer loop
  vertex 110 -10 4.689582e-13
  vertex 120 -10 4.689582e-13
  vertex 120 -10 10
 endloop
endfacet
facet normal 0 -1 -0
 outer loop
  vertex 110 -10 4.689582e-13
  vertex 120 -10 10
  vertex 110 -10 10
 endloop
endfacet
facet normal -0 -1 -0
 outer loop
  vertex 180 -80 2.9842795e-13
  vertex 190 -80 2.9842795e-13
  vertex 190 -80 10
 endloop
endfacet
facet normal 0 -1 -0
 outer loop
  vertex 180 -80 2.9842795e-13
  vertex 190 -80 10
  vertex 180 -80 10
 endloop
endfacet
facet normal -1 0 0
 outer loop
  vertex 180 -80 2.9842795e-13
  vertex 180 -90 7.549793e-07
  vertex 180 -90 10.000001
 endloop
endfacet
facet normal -1 -0 -0
 outer loop
  vertex 180 -80 2.9842795e-13
  vertex 180 -90 10.000001
  vertex 180 -80 10
 endloop
endfacet
facet normal -0 -1 -0
 outer loop
  vertex 50 -30 4.689582e-13
  vertex 60 -30 4.689582e-13
  vertex 60 -30 10
 endloop
endfacet
facet normal 0 -1 -0
 outer loop
  vertex 50 -30 4.689582e-13
  vertex 60 -30 10
  vertex 50 -30 10
 endloop
endfacet
facet normal -0 -1 -0
 outer loop
  vertex 30 -200 1.4210855e-14
  vertex 40 -200 1.4210855e-14
  vertex 40 -200 10
 endloop
endfacet
facet normal 0 -1 -0
 outer loop
  vertex 30 -200 1.4210855e-14
  vertex 40 -200 10
  vertex 30 -200 10
 endloop
endfacet
facet normal -0 -1 -0
 outer loop
  vertex 160 -210 1.4210855e-14
  vertex 170 -210 1.4210855e-14
  vertex 170 -210 10
 endloop
endfacet
facet normal 0 -1 -0
 outer loop
  vertex 160 -210 1.4210855e-14
  vertex 170 -210 10
  vertex 160 -210 10
 endloop
endfacet
facet normal -1 0 0
 outer loop
  vertex 30 -120 4.689582e-13
  vertex 30 -130 7.549795e-07
  vertex 30 -130 10.000001
 endloop
endfacet
facet normal -1 -0 -0
 outer loop
  vertex 30 -120 4.689582e-13
  vertex 30 -130 10.000001
  vertex 30 -120 10
 endloop
endfacet
facet normal -1 0 0
 outer loop
  vertex 230 -10 4.689582e-13
  vertex 230 -20 7.549793e-07
  vertex 230 -20 10
 endloop
endfacet
facet normal -1 -0 -0
 outer loop
  vertex 230 -10 4.689582e-13
  vertex 230 -20 10
  vertex 230 -10 10
 endloop
endfacet
facet normal -0 -1 -0
 outer loop
  vertex 200 -30 4.689582e-13
  vertex 210 -30 4.689582e-13
  vertex 210 -30 10
 endloop
endfacet
facet normal 0 -1 -0
 outer loop
  vertex 200 -30 4.689582e-13
  vertex 210 -30 10
  vertex 200 -30 10
 endloop
endfacet
facet normal -0 -1 -0
 outer loop
  vertex 210 -20 1.4210855e-14
  vertex 220 -20 1.4210855e-14
  vertex 220 -20 10
 endloop
endfacet
facet normal 0 -1 -0
 outer loop
  vertex 210 -20 1.4210855e-14
  vertex 220 -20 10
  vertex 210 -20 10
 endloop
endfacet
facet normal -1 0 0
 outer loop
  vertex 250 -80 2.9842795e-13
  vertex 250 -90 7.549793e-07
  vertex 250 -90 10.000001
 endloop
endfacet
facet normal -1 -0 -0
 outer loop
  vertex 250 -80 2.9842795e-13
  vertex 250 -90 10.000001
  vertex 250 -80 10
 endloop
endfacet
facet normal -0 -1 -0
 outer loop
  vertex 180 -200 1.4210855e-14
  vertex 190 -200 1.4210855e-14
  vertex 190 -200 10
 endloop
endfacet
facet normal 0 -1 -0
 outer loop
  vertex 180 -200 1.4210855e-14
  vertex 190 -200 10
  vertex 180 -200 10
 endloop
endfacet
facet normal -1 0 0
 outer loop
  vertex 80 -30 4.689582e-13
  vertex 80 -40 7.549793e-07
  vertex 80 -40 10.000001
 endloop
endfacet
facet normal -1 -0 -0
 outer loop
  vertex 80 -30 4.689582e-13
  vertex 80 -40 10.000001
  vertex 80 -30 10
 endloop
endfacet
facet normal -0 -1 -0
 outer loop
  vertex 180 -20 1.4210855e-14
  vertex 190 -20 1.4210855e-14
  vertex 190 -20 10
 endloop
endfacet
facet normal 0 -1 -0
 outer loop
  vertex 180 -20 1.4210855e-14
  vertex 190 -20 10
  vertex 180 -20 10
 endloop
endfacet
facet normal -1 0 0
 outer loop
  vertex 240 -60 4.689582e-13
  vertex 240 -70 7.549794e-07
  vertex 240 -70 10
 endloop
endfacet
facet normal -1 -0 -0
 outer loop
  vertex 240 -60 4.689582e-13
  vertex 240 -70 10
  vertex 240 -60 10
 endloop
endfacet
facet normal -1 0 0
 outer loop
  vertex 130 -160 4.689582e-13
  vertex 130 -170 7.549793e-07
  vertex 130 -170 10
 endloop
endfacet
facet normal -1 -0 -0
 outer loop
  vertex 130 -160 4.689582e-13
  vertex 130 -170 10
  vertex 130 -160 10
 endloop
endfacet
facet normal -0 -1 -0
 outer loop
  vertex 140 -200 1.4210855e-14
  vertex 150 -200 1.4210855e-14
  vertex 150 -200 10
 endloop
endfacet
facet normal 0 -1 -0
 outer loop
  vertex 140 -200 1.4210855e-14
  vertex 150 -200 10
  vertex 140 -200 10
 endloop
endfacet
facet normal -0 -1 -0
 outer loop
  vertex 0 -70 1.2789769e-13
  vertex 10 -70 1.2789769e-13
  vertex 10 -70 10
 endloop
endfacet
facet normal 0 -1 -0
 outer loop
  vertex 0 -70 1.2789769e-13
  vertex 10 -70 10
  vertex 0 -70 10
 endloop
endfacet
facet normal -0 -1 -0
 outer loop
  vertex 140 -140 1.4210855e-14
  vertex 150 -140 1.4210855e-14
  vertex 150 -140 10
 endloop
endfacet
facet normal 0 -1 -0
 outer loop
  vertex 140 -140 1.4210855e-14
  vertex 150 -140 10
  vertex 140 -140 10
 endloop
endfacet
facet normal -1 0 0
 outer loop
  vertex 150 -210 1.4210855e-14
  vertex 150 -220 7.5497974e-07
  vertex 150 -220 10.000001
 endloop
endfacet
facet normal -1 -0 -0
 outer loop
  vertex 150 -210 1.4210855e-14
  vertex 150 -220 10.000001
  vertex 150 -210 10
 endloop
endfacet
facet normal -1 0 0
 outer loop
  vertex 130 -210 1.4210855e-14
  vertex 130 -220 7.5497974e-07
  vertex 130 -220 10.000001
 endloop
endfacet
facet normal -1 -0 -0
 outer loop
  vertex 130 -210 1.4210855e-14
  vertex 130 -220 10.000001
  vertex 130 -210 10
 endloop
endfacet
facet normal -1 0 0
 outer loop
  vertex 70 -160 4.689582e-13
  vertex 70 -170 7.549793e-07
  vertex 70 -170 10
 endloop
endfacet
facet normal -1 -0 -0
 outer loop
  vertex 70 -160 4.689582e-13
  vertex 70 -170 10
  vertex 70 -160 10
 endloop
endfacet
facet normal -1 0 0
 outer loop
  vertex 10 -160 4.689582e-13
  vertex 10 -170 7.549793e-07
  vertex 10 -170 10
 endloop
endfacet
facet normal -1 -0 -0
 outer loop
  vertex 10 -160 4.689582e-13
  vertex 10 -170 10
  vertex 10 -160 10
 endloop
endfacet
facet normal -1 0 0
 outer loop
  vertex 120 -230 9.237056e-13
  vertex 120 -240 7.5497974e-07
  vertex 120 -240 10.000001
 endloop
endfacet
facet normal -1 -0 -0
 outer loop
  vertex 120 -230 9.237056e-13
  vertex 120 -240 10.000001
  vertex 120 -230 10
 endloop
endfacet
facet normal -0 -1 -0
 outer loop
  vertex 90 -80 2.9842795e-13
  vertex 100 -80 2.9842795e-13
  vertex 100 -80 10
 endloop
endfacet
facet normal 0 -1 -0
 outer loop
  vertex 90 -80 2.9842795e-13
  vertex 100 -80 10
  vertex 90 -80 10
 endloop
endfacet
facet normal -0 -1 -0
 outer loop
  vertex 230 -110 3.5527137e-13
  vertex 240 -110 3.5527137e-13
  vertex 240 -110 10
 endloop
endfacet
facet normal 0 -1 -0
 outer loop
  vertex 230 -110 3.5527137e-13
  vertex 240 -110 10
  vertex 230 -110 10
 endloop
endfacet
facet normal -1 0 0
 outer loop
  vertex 180 -140 1.4210855e-14
  vertex 180 -150 7.549788e-07
  vertex 180 -150 10.000001
 endloop
endfacet
facet normal -1 -0 -0
 outer loop
  vertex 180 -140 1.4210855e-14
  vertex 180 -150 10.000001
  vertex 180 -140 10
 endloop
endfacet
facet normal -1 0 0
 outer loop
  vertex 70 -200 1.4210855e-14
  vertex 70 -210 7.549788e-07
  vertex 70 -210 10
 endloop
endfacet
facet normal -1 -0 -0
 outer loop
  vertex 70 -200 1.4210855e-14
  vertex 70 -210 10
  vertex 70 -200 10
 endloop
endfacet
facet normal -0 -1 -0
 outer loop
  vertex 190 -80 2.9842795e-13
  vertex 200 -80 2.9842795e-13
  vertex 200 -80 10
 endloop
endfacet
facet normal 0 -1 -0
 outer loop
  vertex 190 -80 2.9842795e-13
  vertex 200 -80 10
  vertex 190 -80 10
 endloop
endfacet
facet normal -0 -1 -0
 outer loop
  vertex 10 -70 1.2789769e-13
  vertex 20 -70 1.2789769e-13
  vertex 20 -70 10
 endloop
endfacet
facet normal 0 -1 -0
 outer loop
  vertex 10 -70 1.2789769e-13
  vertex 20 -70 10
  vertex 10 -70 10
 endloop
endfacet
facet normal -1 0 0
 outer loop
  vertex 50 -210 1.4210855e-14
  vertex 50 -220 7.5497974e-07
  vertex 50 -220 10.000001
 endloop
endfacet
facet normal -1 -0 -0
 outer loop
  vertex 50 -210 1.4210855e-14
  vertex 50 -220 10.000001
  vertex 50 -210 10
 endloop
endfacet
facet normal -0 -1 -0
 outer loop
  vertex 220 -240 9.237056e-13
  vertex 230 -240 9.237056e-13
  vertex 230 -240 10
 endloop
endfacet
facet normal 0 -1 -0
 outer loop
  vertex 220 -240 9.237056e-13
  vertex 230 -240 10
  vertex 220 -240 10
 endloop
endfacet
facet normal -0 -1 -0
 outer loop
  vertex 160 -100 1.8474111e-13
  vertex 170 -100 1.8474111e-13
  vertex 170 -100 10
 endloop
endfacet
facet normal 0 -1 -0
 outer loop
  vertex 160 -100 1.8474111e-13
  vertex 170 -100 10
  vertex 160 -100 10
 endloop
endfacet
facet normal -0 -1 -0
 outer loop
  vertex 30 -240 9.237056e-13
  vertex 40 -240 9.237056e-13
  vertex 40 -240 10
 endloop
endfacet
facet normal 0 -1 -0
 outer loop
  vertex 30 -240 9.237056e-13
  vertex 40 -240 10
  vertex 30 -240 10
 endloop
endfacet
facet normal -1 0 0
 outer loop
  vertex 200 -120 4.689582e-13
  vertex 200 -130 7.549795e-07
  vertex 200 -130 10.000001
 endloop
endfacet
facet normal -1 -0 -0
 outer loop
  vertex 200 -120 4.689582e-13
  vertex 200 -130 10.000001
  vertex 200 -120 10
 endloop
endfacet
facet normal -1 0 0
 outer loop
  vertex 210 -100 1.8474111e-13
  vertex 210 -110 7.5497917e-07
  vertex 210 -110 10.000001
 endloop
endfacet
facet normal -1 -0 -0
 outer loop
  vertex 210 -100 1.8474111e-13
  vertex 210 -110 10.000001
  vertex 210 -100 10
 endloop
endfacet
facet normal -0 -1 -0
 outer loop
  vertex 90 -180 1.4210855e-14
  vertex 100 -180 1.4210855e-14
  vertex 100 -180 10
 endloop
endfacet
facet normal 0 -1 -0
 outer loop
  vertex 90 -180 1.4210855e-14
  vertex 100 -180 10
  vertex 90 -180 10
 endloop
endfacet
facet normal -1 0 0
 outer loop
  vertex 0 -130 -2.1316282e-13
  vertex 0 -140 7.549788e-07
  vertex 0 -140 10.000001
 endloop
endfacet
facet normal -1 -0 -0
 outer loop
  vertex 0 -130 -2.1316282e-13
  vertex 0 -140 10.000001
  vertex 0 -130 10
 endloop
endfacet
facet normal -1 0 0
 outer loop
  vertex 0 0 1.4210855e-14
  vertex 0 -10 7.549793e-07
  vertex 0 -10 10.000001
 endloop
endfacet
facet normal -1 -0 -0
 outer loop
  vertex 0 0 1.4210855e-14
  vertex 0 -10 10.000001
  vertex 0 0 10
 endloop
endfacet
facet normal -1 0 0
 outer loop
  vertex 100 -110 3.5527137e-13
  vertex 100 -120 7.549793e-07
  vertex 100 -120 10
 endloop
endfacet
facet normal -1 -0 -0
 outer loop
  vertex 100 -110 3.5527137e-13
  vertex 100 -120 10
  vertex 100 -110 10
 endloop
endfacet
facet normal -0 -1 -0
 outer loop
  vertex 20 -170 4.689582e-13
  vertex 30 -170 4.689582e-13
  vertex 30 -170 10
 endloop
endfacet
facet normal 0 -1 -0
 outer loop
  vertex 20 -170 4.689582e-13
  vertex 30 -170 10
  vertex 20 -170 10
 endloop
endfacet
facet normal -1 0 0
 outer loop
  vertex 0 -220 9.237056e-13
  vertex 0 -230 7.5497974e-07
  vertex 0 -230 10.000001
 endloop
endfacet
facet normal -1 -0 -0
 outer loop
  vertex 0 -220 9.237056e-13
  vertex 0 -230 10.000001
  vertex 0 -220 10
 endloop
endfacet
facet normal -0 -1 -0
 outer loop
  vertex 150 -20 1.4210855e-14
  vertex 160 -20 1.4210855e-14
  vertex 160 -20 10
 endloop
endfacet
facet normal 0 -1 -0
 outer loop
  vertex 150 -20 1.4210855e-14
  vertex 160 -20 10
  vertex 150 -20 10
 endloop
endfacet
facet normal -0 -1 -0
 outer loop
  vertex 110 -150 1.4210855e-14
  vertex 120 -150 1.4210855e-14
  vertex 120 -150 10
 endloop
endfacet
facet normal 0 -1 -0
 outer loop
  vertex 110 -150 1.4210855e-14
  vertex 120 -150 10
  vertex 110 -150 10
 endloop
endfacet
facet normal -0 -1 -0
 outer loop
  vertex 100 -220 9.237056e-13
  vertex 110 -220 9.237056e-13
  vertex 110 -220 10
 endloop
endfacet
facet normal 0 -1 -0
 outer loop
  vertex 100 -220 9.237056e-13
  vertex 110 -220 10
  vertex 100 -220 10
 endloop
endfacet
facet normal -1 0 0
 outer loop
  vertex 150 -60 4.689582e-13
  vertex 150 -70 7.549794e-07
  vertex 150 -70 10
 endloop
endfacet
facet normal -1 -0 -0
 outer loop
  vertex 150 -60 4.689582e-13
  vertex 150 -70 10
  vertex 150 -60 10
 endloop
endfacet
facet normal -1 0 0
 outer loop
  vertex 220 -20 1.4210855e-14
  vertex 220 -30 7.549793e-07
  vertex 220 -30 10.000001
 endloop
endfacet
facet normal -1 -0 -0
 outer loop
  vertex 220 -20 1.4210855e-14
  vertex 220 -30 10.000001
  vertex 220 -20 10
 endloop
endfacet
facet normal -0 -1 -0
 outer loop
  vertex 10 -40 2.4158453e-13
  vertex 20 -40 2.4158453e-13
  vertex 20 -40 10
 endloop
endfacet
facet normal 0 -1 -0
 outer loop
  vertex 10 -40 2.4158453e-13
  vertex 20 -40 10
  vertex 10 -40 10
 endloop
endfacet
facet normal -0 -1 -0
 outer loop
  vertex 100 -60 4.689582e-13
  vertex 110 -60 4.689582e-13
  vertex 110 -60 10
 endloop
endfacet
facet normal 0 -1 -0
 outer loop
  vertex 100 -60 4.689582e-13
  vertex 110 -60 10
  vertex 100 -60 10
 endloop
endfacet
facet normal -1 0 0
 outer loop
  vertex 210 -170 4.689582e-13
  vertex 210 -180 7.5497974e-07
  vertex 210 -180 10.000001
 endloop
endfacet
facet normal -1 -0 -0
 outer loop
  vertex 210 -170 4.689582e-13
  vertex 210 -180 10.000001
  vertex 210 -170 10
 endloop
endfacet
facet normal -0 -1 -0
 outer loop
  vertex 170 -160 4.689582e-13
  vertex 180 -160 4.689582e-13
  vertex 180 -160 10
 endloop
endfacet
facet normal 0 -1 -0
 outer loop
  vertex 170 -160 4.689582e-13
  vertex 180 -160 10
  vertex 170 -160 10
 endloop
endfacet
facet normal -0 -1 -0
 outer loop
  vertex 230 -200 1.4210855e-14
  vertex 240 -200 1.4210855e-14
  vertex 240 -200 10
 endloop
endfacet
facet normal 0 -1 -0
 outer loop
  vertex 230 -200 1.4210855e-14
  vertex 240 -200 10
  vertex 230 -200 10
 endloop
endfacet
facet normal -0 -1 -0
 outer loop
  vertex 170 -50 2.4158453e-13
  vertex 180 -50 2.4158453e-13
  vertex 180 -50 10
 endloop
endfacet
facet normal 0 -1 -0
 outer loop
  vertex 170 -50 2.4158453e-13
  vertex 180 -50 10
  vertex 170 -50 10
 endloop
endfacet
facet normal -1 0 0
 outer loop
  vertex 0 -200 1.4210855e-14
  vertex 0 -210 7.549788e-07
  vertex 0 -210 10
 endloop
endfacet
facet normal -1 -0 -0
 outer loop
  vertex 0 -200 1.4210855e-14
  vertex 0 -210 10
  vertex 0 -200 10
 endloop
endfacet
facet normal -0 -1 -0
 outer loop
  vertex 130 -90 1.4210855e-14
  vertex 140 -90 1.4210855e-14
  vertex 140 -90 10
 endloop
endfacet
facet normal 0 -1 -0
 outer loop
  vertex 130 -90 1.4210855e-14
  vertex 140 -90 10
  vertex 130 -90 10
 endloop
endfacet
facet normal -1 0 0
 outer loop
  vertex 190 -180 1.4210855e-14
  vertex 190 -190 7.549788e-07
  vertex 190 -190 10.000001
 endloop
endfacet
facet normal -1 -0 -0
 outer loop
  vertex 190 -180 1.4210855e-14
  vertex 190 -190 10.000001
  vertex 190 -180 10
 endloop
endfacet
facet normal -0 -1 -0
 outer loop
  vertex 60 -130 -2.1316282e-13
  vertex 70 -130 -2.1316282e-13
  vertex 70 -130 10
 endloop
endfacet
facet normal 0 -1 -0
 outer loop
  vertex 60 -130 -2.1316282e-13
  vertex 70 -130 10
  vertex 60 -130 10
 endloop
endfacet
facet normal -1 0 0
 outer loop
  vertex 20 -140 1.4210855e-14
  vertex 20 -150 7.549788e-07
  vertex 20 -150 10.000001
 endloop
endfacet
facet normal -1 -0 -0
 outer loop
  vertex 20 -140 1.4210855e-14
  vertex 20 -150 10.000001
  vertex 20 -140 10
 endloop
endfacet
facet normal -0 -1 -0
 outer loop
  vertex 150 -200 1.4210855e-14
  vertex 160 -200 1.4210855e-14
  vertex 160 -200 10
 endloop
endfacet
facet normal 0 -1 -0
 outer loop
  vertex 150 -200 1.4210855e-14
  vertex 160 -200 10
  vertex 150 -200 10
 endloop
endfacet
facet normal -1 0 0
 outer loop
  vertex 70 -160 4.689582e-13
  vertex 70 -170 7.549793e-07
  vertex 70 -170 10
 endloop
endfacet
facet normal -1 -0 -0
 outer loop
  vertex 70 -160 4.689582e-13
  vertex 70 -170 10
  vertex 70 -160 10
 endloop
endfacet
facet normal -1 0 0
 outer loop
  vertex 150 -130 -2.1316282e-13
  vertex 150 -140 7.549788e-07
  vertex 150 -140 10.000001
 endloop
endfacet
facet normal -1 -0 -0
 outer loop
  vertex 150 -130 -2.1316282e-13
  vertex 150 -140 10.000001
  vertex 150 -130 10
 endloop
endfacet
facet normal -1 0 0
 outer loop
  vertex 120 -180 1.4210855e-14
  vertex 120 -190 7.549788e-07
  vertex 120 -190 10.000001
 endloop
endfacet
facet normal -1 -0 -0
 outer loop
  vertex 120 -180 1.4210855e-14
  vertex 120 -190 10.000001
  vertex 120 -180 10
 endloop
endfacet
facet normal -0 -1 -0
 outer loop
  vertex 220 -100 1.8474111e-13
  vertex 230 -100 1.8474111e-13
  vertex 230 -100 10
 endloop
endfacet
facet normal 0 -1 -0
 outer loop
  vertex 220 -100 1.8474111e-13
  vertex 230 -100 10
  vertex 220 -100 10
 endloop
endfacet
facet normal -1 0 0
 outer loop
  vertex 200 -180 1.4210855e-14
  vertex 200 -190 7.549788e-07
  vertex 200 -190 10.000001
 endloop
endfacet
facet normal -1 -0 -0
 outer loop
  vertex 200 -180 1.4210855e-14
  vertex 200 -190 10.000001
  vertex 200 -180 10
 endloop
endfacet
facet normal -1 0 0
 outer loop
  vertex 30 -180 1.4210855e-14
  vertex 30 -190 7.549788e-07
  vertex 30 -190 10.000001
 endloop
endfacet
facet normal -1 -0 -0
 outer loop
  vertex 30 -180 1.4210855e-14
  vertex 30 -190 10.000001
  vertex 30 -180 10
 endloop
endfacet
facet normal -0 -1 -0
 outer loop
  vertex 20 -10 4.689582e-13
  vertex 30 -10 4.689582e-13
  vertex 30 -10 10
 endloop
endfacet
facet normal 0 -1 -0
 outer loop
  vertex 20 -10 4.689582e-13
  vertex 30 -10 10
  vertex 20 -10 10
 endloop
endfacet
facet normal -1 0 0
 outer loop
  vertex 220 -140 1.4210855e-14
  vertex 220 -150 7.549788e-07
  vertex 220 -150 10.000001
 endloop
endfacet
facet normal -1 -0 -0
 outer loop
  vertex 220 -140 1.4210855e-14
  vertex 220 -150 10.000001
  vertex 220 -140 10
 endloop
endfacet
facet normal -1 0 0
 outer loop
  vertex 200 -210 1.4210855e-14
  vertex 200 -220 7.5497974e-07
  vertex 200 -220 10.000001
 endloop
endfacet
facet normal -1 -0 -0
 outer loop
  vertex 200 -210 1.4210855e-14
  vertex 200 -220 10.000001
  vertex 200 -210 10
 endloop
endfacet
facet normal -0 -1 -0
 outer loop
  vertex 90 -120 4.689582e-13
  vertex 100 -120 4.689582e-13
  vertex 100 -120 10
 endloop
endfacet
facet normal 0 -1 -0
 outer loop
  vertex 90 -120 4.689582e-13
  vertex 100 -120 10
  vertex 90 -120 10
 endloop
endfacet
facet normal -0 -1 -0
 outer loop
  vertex 160 -160 4.689582e-13
  vertex 170 -160 4.689582e-13
  vertex 170 -160 10
 endloop
endfacet
facet normal 0 -1 -0
 outer loop
  vertex 160 -160 4.689582e-13
  vertex 170 -160 10
  vertex 160 -160 10
 endloop
endfacet
facet normal -1 0 0
 outer loop
  vertex 110 -100 1.8474111e-13
  vertex 110 -110 7.5497917e-07
  vertex 110 -110 10.000001
 endloop
endfacet
facet normal -1 -0 -0
 outer loop
  vertex 110 -100 1.8474111e-13
  vertex 110 -110 10.000001
  vertex 110 -100 10
 endloop
endfacet
facet normal -0 -1 -0
 outer loop
  vertex 50 0 1.4210855e-14
  vertex 60 0 1.4210855e-14
  vertex 60 0 10
 endloop
endfacet
facet normal 0 -1 -0
 outer loop
  vertex 50 0 1.4210855e-14
  vertex 60 0 10
  vertex 50 0 10
 endloop
endfacet
facet normal -1 0 0
 outer loop
  vertex 160 -160 4.689582e-13
  vertex 160 -170 7.549793e-07
  vertex 160 -170 10
 endloop
endfacet
facet normal -1 -0 -0
 outer loop
  vertex 160 -160 4.689582e-13
  vertex 160 -170 10
  vertex 160 -160 10
 endloop
endfacet
facet normal -1 0 0
 outer loop
  vertex 50 -70 1.2789769e-13
  vertex 50 -80 7.549791e-07
  vertex 50 -80 10.000001
 endloop
endfacet
facet normal -1 -0 -0
 outer loop
  vertex 50 -70 1.2789769e-13
  vertex 50 -80 10.000001
  vertex 50 -70 10
 endloop
endfacet
facet normal -0 -1 -0
 outer loop
  vertex 110 -190 1.4210855e-14
  vertex 120 -190 1.4210855e-14
  vertex 120 -190 10
 endloop
endfacet
facet normal 0 -1 -0
 outer loop
  vertex 110 -190 1.4210855e-14
  vertex 120 -190 10
  vertex 110 -190 10
 endloop
endfacet
facet normal -1 0 0
 outer loop
  vertex 30 -120 4.689582e-13
  vertex 30 -130 7.549795e-07
  vertex 30 -130 10.000001
 endloop
endfacet
facet normal -1 -0 -0
 outer loop
  vertex 30 -120 4.689582e-13
  vertex 30 -130 10.000001
  vertex 30 -120 10
 endloop
endfacet
facet normal -1 0 0
 outer loop
  vertex 50 -220 9.237056e-13
  vertex 50 -230 7.5497974e-07
  vertex 50 -230 10.000001
 endloop
endfacet
facet normal -1 -0 -0
 outer loop
  vertex 50 -220 9.237056e-13
  vertex 50 -230 10.000001
  vertex 50 -220 10
 endloop
endfacet
facet normal -1 0 0
 outer loop
  vertex 30 -20 1.4210855e-14
  vertex 30 -30 7.549793e-07
  vertex 30 -30 10.000001
 endloop
endfacet
facet normal -1 -0 -0
 outer loop
  vertex 30 -20 1.4210855e-14
  vertex 30 -30 10.000001
  vertex 30 -20 10
 endloop
endfacet
facet normal -1 0 0
 outer loop
  vertex 0 -40 2.4158453e-13
  vertex 0 -50 7.549793e-07
  vertex 0 -50 10.000001
 endloop
endfacet
facet normal -1 -0 -0
 outer loop
  vertex 0 -40 2.4158453e-13
  vertex 0 -50 10.000001
  vertex 0 -40 10
 endloop
endfacet
facet normal -1 0 0
 outer loop
  vertex 200 -150 1.4210855e-14
  vertex 200 -160 7.549793e-07
  vertex 200 -160 10.000001
 endloop
endfacet
facet normal -1 -0 -0
 outer loop
  vertex 200 -150 1.4210855e-14
  vertex 200 -160 10.000001
  vertex 200 -150 10
 endloop
endfacet
facet normal -0 -1 -0
 outer loop
  vertex 170 0 1.4210855e-14
  vertex 180 0 1.4210855e-14
  vertex 180 0 10
 endloop
endfacet
facet normal 0 -1 -0
 outer loop
  vertex 170 0 1.4210855e-14
  vertex 180 0 10
  vertex 170 0 10
 endloop
endfacet
facet normal -1 0 0
 outer loop
  vertex 120 -170 4.689582e-13
  vertex 120 -180 7.5497974e-07
  vertex 120 -180 10.000001
 endloop
endfacet
facet normal -1 -0 -0
 outer loop
  vertex 120 -170 4.689582e-13
  vertex 120 -180 10.000001
  vertex 120 -170 10
 endloop
endfacet
facet normal -1 0 0
 outer loop
  vertex 70 -20 1.4210855e-14
  vertex 70 -30 7.549793e-07
  vertex 70 -30 10.000001
 endloop
endfacet
facet normal -1 -0 -0
 outer loop
  vertex 70 -20 1.4210855e-14
  vertex 70 -30 10.000001
  vertex 70 -20 10
 endloop
endfacet
facet normal -0 -1 -0
 outer loop
  vertex 10 0 1.4210855e-14
  vertex 20 0 1.4210855e-14
  vertex 20 0 10
 endloop
endfacet
facet normal 0 -1 -0
 outer loop
  vertex 10 0 1.4210855e-14
  vertex 20 0 10
  vertex 10 0 10
 endloop
endfacet
facet normal -1 0 0
 outer loop
  vertex 230 -60 4.689582e-13
  vertex 230 -70 7.549794e-07
  vertex 230 -70 10
 endloop
endfacet
facet normal -1 -0 -0
 outer loop
  vertex 230 -60 4.689582e-13
  vertex 230 -70 10
  vertex 230 -60 10
 endloop
endfacet
facet normal -1 0 0
 outer loop
  vertex 180 -230 9.237056e-13
  vertex 180 -240 7.5497974e-07
  vertex 180 -240 10.000001
 endloop
endfacet
facet normal -1 -0 -0
 outer loop
  vertex 180 -230 9.237056e-13
  vertex 180 -240 10.000001
  vertex 180 -230 10
 endloop
endfacet
facet normal -0 -1 -0
 outer loop
  vertex 190 -50 2.4158453e-13
  vertex 200 -50 2.4158453e-13
  vertex 200 -50 10
 endloop
endfacet
facet normal 0 -1 -0
 outer loop
  vertex 190 -50 2.4158453e-13
  vertex 200 -50 10
  vertex 190 -50 10
 endloop
endfacet
facet normal -1 0 0
 outer loop
  vertex 140 -190 1.4210855e-14
  vertex 140 -200 7.549788e-07
  vertex 140 -200 10.000001
 endloop
endfacet
facet normal -1 -0 -0
 outer loop
  vertex 140 -190 1.4210855e-14
  vertex 140 -200 10.000001
  vertex 140 -190 10
 endloop
endfacet
facet normal -0 -1 -0
 outer loop
  vertex 70 -200 1.4210855e-14
  vertex 80 -200 1.4210855e-14
  vertex 80 -200 10
 endloop
endfacet
facet normal 0 -1 -0
 outer loop
  vertex 70 -200 1.4210855e-14
  vertex 80 -200 10
  vertex 70 -200 10
 endloop
endfacet
facet normal -0 -1 -0
 outer loop
  vertex 120 -170 4.689582e-13
  vertex 130 -170 4.689582e-13
  vertex 130 -170 10
 endloop
endfacet
facet normal 0 -1 -0
 outer loop
  vertex 120 -170 4.689582e-13
  vertex 130 -170 10
  vertex 120 -170 10
 endloop
endfacet
facet normal -0 -1 -0
 outer loop
  vertex 30 -120 4.689582e-13
  vertex 40 -120 4.689582e-13
  vertex 40 -120 10
 endloop
endfacet
facet normal 0 -1 -0
 outer loop
  vertex 30 -120 4.689582e-13
  vertex 40 -120 10
  vertex 30 -120 10
 endloop
endfacet
facet normal -1 0 0
 outer loop
  vertex 200 0 1.4210855e-14
  vertex 200 -10 7.549793e-07
  vertex 200 -10 10.000001
 endloop
endfacet
facet normal -1 -0 -0
 outer loop
  vertex 200 0 1.4210855e-14
  vertex 200 -10 10.000001
  vertex 200 0 10
 endloop
endfacet
facet normal -1 0 0
 outer loop
  vertex 90 -130 -2.1316282e-13
  vertex 90 -140 7.549788e-07
  vertex 90 -140 10.000001
 endloop
endfacet
facet normal -1 -0 -0
 outer loop
  vertex 90 -130 -2.1316282e-13
  vertex 90 -140 10.000001
  vertex 90 -130 10
 endloop
endfacet
facet normal -1 0 0
 outer loop
  vertex 130 -20 1.4210855e-14
  vertex 130 -30 7.549793e-07
  vertex 130 -30 10.000001
 endloop
endfacet
facet normal -1 -0 -0
 outer loop
  vertex 130 -20 1.4210855e-14
  vertex 130 -30 10.000001
  vertex 130 -20 10
 endloop
endfacet
facet normal -1 0 0
 outer loop
  vertex 50 -70 1.2789769e-13
  vertex 50 -80 7.549791e-07
  vertex 50 -80 10.000001
 endloop
endfacet
facet normal -1 -0 -0
 outer loop
  vertex 50 -70 1.2789769e-13
  vertex 50 -80 10.000001
  vertex 50 -70 10
 endloop
endfacet
facet normal -1 0 0
 outer loop
  vertex 250 -50 2.4158453e-13
  vertex 250 -60 7.549793e-07
  vertex 250 -60 10.000001
 endloop
endfacet
facet normal -1 -0 -0
 outer loop
  vertex 250 -50 2.4158453e-13
  vertex 250 -60 10.000001
  vertex 250 -50 10
 endloop
endfacet
facet normal -1 0 0
 outer loop
  vertex 40 -60 4.689582e-13
  vertex 40 -70 7.549794e-07
  vertex 40 -70 10
 endloop
endfacet
facet normal -1 -0 -0
 outer loop
  vertex 40 -60 4.689582e-13
  vertex 40 -70 10
  vertex 40 -60 10
 endloop
endfacet
facet normal -1 0 0
 outer loop
  vertex 150 -30 4.689582e-13
  vertex 150 -40 7.549793e-07
  vertex 150 -40 10.000001
 endloop
endfacet
facet normal -1 -0 -0
 outer loop
  vertex 150 -30 4.689582e-13
  vertex 150 -40 10.000001
  vertex 150 -30 10
 endloop
endfacet
facet normal -0 -1 -0
 outer loop
  vertex 130 -120 4.689582e-13
  vertex 140 -120 4.689582e-13
  vertex 140 -120 10
 endloop
endfacet
facet normal 0 -1 -0
 outer loop
  vertex 130 -120 4.689582e-13
  vertex 140 -120 10
  vertex 130 -120 10
 endloop
endfacet
facet normal -1 0 0
 outer loop
  vertex 60 -60 4.689582e-13
  vertex 60 -70 7.549794e-07
  vertex 60 -70 10
 endloop
endfacet
facet normal -1 -0 -0
 outer loop
  vertex 60 -60 4.689582e-13
  vertex 60 -70 10
  vertex 60 -60 10
 endloop
endfacet
facet normal -0 -1 -0
 outer loop
  vertex 100 -170 4.689582e-13
  vertex 110 -170 4.689582e-13
  vertex 110 -170 10
 endloop
endfacet
facet normal 0 -1 -0
 outer loop
  vertex 100 -170 4.689582e-13
  vertex 110 -170 10
  vertex 100 -170 10
 endloop
endfacet
facet normal -1 0 0
 outer loop
  vertex 80 -230 9.237056e-13
  vertex 80 -240 7.5497974e-07
  vertex 80 -240 10.000001
 endloop
endfacet
facet normal -1 -0 -0
 outer loop
  vertex 80 -230 9.237056e-13
  vertex 80 -240 10.000001
  vertex 80 -230 10
 endloop
endfacet
facet normal -0 -1 -0
 outer loop
  vertex 160 -10 4.689582e-13
  vertex 170 -10 4.689582e-13
  vertex 170 -10 10
 endloop
endfacet
facet normal 0 -1 -0
 outer loop
  vertex 160 -10 4.689582e-13
  vertex 170 -10 10
  vertex 160 -10 10
 endloop
endfacet
facet normal -1 0 0
 outer loop
  vertex 130 -140 1.4210855e-14
  vertex 130 -150 7.549788e-07
  vertex 130 -150 10.000001
 endloop
endfacet
facet normal -1 -0 -0
 outer loop
  vertex 130 -140 1.4210855e-14
  vertex 130 -150 10.000001
  vertex 130 -140 10
 endloop
endfacet
facet normal -0 -1 -0
 outer loop
  vertex 190 -70 1.2789769e-13
  vertex 200 -70 1.2789769e-13
  vertex 200 -70 10
 endloop
endfacet
facet normal 0 -1 -0
 outer loop
  vertex 190 -70 1.2789769e-13
  vertex 200 -70 10
  vertex 190 -70 10
 endloop
endfacet
facet normal -1 0 0
 outer loop
  vertex 150 -40 2.4158453e-13
  vertex 150 -50 7.549793e-07
  vertex 150 -50 10.000001
 endloop
endfacet
facet normal -1 -0 -0
 outer loop
  vertex 150 -40 2.4158453e-13
  vertex 150 -50 10.000001
  vertex 150 -40 10
 endloop
endfacet
facet normal -0 -1 -0
 outer loop
  vertex 60 -230 9.237056e-13
  vertex 70 -230 9.237056e-13
  vertex 70 -230 10
 endloop
endfacet
facet normal 0 -1 -0
 outer loop
  vertex 60 -230 9.237056e-13
  vertex 70 -230 10
  vertex 60 -230 10
 endloop
endfacet
facet normal -1 0 0
 outer loop
  vertex 170 -120 4.689582e-13
  vertex 170 -130 7.549795e-07
  vertex 170 -130 10.000001
 endloop
endfacet
facet normal -1 -0 -0
 outer loop
  vertex 170 -120 4.689582e-13
  vertex 170 -130 10.000001
  vertex 170 -120 10
 endloop
endfacet
facet normal -0 -1 -0
 outer loop
  vertex 0 -90 1.4210855e-14
  vertex 10 -90 1.4210855e-14
  vertex 10 -90 10
 endloop
endfacet
facet normal 0 -1 -0
 outer loop
  vertex 0 -90 1.4210855e-14
  vertex 10 -90 10
  vertex 0 -90 10
 endloop
endfacet
facet normal -0 -1 -0
 outer loop
  vertex 150 -120 4.689582e-13
  vertex 160 -120 4.689582e-13
  vertex 160 -120 10
 endloop
endfacet
facet normal 0 -1 -0
 outer loop
  vertex 150 -120 4.689582e-13
  vertex 160 -120 10
  vertex 150 -120 10
 endloop
endfacet
facet normal -1 0 0
 outer loop
  vertex 220 -160 4.689582e-13
  vertex 220 -170 7.549793e-07
  vertex 220 -170 10
 endloop
endfacet
facet normal -1 -0 -0
 outer loop
  vertex 220 -160 4.689582e-13
  vertex 220 -170 10
  vertex 220 -160 10
 endloop
endfacet
facet normal -1 0 0
 outer loop
  vertex 130 -110 3.5527137e-13
  vertex 130 -120 7.549793e-07
  vertex 130 -120 10
 endloop
endfacet
facet normal -1 -0 -0
 outer loop
  vertex 130 -110 3.5527137e-13
  vertex 130 -120 10
  vertex 130 -110 10
 endloop
endfacet
facet normal -0 -1 -0
 outer loop
  vertex 110 -50 2.4158453e-13
  vertex 120 -50 2.4158453e-13
  vertex 120 -50 10
 endloop
endfacet
facet normal 0 -1 -0
 outer loop
  vertex 110 -50 2.4158453e-13
  vertex 120 -50 10
  vertex 110 -50 10
 endloop
endfacet
facet normal -0 -1 -0
 outer loop
  vertex 100 -130 -2.1316282e-13
  vertex 110 -130 -2.1316282e-13
  vertex 110 -130 10
 endloop
endfacet
facet normal 0 -1 -0
 outer loop
  vertex 100 -130 -2.1316282e-13
  vertex 110 -130 10
  vertex 100 -130 10
 endloop
endfacet
facet normal -0 -1 -0
 outer loop
  vertex 170 -180 1.4210855e-14
  vertex 180 -180 1.4210855e-14
  vertex 180 -180 10
 endloop
endfacet
facet normal 0 -1 -0
 outer loop
  vertex 170 -180 1.4210855e-14
  vertex 180 -180 10
  vertex 170 -180 10
 endloop
endfacet
facet normal -0 -1 -0
 outer loop
  vertex 210 -240 9.237056e-13
  vertex 220 -240 9.237056e-13
  vertex 220 -240 10
 endloop
endfacet
facet normal 0 -1 -0
 outer loop
  vertex 210 -240 9.237056e-13
  vertex 220 -240 10
  vertex 210 -240 10
 endloop
endfacet
facet normal -0 -1 -0
 outer loop
  vertex 60 -10 4.689582e-13
  vertex 70 -10 4.689582e-13
  vertex 70 -10 10
 endloop
endfacet
facet normal 0 -1 -0
 outer loop
  vertex 60 -10 4.689582e-13
  vertex 70 -10 10
  vertex 60 -10 10
 endloop
endfacet
facet normal -1 0 0
 outer loop
  vertex 200 -100 1.8474111e-13
  vertex 200 -110 7.5497917e-07
  vertex 200 -110 10.000001
 endloop
endfacet
facet normal -1 -0 -0
 outer loop
  vertex 200 -100 1.8474111e-13
  vertex 200 -110 10.000001
  vertex 200 -100 10
 endloop
endfacet
facet normal -1 0 0
 outer loop
  vertex 250 -140 1.4210855e-14
  vertex 250 -150 7.549788e-07
  vertex 250 -150 10.000001
 endloop
endfacet
facet normal -1 -0 -0
 outer loop
  vertex 250 -140 1.4210855e-14
  vertex 250 -150 10.000001
  vertex 250 -140 10
 endloop
endfacet
facet normal -0 -1 -0
 outer loop
  vertex 10 -190 1.4210855e-14
  vertex 20 -190 1.4210855e-14
  vertex 20 -190 10
 endloop
endfacet
facet normal 0 -1 -0
 outer loop
  vertex 10 -190 1.4210855e-14
  vertex 20 -190 10
  vertex 10 -190 10
 endloop
endfacet
facet normal -1 0 0
 outer loop
  vertex 130 -200 1.4210855e-14
  vertex 130 -210 7.549788e-07
  vertex 130 -210 10
 endloop
endfacet
facet normal -1 -0 -0
 outer loop
  vertex 130 -200 1.4210855e-14
  vertex 130 -210 10
  vertex 130 -200 10
 endloop
endfacet
facet normal -1 0 0
 outer loop
  vertex 120 -200 1.4210855e-14
  vertex 120 -210 7.549788e-07
  vertex 120 -210 10
 endloop
endfacet
facet normal -1 -0 -0
 outer loop
  vertex 120 -200 1.4210855e-14
  vertex 120 -210 10
  vertex 120 -200 10
 endloop
endfacet
facet normal -0 -1 -0
 outer loop
  vertex 190 -10 4.689582e-13
  vertex 200 -10 4.689582e-13
  vertex 200 -10 10
 endloop
endfacet
facet normal 0 -1 -0
 outer loop
  vertex 190 -10 4.689582e-13
  vertex 200 -10 10
  vertex 190 -10 10
 endloop
endfacet
facet normal -1 0 0
 outer loop
  vertex 240 -190 1.4210855e-14
  vertex 240 -200 7.549788e-07
  vertex 240 -200 10.000001
 endloop
endfacet
facet normal -1 -0 -0
 outer loop
  vertex 240 -190 1.4210855e-14
  vertex 240 -200 10.000001
  vertex 240 -190 10
 endloop
endfacet
facet normal -1 0 0
 outer loop
  vertex 140 -220 9.237056e-13
  vertex 140 -230 7.5497974e-07
  vertex 140 -230 10.000001
 endloop
endfacet
facet normal -1 -0 -0
 outer loop
  vertex 140 -220 9.237056e-13
  vertex 140 -230 10.000001
  vertex 140 -220 10
 endloop
endfacet
facet normal -1 0 0
 outer loop
  vertex 170 -30 4.689582e-13
  vertex 170 -40 7.549793e-07
  vertex 170 -40 10.000001
 endloop
endfacet
facet normal -1 -0 -0
 outer loop
  vertex 170 -30 4.689582e-13
  vertex 170 -40 10.000001
  vertex 170 -30 10
 endloop
endfacet
facet normal -1 0 0
 outer loop
  vertex 210 -210 1.4210855e-14
  vertex 210 -220 7.5497974e-07
  vertex 210 -220 10.000001
 endloop
endfacet
facet normal -1 -0 -0
 outer loop
  vertex 210 -210 1.4210855e-14
  vertex 210 -220 10.000001
  vertex 210 -210 10
 endloop
endfacet
facet normal -1 0 0
 outer loop
  vertex 50 -190 1.4210855e-14
  vertex 50 -200 7.549788e-07
  vertex 50 -200 10.000001
 endloop
endfacet
facet normal -1 -0 -0
 outer loop
  vertex 50 -190 1.4210855e-14
  vertex 50 -200 10.000001
  vertex 50 -190 10
 endloop
endfacet
facet normal -0 -1 -0
 outer loop
  vertex 180 -130 -2.1316282e-13
  vertex 190 -130 -2.1316282e-13
  vertex 190 -130 10
 endloop
endfacet
facet normal 0 -1 -0
 outer loop
  vertex 180 -130 -2.1316282e-13
  vertex 190 -130 10
  vertex 180 -130 10
 endloop
endfacet
facet normal -1 0 0
 outer loop
  vertex 140 -70 1.2789769e-13
  vertex 140 -80 7.549791e-07
  vertex 140 -80 10.000001
 endloop
endfacet
facet normal -1 -0 -0
 outer loop
  vertex 140 -70 1.2789769e-13
  vertex 140 -80 10.000001
  vertex 140 -70 10
 endloop
endfacet
facet normal -1 0 0
 outer loop
  vertex 110 -70 1.2789769e-13
  vertex 110 -80 7.549791e-07
  vertex 110 -80 10.000001
 endloop
endfacet
facet normal -1 -0 -0
 outer loop
  vertex 110 -70 1.2789769e-13
  vertex 110 -80 10.000001
  vertex 110 -70 10
 endloop
endfacet
facet normal -1 0 0
 outer loop
  vertex 190 -100 1.8474111e-13
  vertex 190 -110 7.5497917e-07
  vertex 190 -110 10.000001
 endloop
endfacet
facet normal -1 -0 -0
 outer loop
  vertex 190 -100 1.8474111e-13
  vertex 190 -110 10.000001
  vertex 190 -100 10
 endloop
endfacet
facet normal -0 -1 -0
 outer loop
  vertex 220 -90 1.4210855e-14
  vertex 230 -90 1.4210855e-14
  vertex 230 -90 10
 endloop
endfacet
facet normal 0 -1 -0
 outer loop
  vertex 220 -90 1.4210855e-14
  vertex 230 -90 10
  vertex 220 -90 10
 endloop
endfacet
facet normal -0 -1 -0
 outer loop
  vertex 180 -50 2.4158453e-13
  vertex 190 -50 2.4158453e-13
  vertex 190 -50 10
 endloop
endfacet
facet normal 0 -1 -0
 outer loop
  vertex 180 -50 2.4158453e-13
  vertex 190 -50 10
  vertex 180 -50 10
 endloop
endfacet
facet normal -0 -1 -0
 outer loop
  vertex 30 -90 1.4210855e-14
  vertex 40 -90 1.4210855e-14
  vertex 40 -90 10
 endloop
endfacet
facet normal 0 -1 -0
 outer loop
  vertex 30 -90 1.4210855e-14
  vertex 40 -90 10
  vertex 30 -90 10
 endloop
endfacet
facet normal -0 -1 -0
 outer loop
  vertex 90 -70 1.2789769e-13
  vertex 100 -70 1.2789769e-13
  vertex 100 -70 10
 endloop
endfacet
facet normal 0 -1 -0
 outer loop
  vertex 90 -70 1.2789769e-13
  vertex 100 -70 10
  vertex 90 -70 10
 endloop
endfacet
facet normal -1 0 0
 outer loop
  vertex 90 -20 1.4210855e-14
  vertex 90 -30 7.549793e-07
  vertex 90 -30 10.000001
 endloop
endfacet
facet normal -1 -0 -0
 outer loop
  vertex 90 -20 1.4210855e-14
  vertex 90 -30 10.000001
  vertex 90 -20 10
 endloop
endfacet
facet normal -1 0 0
 outer loop
  vertex 220 -60 4.689582e-13
  vertex 220 -70 7.549794e-07
  vertex 220 -70 10
 endloop
endfacet
facet normal -1 -0 -0
 outer loop
  vertex 220 -60 4.689582e-13
  vertex 220 -70 10
  vertex 220 -60 10
 endloop
endfacet
facet normal -0 -1 -0
 outer loop
  vertex 160 -60 4.689582e-13
  vertex 170 -60 4.689582e-13
  vertex 170 -60 10
 endloop
endfacet
facet normal 0 -1 -0
 outer loop
  vertex 160 -60 4.689582e-13
  vertex 170 -60 10
  vertex 160 -60 10
 endloop
endfacet
facet normal -0 -1 -0
 outer loop
  vertex 100 -20 1.4210855e-14
  vertex 110 -20 1.4210855e-14
  vertex 110 -20 10
 endloop
endfacet
facet normal 0 -1 -0
 outer loop
  vertex 100 -20 1.4210855e-14
  vertex 110 -20 10
  vertex 100 -20 10
 endloop
endfacet
facet normal -0 -1 -0
 outer loop
  vertex 90 -30 4.689582e-13
  vertex 100 -30 4.689582e-13
  vertex 100 -30 10
 endloop
endfacet
facet normal 0 -1 -0
 outer loop
  vertex 90 -30 4.689582e-13
  vertex 100 -30 10
  vertex 90 -30 10
 endloop
endfacet
facet normal -1 0 0
 outer loop
  vertex 220 -80 2.9842795e-13
  vertex 220 -90 7.549793e-07
  vertex 220 -90 10.000001
 endloop
endfacet
facet normal -1 -0 -0
 outer loop
  vertex 220 -80 2.9842795e-13
  vertex 220 -90 10.000001
  vertex 220 -80 10
 endloop
endfacet
facet normal -0 -1 -0
 outer loop
  vertex 230 -210 1.4210855e-14
  vertex 240 -210 1.4210855e-14
  vertex 240 -210 10
 endloop
endfacet
facet normal 0 -1 -0
 outer loop
  vertex 230 -210 1.4210855e-14
  vertex 240 -210 10
  vertex 230 -210 10
 endloop
endfacet
facet normal -0 -1 -0
 outer loop
  vertex 240 0 1.4210855e-14
  vertex 250 0 1.4210855e-14
  vertex 250 0 10
 endloop
endfacet
facet normal 0 -1 -0
 outer loop
  vertex 240 0 1.4210855e-14
  vertex 250 0 10
  vertex 240 0 10
 endloop
endfacet
facet normal -1 0 0
 outer loop
  vertex 180 -30 4.689582e-13
  vertex 180 -40 7.549793e-07
  vertex 180 -40 10.000001
 endloop
endfacet
facet normal -1 -0 -0
 outer loop
  vertex 180 -30 4.689582e-13
  vertex 180 -40 10.000001
  vertex 180 -30 10
 endloop
endfacet
facet normal -1 0 0
 outer loop
  vertex 130 -70 1.2789769e-13
  vertex 130 -80 7.549791e-07
  vertex 130 -80 10.000001
 endloop
endfacet
facet normal -1 -0 -0
 outer loop
  vertex 130 -70 1.2789769e-13
  vertex 130 -80 10.000001
  vertex 130 -70 10
 endloop
endfacet
facet normal -1 0 0
 outer loop
  vertex 110 -170 4.689582e-13
  vertex 110 -180 7.5497974e-07
  vertex 110 -180 10.000001
 endloop
endfacet
facet normal -1 -0 -0
 outer loop
  vertex 110 -170 4.689582e-13
  vertex 110 -180 10.000001
  vertex 110 -170 10
 endloop
endfacet
facet normal -0 -1 -0
 outer loop
  vertex 40 -130 -2.1316282e-13
  vertex 50 -130 -2.1316282e-13
  vertex 50 -130 10
 endloop
endfacet
facet normal 0 -1 -0
 outer loop
  vertex 40 -130 -2.1316282e-13
  vertex 50 -130 10
  vertex 40 -130 10
 endloop
endfacet
facet normal -1 0 0
 outer loop
  vertex 40 -120 4.689582e-13
  vertex 40 -130 7.549795e-07
  vertex 40 -130 10.000001
 endloop
endfacet
facet normal -1 -0 -0
 outer loop
  vertex 40 -120 4.689582e-13
  vertex 40 -130 10.000001
  vertex 40 -120 10
 endloop
endfacet
facet normal -0 -1 -0
 outer loop
  vertex 200 0 1.4210855e-14
  vertex 210 0 1.4210855e-14
  vertex 210 0 10
 endloop
endfacet
facet normal 0 -1 -0
 outer loop
  vertex 200 0 1.4210855e-14
  vertex 210 0 10
  vertex 200 0 10
 endloop
endfacet
facet normal -1 0 0
 outer loop
  vertex 160 -140 1.4210855e-14
  vertex 160 -150 7.549788e-07
  vertex 160 -150 10.000001
 endloop
endfacet
facet normal -1 -0 -0
 outer loop
  vertex 160 -140 1.4210855e-14
  vertex 160 -150 10.000001
  vertex 160 -140 10
 endloop
endfacet
facet normal -1 0 0
 outer loop
  vertex 90 -200 1.4210855e-14
  vertex 90 -210 7.549788e-07
  vertex 90 -210 10
 endloop
endfacet
facet normal -1 -0 -0
 outer loop
  vertex 90 -200 1.4210855e-14
  vertex 90 -210 10
  vertex 90 -200 10
 endloop
endfacet
facet normal -0 -1 -0
 outer loop
  vertex 70 -240 9.237056e-13
  vertex 80 -240 9.237056e-13
  vertex 80 -240 10
 endloop
endfacet
facet normal 0 -1 -0
 outer loop
  vertex 70 -240 9.237056e-13
  vertex 80 -240 10
  vertex 70 -240 10
 endloop
endfacet
facet normal -0 -1 -0
 outer loop
  vertex 50 -100 1.8474111e-13
  vertex 60 -100 1.8474111e-13
  vertex 60 -100 10
 endloop
endfacet
facet normal 0 -1 -0
 outer loop
  vertex 50 -100 1.8474111e-13
  vertex 60 -100 10
  vertex 50 -100 10
 endloop
endfacet
facet normal -1 0 0
 outer loop
  vertex 130 -140 1.4210855e-14
  vertex 130 -150 7.549788e-07
  vertex 130 -150 10.000001
 endloop
endfacet
facet normal -1 -0 -0
 outer loop
  vertex 130 -140 1.4210855e-14
  vertex 130 -150 10.000001
  vertex 130 -140 10
 endloop
endfacet
facet normal -0 -1 -0
 outer loop
  vertex 130 -50 2.4158453e-13
  vertex 140 -50 2.4158453e-13
  vertex 140 -50 10
 endloop
endfacet
facet normal 0 -1 -0
 outer loop
  vertex 130 -50 2.4158453e-13
  vertex 140 -50 10
  vertex 130 -50 10
 endloop
endfacet
facet normal -0 -1 -0
 outer loop
  vertex 60 -250 -8.9528385e-13
  vertex 70 -250 -8.9528385e-13
  vertex 70 -250 10
 endloop
endfacet
facet normal 0 -1 -0
 outer loop
  vertex 60 -250 -8.9528385e-13
  vertex 70 -250 10
  vertex 60 -250 10
 endloop
endfacet
facet normal -1 0 0
 outer loop
  vertex 240 -150 1.4210855e-14
  vertex 240 -160 7.549793e-07
  vertex 240 -160 10.000001
 endloop
endfacet
facet normal -1 -0 -0
 outer loop
  vertex 240 -150 1.4210855e-14
  vertex 240 -160 10.000001
  vertex 240 -150 10
 endloop
endfacet
facet normal -1 0 0
 outer loop
  vertex 240 -50 2.4158453e-13
  vertex 240 -60 7.549793e-07
  vertex 240 -60 10.000001
 endloop
endfacet
facet normal -1 -0 -0
 outer loop
  vertex 240 -50 2.4158453e-13
  vertex 240 -60 10.000001
  vertex 240 -50 10
 endloop
endfacet
facet normal -0 -1 -0
 outer loop
  vertex 70 -120 4.689582e-13
  vertex 80 -120 4.689582e-13
  vertex 80 -120 10
 endloop
endfacet
facet normal 0 -1 -0
 outer loop
  vertex 70 -120 4.689582e-13
  vertex 80 -120 10
  vertex 70 -120 10
 endloop
endfacet
facet normal -0 -1 -0
 outer loop
  vertex 140 -20 1.4210855e-14
  vertex 150 -20 1.4210855e-14
  vertex 150 -20 10
 endloop
endfacet
facet normal 0 -1 -0
 outer loop
  vertex 140 -20 1.4210855e-14
  vertex 150 -20 10
  vertex 140 -20 10
 endloop
endfacet
facet normal -0 -1 -0
 outer loop
  vertex 220 -200 1.4210855e-14
  vertex 230 -200 1.4210855e-14
  vertex 230 -200 10
 endloop
endfacet
facet normal 0 -1 -0
 outer loop
  vertex 220 -200 1.4210855e-14
  vertex 230 -200 10
  vertex 220 -200 10
 endloop
endfacet
facet normal -0 -1 -0
 outer loop
  vertex 20 -70 1.2789769e-13
  vertex 30 -70 1.2789769e-13
  vertex 30 -70 10
 endloop
endfacet
facet normal 0 -1 -0
 outer loop
  vertex 20 -70 1.2789769e-13
  vertex 30 -70 10
  vertex 20 -70 10
 endloop
endfacet
facet normal -0 -1 -0
 outer loop
  vertex 60 -40 2.4158453e-13
  vertex 70 -40 2.4158453e-13
  vertex 70 -40 10
 endloop
endfacet
facet normal 0 -1 -0
 outer loop
  vertex 60 -40 2.4158453e-13
  vertex 70 -40 10
  vertex 60 -40 10
 endloop
endfacet
facet normal -1 0 0
 outer loop
  vertex 90 -220 9.237056e-13
  vertex 90 -230 7.5497974e-07
  vertex 90 -230 10.000001
 endloop
endfacet
facet normal -1 -0 -0
 outer loop
  vertex 90 -220 9.237056e-13
  vertex 90 -230 10.000001
  vertex 90 -220 10
 endloop
endfacet
facet normal -1 0 0
 outer loop
  vertex 40 -90 1.4210855e-14
  vertex 40 -100 7.54979e-07
  vertex 40 -100 10.000001
 endloop
endfacet
facet normal -1 -0 -0
 outer loop
  vertex 40 -90 1.4210855e-14
  vertex 40 -100 10.000001
  vertex 40 -90 10
 endloop
endfacet
facet normal -1 0 0
 outer loop
  vertex 100 -60 4.689582e-13
  vertex 100 -70 7.549794e-07
  vertex 100 -70 10
 endloop
endfacet
facet normal -1 -0 -0
 outer loop
  vertex 100 -60 4.689582e-13
  vertex 100 -70 10
  vertex 100 -60 10
 endloop
endfacet
facet normal -0 -1 -0
 outer loop
  vertex 10 -10 4.689582e-13
  vertex 20 -10 4.689582e-13
  vertex 20 -10 10
 endloop
endfacet
facet normal 0 -1 -0
 outer loop
  vertex 10 -10 4.689582e-13
  vertex 20 -10 10
  vertex 10 -10 10
 endloop
endfacet
facet normal -1 0 0
 outer loop
  vertex 20 -220 9.237056e-13
  vertex 20 -230 7.5497974e-07
  vertex 20 -230 10.000001
 endloop
endfacet
facet normal -1 -0 -0
 outer loop
  vertex 20 -220 9.237056e-13
  vertex 20 -230 10.000001
  vertex 20 -220 10
 endloop
endfacet
facet normal -0 -1 -0
 outer loop
  vertex 200 -160 4.689582e-13
  vertex 210 -160 4.689582e-13
  vertex 210 -160 10
 endloop
endfacet
facet normal 0 -1 -0
 outer loop
  vertex 200 -160 4.689582e-13
  vertex 210 -160 10
  vertex 200 -160 10
 endloop
endfacet
facet normal -0 -1 -0
 outer loop
  vertex 110 -10 4.689582e-13
  vertex 120 -10 4.689582e-13
  vertex 120 -10 10
 endloop
endfacet
facet normal 0 -1 -0
 outer loop
  vertex 110 -10 4.689582e-13
  vertex 120 -10 10
  vertex 110 -10 10
 endloop
endfacet
facet normal -1 0 0
 outer loop
  vertex 180 -70 1.2789769e-13
  vertex 180 -80 7.549791e-07
  vertex 180 -80 10.000001
 endloop
endfacet
facet normal -1 -0 -0
 outer loop
  vertex 180 -70 1.2789769e-13
  vertex 180 -80 10.000001
  vertex 180 -70 10
 endloop
endfacet
facet normal -0 -1 -0
 outer loop
  vertex 240 -40 2.4158453e-13
  vertex 250 -40 2.4158453e-13
  vertex 250 -40 10
 endloop
endfacet
facet normal 0 -1 -0
 outer loop
  vertex 240 -40 2.4158453e-13
  vertex 250 -40 10
  vertex 240 -40 10
 endloop
endfacet
facet normal -0 -1 -0
 outer loop
  vertex 130 0 1.4210855e-14
  vertex 140 0 1.4210855e-14
  vertex 140 0 10
 endloop
endfacet
facet normal 0 -1 -0
 outer loop
  vertex 130 0 1.4210855e-14
  vertex 140 0 10
  vertex 130 0 10
 endloop
endfacet
facet normal -1 0 0
 outer loop
  vertex 40 -190 1.4210855e-14
  vertex 40 -200 7.549788e-07
  vertex 40 -200 10.000001
 endloop
endfacet
facet normal -1 -0 -0
 outer loop
  vertex 40 -190 1.4210855e-14
  vertex 40 -200 10.000001
  vertex 40 -190 10
 endloop
endfacet
facet normal -0 -1 -0
 outer loop
  vertex 200 -20 1.4210855e-14
  vertex 210 -20 1.4210855e-14
  vertex 210 -20 10
 endloop
endfacet
facet normal 0 -1 -0
 outer loop
  vertex 200 -20 1.4210855e-14
  vertex 210 -20 10
  vertex 200 -20 10
 endloop
endfacet
facet normal -0 -1 -0
 outer loop
  vertex 190 -80 2.9842795e-13
  vertex 200 -80 2.9842795e-13
  vertex 200 -80 10
 endloop
endfacet
facet normal 0 -1 -0
 outer loop
  vertex 190 -80 2.9842795e-13
  vertex 200 -80 10
  vertex 190 -80 10
 endloop
endfacet
facet normal -0 -1 -0
 outer loop
  vertex 170 -70 1.2789769e-13
  vertex 180 -70 1.2789769e-13
  vertex 180 -70 10
 endloop
endfacet
facet normal 0 -1 -0
 outer loop
  vertex 170 -70 1.2789769e-13
  vertex 180 -70 10
  vertex 170 -70 10
 endloop
endfacet
facet normal -1 0 0
 outer loop
  vertex 190 -170 4.689582e-13
  vertex 190 -180 7.5497974e-07
  vertex 190 -180 10.000001
 endloop
endfacet
facet normal -1 -0 -0
 outer loop
  vertex 190 -170 4.689582e-13
  vertex 190 -180 10.000001
  vertex 190 -170 10
 endloop
endfacet
facet normal -1 0 0
 outer loop
  vertex 110 -90 1.4210855e-14
  vertex 110 -100 7.54979e-07
  vertex 110 -100 10.000001
 endloop
endfacet
facet normal -1 -0 -0
 outer loop
  vertex 110 -90 1.4210855e-14
  vertex 110 -100 10.000001
  vertex 110 -90 10
 endloop
endfacet
facet normal -0 -1 -0
 outer loop
  vertex 210 -20 1.4210855e-14
  vertex 220 -20 1.4210855e-14
  vertex 220 -20 10
 endloop
endfacet
facet normal 0 -1 -0
 outer loop
  vertex 210 -20 1.4210855e-14
  vertex 220 -20 10
  vertex 210 -20 10
 endloop
endfacet
facet normal -0 -1 -0
 outer loop
  vertex 150 0 1.4210855e-14
  vertex 160 0 1.4210855e-14
  vertex 160 0 10
 endloop
endfacet
facet normal 0 -1 -0
 outer loop
  vertex 150 0 1.4210855e-14
  vertex 160 0 10
  vertex 150 0 10
 endloop
endfacet
facet normal -1 0 0
 outer loop
  vertex 240 -70 1.2789769e-13
  vertex 240 -80 7.549791e-07
  vertex 240 -80 10.000001
 endloop
endfacet
facet normal -1 -0 -0
 outer loop
  vertex 240 -70 1.2789769e-13
  vertex 240 -80 10.000001
  vertex 240 -70 10
 endloop
endfacet
facet normal -1 0 0
 outer loop
  vertex 180 -190 1.4210855e-14
  vertex 180 -200 7.549788e-07
  vertex 180 -200 10.000001
 endloop
endfacet
facet normal -1 -0 -0
 outer loop
  vertex 180 -190 1.4210855e-14
  vertex 180 -200 10.000001
  vertex 180 -190 10
 endloop
endfacet
facet normal -0 -1 -0
 outer loop
  vertex 190 -60 4.689582e-13
  vertex 200 -60 4.689582e-13
  vertex 200 -60 10
 endloop
endfacet
facet normal 0 -1 -0
 outer loop
  vertex 190 -60 4.689582e-13
  vertex 200 -60 10
  vertex 190 -60 10
 endloop
endfacet
facet normal -1 0 0
 outer loop
  vertex 120 -150 1.4210855e-14
  vertex 120 -160 7.549793e-07
  vertex 120 -160 10.000001
 endloop
endfacet
facet normal -1 -0 -0
 outer loop
  vertex 120 -150 1.4210855e-14
  vertex 120 -160 10.000001
  vertex 120 -150 10
 endloop
endfacet
facet normal -0 -1 -0
 outer loop
  vertex 180 -220 9.237056e-13
  vertex 190 -220 9.237056e-13
  vertex 190 -220 10
 endloop
endfacet
facet normal 0 -1 -0
 outer loop
  vertex 180 -220 9.237056e-13
  vertex 190 -220 10
  vertex 180 -220 10
 endloop
endfacet
facet normal -0 -1 -0
 outer loop
  vertex 0 -70 1.2789769e-13
  vertex 10 -70 1.2789769e-13
  vertex 10 -70 10
 endloop
endfacet
facet normal 0 -1 -0
 outer loop
  vertex 0 -70 1.2789769e-13
  vertex 10 -70 10
  vertex 0 -70 10
 endloop
endfacet
facet normal -1 0 0
 outer loop
  vertex 100 -80 2.9842795e-13
  vertex 100 -90 7.549793e-07
  vertex 100 -90 10.000001
 endloop
endfacet
facet normal -1 -0 -0
 outer loop
  vertex 100 -80 2.9842795e-13
  vertex 100 -90 10.000001
  vertex 100 -80 10
 endloop
endfacet
facet normal -1 0 0
 outer loop
  vertex 130 -210 1.4210855e-14
  vertex 130 -220 7.5497974e-07
  vertex 130 -220 10.000001
 endloop
endfacet
facet normal -1 -0 -0
 outer loop
  vertex 130 -210 1.4210855e-14
  vertex 130 -220 10.000001
  vertex 130 -210 10
 endloop
endfacet
facet normal -0 -1 -0
 outer loop
  vertex 170 -240 9.237056e-13
  vertex 180 -240 9.237056e-13
  vertex 180 -240 10
 endloop
endfacet
facet normal 0 -1 -0
 outer loop
  vertex 170 -240 9.237056e-13
  vertex 180 -240 10
  vertex 170 -240 10
 endloop
endfacet
facet normal -0 -1 -0
 outer loop
  vertex 220 -60 4.689582e-13
  vertex 230 -60 4.689582e-13
  vertex 230 -60 10
 endloop
endfacet
facet normal 0 -1 -0
 outer loop
  vertex 220 -60 4.689582e-13
  vertex 230 -60 10
  vertex 220 -60 10
 endloop
endfacet
facet normal -1 0 0
 outer loop
  vertex 120 -220 9.237056e-13
  vertex 120 -230 7.5497974e-07
  vertex 120 -230 10.000001
 endloop
endfacet
facet normal -1 -0 -0
 outer loop
  vertex 120 -220 9.237056e-13
  vertex 120 -230 10.000001
  vertex 120 -220 10
 endloop
endfacet
facet normal -0 -1 -0
 outer loop
  vertex 130 -40 2.4158453e-13
  vertex 140 -40 2.4158453e-13
  vertex 140 -40 10
 endloop
endfacet
facet normal 0 -1 -0
 outer loop
  vertex 130 -40 2.4158453e-13
  vertex 140 -40 10
  vertex 130 -40 10
 endloop
endfacet
facet normal -1 0 0
 outer loop
  vertex 200 -100 1.8474111e-13
  vertex 200 -110 7.5497917e-07
  vertex 200 -110 10.000001
 endloop
endfacet
facet normal -1 -0 -0
 outer loop
  vertex 200 -100 1.8474111e-13
  vertex 200 -110 10.000001
  vertex 200 -100 10
 endloop
endfacet
facet normal -0 -1 -0
 outer loop
  vertex 240 -30 4.689582e-13
  vertex 250 -30 4.689582e-13
  vertex 250 -30 10
 endloop
endfacet
facet normal 0 -1 -0
 outer loop
  vertex 240 -30 4.689582e-13
  vertex 250 -30 10
  vertex 240 -30 10
 endloop
endfacet
facet normal -0 -1 -0
 outer loop
  vertex 130 -250 -8.9528385e-13
  vertex 140 -250 -8.9528385e-13
  vertex 140 -250 10
 endloop
endfacet
facet normal 0 -1 -0
 outer loop
  vertex 130 -250 -8.9528385e-13
  vertex 140 -250 10
  vertex 130 -250 10
 endloop
endfacet
facet normal -0 -1 -0
 outer loop
  vertex 20 -10 4.689582e-13
  vertex 30 -10 4.689582e-13
  vertex 30 -10 10
 endloop
endfacet
facet normal 0 -1 -0
 outer loop
  vertex 20 -10 4.689582e-13
  vertex 30 -10 10
  vertex 20 -10 10
 endloop
endfacet
facet normal -1 0 0
 outer loop
  vertex 0 -80 2.9842795e-13
  vertex 0 -90 7.549793e-07
  vertex 0 -90 10.000001
 endloop
endfacet
facet normal -1 -0 -0
 outer loop
  vertex 0 -80 2.9842795e-13
  vertex 0 -90 10.000001
  vertex 0 -80 10
 endloop
endfacet
facet normal -0 -1 -0
 outer loop
  vertex 10 -70 1.2789769e-13
  vertex 20 -70 1.2789769e-13
  vertex 20 -70 10
 endloop
endfacet
facet normal 0 -1 -0
 outer loop
  vertex 10 -70 1.2789769e-13
  vertex 20 -70 10
  vertex 10 -70 10
 endloop
endfacet
facet normal -0 -1 -0
 outer loop
  vertex 40 -200 1.4210855e-14
  vertex 50 -200 1.4210855e-14
  vertex 50 -200 10
 endloop
endfacet
facet normal 0 -1 -0
 outer loop
  vertex 40 -200 1.4210855e-14
  vertex 50 -200 10
  vertex 40 -200 10
 endloop
endfacet
facet normal -0 -1 -0
 outer loop
  vertex 120 -100 1.8474111e-13
  vertex 130 -100 1.8474111e-13
  vertex 130 -100 10
 endloop
endfacet
facet normal 0 -1 -0
 outer loop
  vertex 120 -100 1.8474111e-13
  vertex 130 -100 10
  vertex 120 -100 10
 endloop
endfacet
facet normal -1 0 0
 outer loop
  vertex 30 -230 9.237056e-13
  vertex 30 -240 7.5497974e-07
  vertex 30 -240 10.000001
 endloop
endfacet
facet normal -1 -0 -0
 outer loop
  vertex 30 -230 9.237056e-13
  vertex 30 -240 10.000001
  vertex 30 -230 10
 endloop
endfacet
facet normal -0 -1 -0
 outer loop
  vertex 220 0 1.4210855e-14
  vertex 230 0 1.4210855e-14
  vertex 230 0 10
 endloop
endfacet
facet normal 0 -1 -0
 outer loop
  vertex 220 0 1.4210855e-14
  vertex 230 0 10
  vertex 220 0 10
 endloop
endfacet
facet normal -1 0 0
 outer loop
  vertex 130 -80 2.9842795e-13
  vertex 130 -90 7.549793e-07
  vertex 130 -90 10.000001
 endloop
endfacet
facet normal -1 -0 -0
 outer loop
  vertex 130 -80 2.9842795e-13
  vertex 130 -90 10.000001
  vertex 130 -80 10
 endloop
endfacet
facet normal -0 -1 -0
 outer loop
  vertex 80 -200 1.4210855e-14
  vertex 90 -200 1.4210855e-14
  vertex 90 -200 10
 endloop
endfacet
facet normal 0 -1 -0
 outer loop
  vertex 80 -200 1.4210855e-14
  vertex 90 -200 10
  vertex 80 -200 10
 endloop
endfacet
facet normal -1 0 0
 outer loop
  vertex 210 -80 2.9842795e-13
  vertex 210 -90 7.549793e-07
  vertex 210 -90 10.000001
 endloop
endfacet
facet normal -1 -0 -0
 outer loop
  vertex 210 -80 2.9842795e-13
  vertex 210 -90 10.000001
  vertex 210 -80 10
 endloop
endfacet
facet normal -0 -1 -0
 outer loop
  vertex 90 -180 1.4210855e-14
  vertex 100 -180 1.4210855e-14
  vertex 100 -180 10
 endloop
endfacet
facet normal 0 -1 -0
 outer loop
  vertex 90 -180 1.4210855e-14
  vertex 100 -180 10
  vertex 90 -180 10
 endloop
endfacet
facet normal -1 0 0
 outer loop
  vertex 60 -10 4.689582e-13
  vertex 60 -20 7.549793e-07
  vertex 60 -20 10
 endloop
endfacet
facet normal -1 -0 -0
 outer loop
  vertex 60 -10 4.689582e-13
  vertex 60 -20 10
  vertex 60 -10 10
 endloop
endfacet
facet normal -0 -1 -0
 outer loop
  vertex 140 -170 4.689582e-13
  vertex 150 -170 4.689582e-13
  vertex 150 -170 10
 endloop
endfacet
facet normal 0 -1 -0
 outer loop
  vertex 140 -170 4.689582e-13
  vertex 150 -170 10
  vertex 140 -170 10
 endloop
endfacet
facet normal -1 0 0
 outer loop
  vertex 180 -110 3.5527137e-13
  vertex 180 -120 7.549793e-07
  vertex 180 -120 10
 endloop
endfacet
facet normal -1 -0 -0
 outer loop
  vertex 180 -110 3.5527137e-13
  vertex 180 -120 10
  vertex 180 -110 10
 endloop
endfacet
facet normal -1 0 0
 outer loop
  vertex 240 -170 4.689582e-13
  vertex 240 -180 7.5497974e-07
  vertex 240 -180 10.000001
 endloop
endfacet
facet normal -1 -0 -0
 outer loop
  vertex 240 -170 4.689582e-13
  vertex 240 -180 10.000001
  vertex 240 -170 10
 endloop
endfacet
facet normal -0 -1 -0
 outer loop
  vertex 110 -150 1.4210855e-14
  vertex 120 -150 1.4210855e-14
  vertex 120 -150 10
 endloop
endfacet
facet normal 0 -1 -0
 outer loop
  vertex 110 -150 1.4210855e-14
  vertex 120 -150 10
  vertex 110 -150 10
 endloop
endfacet
facet normal -0 -1 -0
 outer loop
  vertex 170 -30 4.689582e-13
  vertex 180 -30 4.689582e-13
  vertex 180 -30 10
 endloop
endfacet
facet normal 0 -1 -0
 outer loop
  vertex 170 -30 4.689582e-13
  vertex 180 -30 10
  vertex 170 -30 10
 endloop
endfacet
facet normal -1 0 0
 outer loop
  vertex 100 -210 1.4210855e-14
  vertex 100 -220 7.5497974e-07
  vertex 100 -220 10.000001
 endloop
endfacet
facet normal -1 -0 -0
 outer loop
  vertex 100 -210 1.4210855e-14
  vertex 100 -220 10.000001
  vertex 100 -210 10
 endloop
endfacet
facet normal -0 -1 -0
 outer loop
  vertex 150 -70 1.2789769e-13
  vertex 160 -70 1.2789769e-13
  vertex 160 -70 10
 endloop
endfacet
facet normal 0 -1 -0
 outer loop
  vertex 150 -70 1.2789769e-13
  vertex 160 -70 10
  vertex 150 -70 10
 endloop
endfacet
facet normal -1 0 0
 outer loop
  vertex 10 -30 4.689582e-13
  vertex 10 -40 7.549793e-07
  vertex 10 -40 10.000001
 endloop
endfacet
facet normal -1 -0 -0
 outer loop
  vertex 10 -30 4.689582e-13
  vertex 10 -40 10.000001
  vertex 10 -30 10
 endloop
endfacet
facet normal -1 0 0
 outer loop
  vertex 170 -100 1.8474111e-13
  vertex 170 -110 7.5497917e-07
  vertex 170 -110 10.000001
 endloop
endfacet
facet normal -1 -0 -0
 outer loop
  vertex 170 -100 1.8474111e-13
  vertex 170 -110 10.000001
  vertex 170 -100 10
 endloop
endfacet
facet normal -1 0 0
 outer loop
  vertex 180 -110 3.5527137e-13
  vertex 180 -120 7.549793e-07
  vertex 180 -120 10
 endloop
endfacet
facet normal -1 -0 -0
 outer loop
  vertex 180 -110 3.5527137e-13
  vertex 180 -120 10
  vertex 180 -110 10
 endloop
endfacet
facet normal -0 -1 -0
 outer loop
  vertex 210 -180 1.4210855e-14
  vertex 220 -180 1.4210855e-14
  vertex 220 -180 10
 endloop
endfacet
facet normal 0 -1 -0
 outer loop
  vertex 210 -180 1.4210855e-14
  vertex 220 -180 10
  vertex 210 -180 10
 endloop
endfacet
facet normal -1 0 0
 outer loop
  vertex 30 -180 1.4210855e-14
  vertex 30 -190 7.549788e-07
  vertex 30 -190 10.000001
 endloop
endfacet
facet normal -1 -0 -0
 outer loop
  vertex 30 -180 1.4210855e-14
  vertex 30 -190 10.000001
  vertex 30 -180 10
 endloop
endfacet
facet normal -0 -1 -0
 outer loop
  vertex 0 -210 1.4210855e-14
  vertex 10 -210 1.4210855e-14
  vertex 10 -210 10
 endloop
endfacet
facet normal 0 -1 -0
 outer loop
  vertex 0 -210 1.4210855e-14
  vertex 10 -210 10
  vertex 0 -210 10
 endloop
endfacet
facet normal -0 -1 -0
 outer loop
  vertex 160 -160 4.689582e-13
  vertex 170 -160 4.689582e-13
  vertex 170 -160 10
 endloop
endfacet
facet normal 0 -1 -0
 outer loop
  vertex 160 -160 4.689582e-13
  vertex 170 -160 10
  vertex 160 -160 10
 endloop
endfacet
facet normal -1 0 0
 outer loop
  vertex 250 -230 9.237056e-13
  vertex 250 -240 7.5497974e-07
  vertex 250 -240 10.000001
 endloop
endfacet
facet normal -1 -0 -0
 outer loop
  vertex 250 -230 9.237056e-13
  vertex 250 -240 10.000001
  vertex 250 -230 10
 endloop
endfacet
facet normal -1 0 0
 outer loop
  vertex 220 -110 3.5527137e-13
  vertex 220 -120 7.549793e-07
  vertex 220 -120 10
 endloop
endfacet
facet normal -1 -0 -0
 outer loop
  vertex 220 -110 3.5527137e-13
  vertex 220 -120 10
  vertex 220 -110 10
 endloop
endfacet
facet normal -1 0 0
 outer loop
  vertex 200 -30 4.689582e-13
  vertex 200 -40 7.549793e-07
  vertex 200 -40 10.000001
 endloop
endfacet
facet normal -1 -0 -0
 outer loop
  vertex 200 -30 4.689582e-13
  vertex 200 -40 10.000001
  vertex 200 -30 10
 endloop
endfacet
facet normal -1 0 0
 outer loop
  vertex 70 -120 4.689582e-13
  vertex 70 -130 7.549795e-07
  vertex 70 -130 10.000001
 endloop
endfacet
facet normal -1 -0 -0
 outer loop
  vertex 70 -120 4.689582e-13
  vertex 70 -130 10.000001
  vertex 70 -120 10
 endloop
endfacet
facet normal -1 0 0
 outer loop
  vertex 150 -190 1.4210855e-14
  vertex 150 -200 7.549788e-07
  vertex 150 -200 10.000001
 endloop
endfacet
facet normal -1 -0 -0
 outer loop
  vertex 150 -190 1.4210855e-14
  vertex 150 -200 10.000001
  vertex 150 -190 10
 endloop
endfacet
facet normal -1 0 0
 outer loop
  vertex 250 -120 4.689582e-13
  vertex 250 -130 7.549795e-07
  vertex 250 -130 10.000001
 endloop
endfacet
facet normal -1 -0 -0
 outer loop
  vertex 250 -120 4.689582e-13
  vertex 250 -130 10.000001
  vertex 250 -120 10
 endloop
endfacet
facet normal -0 -1 -0
 outer loop
  vertex 140 -110 3.5527137e-13
  vertex 150 -110 3.5527137e-13
  vertex 150 -110 10
 endloop
endfacet
facet normal 0 -1 -0
 outer loop
  vertex 140 -110 3.5527137e-13
  vertex 150 -110 10
  vertex 140 -110 10
 endloop
endfacet
facet normal -1 0 0
 outer loop
  vertex 110 -60 4.689582e-13
  vertex 110 -70 7.549794e-07
  vertex 110 -70 10
 endloop
endfacet
facet normal -1 -0 -0
 outer loop
  vertex 110 -60 4.689582e-13
  vertex 110 -70 10
  vertex 110 -60 10
 endloop
endfacet
facet normal -1 0 0
 outer loop
  vertex 210 -70 1.2789769e-13
  vertex 210 -80 7.549791e-07
  vertex 210 -80 10.000001
 endloop
endfacet
facet normal -1 -0 -0
 outer loop
  vertex 210 -70 1.2789769e-13
  vertex 210 -80 10.000001
  vertex 210 -70 10
 endloop
endfacet
facet normal -0 -1 -0
 outer loop
  vertex 190 -180 1.4210855e-14
  vertex 200 -180 1.4210855e-14
  vertex 200 -180 10
 endloop
endfacet
facet normal 0 -1 -0
 outer loop
  vertex 190 -180 1.4210855e-14
  vertex 200 -180 10
  vertex 190 -180 10
 endloop
endfacet
facet normal -1 0 0
 outer loop
  vertex 90 -120 4.689582e-13
  vertex 90 -130 7.549795e-07
  vertex 90 -130 10.000001
 endloop
endfacet
facet normal -1 -0 -0
 outer loop
  vertex 90 -120 4.689582e-13
  vertex 90 -130 10.000001
  vertex 90 -120 10
 endloop
endfacet
facet normal -1 0 0
 outer loop
  vertex 210 -130 -2.1316282e-13
  vertex 210 -140 7.549788e-07
  vertex 210 -140 10.000001
 endloop
endfacet
facet normal -1 -0 -0
 outer loop
  vertex 210 -130 -2.1316282e-13
  vertex 210 -140 10.000001
  vertex 210 -130 10
 endloop
endfacet
facet normal -0 -1 -0
 outer loop
  vertex 190 -210 1.4210855e-14
  vertex 200 -210 1.4210855e-14
  vertex 200 -210 10
 endloop
endfacet
facet normal 0 -1 -0
 outer loop
  vertex 190 -210 1.4210855e-14
  vertex 200 -210 10
  vertex 190 -210 10
 endloop
endfacet
facet normal -0 -1 -0
 outer loop
  vertex 120 -10 4.689582e-13
  vertex 130 -10 4.689582e-13
  vertex 130 -10 10
 endloop
endfacet
facet normal 0 -1 -0
 outer loop
  vertex 120 -10 4.689582e-13
  vertex 130 -10 10
  vertex 120 -10 10
 endloop
endfacet
facet normal -1 0 0
 outer loop
  vertex 100 -110 3.5527137e-13
  vertex 100 -120 7.549793e-07
  vertex 100 -120 10
 endloop
endfacet
facet normal -1 -0 -0
 outer loop
  vertex 100 -110 3.5527137e-13
  vertex 100 -120 10
  vertex 100 -110 10
 endloop
endfacet
facet normal -1 0 0
 outer loop
  vertex 140 -70 1.2789769e-13
  vertex 140 -80 7.549791e-07
  vertex 140 -80 10.000001
 endloop
endfacet
facet normal -1 -0 -0
 outer loop
  vertex 140 -70 1.2789769e-13
  vertex 140 -80 10.000001
  vertex 140 -70 10
 endloop
endfacet
facet normal -1 0 0
 outer loop
  vertex 240 -40 2.4158453e-13
  vertex 240 -50 7.549793e-07
  vertex 240 -50 10.000001
 endloop
endfacet
facet normal -1 -0 -0
 outer loop
  vertex 240 -40 2.4158453e-13
  vertex 240 -50 10.000001
  vertex 240 -40 10
 endloop
endfacet
facet normal -0 -1 -0
 outer loop
  vertex 40 -250 -8.9528385e-13
  vertex 50 -250 -8.9528385e-13
  vertex 50 -250 10
 endloop
endfacet
facet normal 0 -1 -0
 outer loop
  vertex 40 -250 -8.9528385e-13
  vertex 50 -250 10
  vertex 40 -250 10
 endloop
endfacet
facet normal -1 0 0
 outer loop
  vertex 150 -150 1.4210855e-14
  vertex 150 -160 7.549793e-07
  vertex 150 -160 10.000001
 endloop
endfacet
facet normal -1 -0 -0
 outer loop
  vertex 150 -150 1.4210855e-14
  vertex 150 -160 10.000001
  vertex 150 -150 10
 endloop
endfacet
facet normal -0 -1 -0
 outer loop
  vertex 140 -10 4.689582e-13
  vertex 150 -10 4.689582e-13
  vertex 150 -10 10
 endloop
endfacet
facet normal 0 -1 -0
 outer loop
  vertex 140 -10 4.689582e-13
  vertex 150 -10 10
  vertex 140 -10 10
 endloop
endfacet
facet normal -1 0 0
 outer loop
  vertex 20 -50 2.4158453e-13
  vertex 20 -60 7.549793e-07
  vertex 20 -60 10.000001
 endloop
endfacet
facet normal -1 -0 -0
 outer loop
  vertex 20 -50 2.4158453e-13
  vertex 20 -60 10.000001
  vertex 20 -50 10
 endloop
endfacet
facet normal -1 0 0
 outer loop
  vertex 20 -110 3.5527137e-13
  vertex 20 -120 7.549793e-07
  vertex 20 -120 10
 endloop
endfacet
facet normal -1 -0 -0
 outer loop
  vertex 20 -110 3.5527137e-13
  vertex 20 -120 10
  vertex 20 -110 10
 endloop
endfacet
facet normal -0 -1 -0
 outer loop
  vertex 140 -100 1.8474111e-13
  vertex 150 -100 1.8474111e-13
  vertex 150 -100 10
 endloop
endfacet
facet normal 0 -1 -0
 outer loop
  vertex 140 -100 1.8474111e-13
  vertex 150 -100 10
  vertex 140 -100 10
 endloop
endfacet
facet normal -0 -1 -0
 outer loop
  vertex 130 -150 1.4210855e-14
  vertex 140 -150 1.4210855e-14
  vertex 140 -150 10
 endloop
endfacet
facet normal 0 -1 -0
 outer loop
  vertex 130 -150 1.4210855e-14
  vertex 140 -150 10
  vertex 130 -150 10
 endloop
endfacet
facet normal -1 0 0
 outer loop
  vertex 60 -220 9.237056e-13
  vertex 60 -230 7.5497974e-07
  vertex 60 -230 10.000001
 endloop
endfacet
facet normal -1 -0 -0
 outer loop
  vertex 60 -220 9.237056e-13
  vertex 60 -230 10.000001
  vertex 60 -220 10
 endloop
endfacet
facet normal -0 -1 -0
 outer loop
  vertex 190 -150 1.4210855e-14
  vertex 200 -150 1.4210855e-14
  vertex 200 -150 10
 endloop
endfacet
facet normal 0 -1 -0
 outer loop
  vertex 190 -150 1.4210855e-14
  vertex 200 -150 10
  vertex 190 -150 10
 endloop
endfacet
facet normal -1 0 0
 outer loop
  vertex 120 -60 4.689582e-13
  vertex 120 -70 7.549794e-07
  vertex 120 -70 10
 endloop
endfacet
facet normal -1 -0 -0
 outer loop
  vertex 120 -60 4.689582e-13
  vertex 120 -70 10
  vertex 120 -60 10
 endloop
endfacet
facet normal -0 -1 -0
 outer loop
  vertex 160 -250 -8.9528385e-13
  vertex 170 -250 -8.9528385e-13
  vertex 170 -250 10
 endloop
endfacet
facet normal 0 -1 -0
 outer loop
  vertex 160 -250 -8.9528385e-13
  vertex 170 -250 10
  vertex 160 -250 10
 endloop
endfacet
facet normal -1 0 0
 outer loop
  vertex 0 -240 9.237056e-13
  vertex 0 -250 7.5497974e-07
  vertex 0 -250 10.000001
 endloop
endfacet
facet normal -1 -0 -0
 outer loop
  vertex 0 -240 9.237056e-13
  vertex 0 -250 10.000001
  vertex 0 -240 10
 endloop
endfacet
facet normal -0 -1 -0
 outer loop
  vertex 240 -180 1.4210855e-14
  vertex 250 -180 1.4210855e-14
  vertex 250 -180 10
 endloop
endfacet
facet normal 0 -1 -0
 outer loop
  vertex 240 -180 1.4210855e-14
  vertex 250 -180 10
  vertex 240 -180 10
 endloop
endfacet
facet normal -1 0 0
 outer loop
  vertex 170 -40 2.4158453e-13
  vertex 170 -50 7.549793e-07
  vertex 170 -50 10.000001
 endloop
endfacet
facet normal -1 -0 -0
 outer loop
  vertex 170 -40 2.4158453e-13
  vertex 170 -50 10.000001
  vertex 170 -40 10
 endloop
endfacet
facet normal -1 0 0
 outer loop
  vertex 130 -180 1.4210855e-14
  vertex 130 -190 7.549788e-07
  vertex 130 -190 10.000001
 endloop
endfacet
facet normal -1 -0 -0
 outer loop
  vertex 130 -180 1.4210855e-14
  vertex 130 -190 10.000001
  vertex 130 -180 10
 endloop
endfacet
facet normal -1 0 0
 outer loop
  vertex 100 -160 4.689582e-13
  vertex 100 -170 7.549793e-07
  vertex 100 -170 10
 endloop
endfacet
facet normal -1 -0 -0
 outer loop
  vertex 100 -160 4.689582e-13
  vertex 100 -170 10
  vertex 100 -160 10
 endloop
endfacet
facet normal -1 0 0
 outer loop
  vertex 190 -160 4.689582e-13
  vertex 190 -170 7.549793e-07
  vertex 190 -170 10
 endloop
endfacet
facet normal -1 -0 -0
 outer loop
  vertex 190 -160 4.689582e-13
  vertex 190 -170 10
  vertex 190 -160 10
 endloop
endfacet
facet normal -0 -1 -0
 outer loop
  vertex 150 -110 3.5527137e-13
  vertex 160 -110 3.5527137e-13
  vertex 160 -110 10
 endloop
endfacet
facet normal 0 -1 -0
 outer loop
  vertex 150 -110 3.5527137e-13
  vertex 160 -110 10
  vertex 150 -110 10
 endloop
endfacet
facet normal -1 0 0
 outer loop
  vertex 130 -240 9.237056e-13
  vertex 130 -250 7.5497974e-07
  vertex 130 -250 10.000001
 endloop
endfacet
facet normal -1 -0 -0
 outer loop
  vertex 130 -240 9.237056e-13
  vertex 130 -250 10.000001
  vertex 130 -240 10
 endloop
endfacet
facet normal -1 0 0
 outer loop
  vertex 210 -200 1.4210855e-14
  vertex 210 -210 7.549788e-07
  vertex 210 -210 10
 endloop
endfacet
facet normal -1 -0 -0
 outer loop
  vertex 210 -200 1.4210855e-14
  vertex 210 -210 10
  vertex 210 -200 10
 endloop
endfacet
facet normal -0 -1 -0
 outer loop
  vertex 100 -90 1.4210855e-14
  vertex 110 -90 1.4210855e-14
  vertex 110 -90 10
 endloop
endfacet
facet normal 0 -1 -0
 outer loop
  vertex 100 -90 1.4210855e-14
  vertex 110 -90 10
  vertex 100 -90 10
 endloop
endfacet
facet normal -1 0 0
 outer loop
  vertex 140 -230 9.237056e-13
  vertex 140 -240 7.5497974e-07
  vertex 140 -240 10.000001
 endloop
endfacet
facet normal -1 -0 -0
 outer loop
  vertex 140 -230 9.237056e-13
  vertex 140 -240 10.000001
  vertex 140 -230 10
 endloop
endfacet
facet normal -1 0 0
 outer loop
  vertex 100 -130 -2.1316282e-13
  vertex 100 -140 7.549788e-07
  vertex 100 -140 10.000001
 endloop
endfacet
facet normal -1 -0 -0
 outer loop
  vertex 100 -130 -2.1316282e-13
  vertex 100 -140 10.000001
  vertex 100 -130 10
 endloop
endfacet
facet normal -1 0 0
 outer loop
  vertex 60 -50 2.4158453e-13
  vertex 60 -60 7.549793e-07
  vertex 60 -60 10.000001
 endloop
endfacet
facet normal -1 -0 -0
 outer loop
  vertex 60 -50 2.4158453e-13
  vertex 60 -60 10.000001
  vertex 60 -50 10
 endloop
endfacet
facet normal -0 -1 -0
 outer loop
  vertex 50 -80 2.9842795e-13
  vertex 60 -80 2.9842795e-13
  vertex 60 -80 10
 endloop
endfacet
facet normal 0 -1 -0
 outer loop
  vertex 50 -80 2.9842795e-13
  vertex 60 -80 10
  vertex 50 -80 10
 endloop
endfacet
facet normal -1 0 0
 outer loop
  vertex 40 -50 2.4158453e-13
  vertex 40 -60 7.549793e-07
  vertex 40 -60 10.000001
 endloop
endfacet
facet normal -1 -0 -0
 outer loop
  vertex 40 -50 2.4158453e-13
  vertex 40 -60 10.000001
  vertex 40 -50 10
 endloop
endfacet
facet normal -0 -1 -0
 outer loop
  vertex 150 -50 2.4158453e-13
  vertex 160 -50 2.4158453e-13
  vertex 160 -50 10
 endloop
endfacet
facet normal 0 -1 -0
 outer loop
  vertex 150 -50 2.4158453e-13
  vertex 160 -50 10
  vertex 150 -50 10
 endloop
endfacet
facet normal -1 0 0
 outer loop
  vertex 20 -210 1.4210855e-14
  vertex 20 -220 7.5497974e-07
  vertex 20 -220 10.000001
 endloop
endfacet
facet normal -1 -0 -0
 outer loop
  vertex 20 -210 1.4210855e-14
  vertex 20 -220 10.000001
  vertex 20 -210 10
 endloop
endfacet
facet normal -0 -1 -0
 outer loop
  vertex 140 -30 4.689582e-13
  vertex 150 -30 4.689582e-13
  vertex 150 -30 10
 endloop
endfacet
facet normal 0 -1 -0
 outer loop
  vertex 140 -30 4.689582e-13
  vertex 150 -30 10
  vertex 140 -30 10
 endloop
endfacet
facet normal -1 0 0
 outer loop
  vertex 130 -110 3.5527137e-13
  vertex 130 -120 7.549793e-07
  vertex 130 -120 10
 endloop
endfacet
facet normal -1 -0 -0
 outer loop
  vertex 130 -110 3.5527137e-13
  vertex 130 -120 10
  vertex 130 -110 10
 endloop
endfacet
facet normal -1 0 0
 outer loop
  vertex 60 -150 1.4210855e-14
  vertex 60 -160 7.549793e-07
  vertex 60 -160 10.000001
 endloop
endfacet
facet normal -1 -0 -0
 outer loop
  vertex 60 -150 1.4210855e-14
  vertex 60 -160 10.000001
  vertex 60 -150 10
 endloop
endfacet
facet normal -1 0 0
 outer loop
  vertex 60 -50 2.4158453e-13
  vertex 60 -60 7.549793e-07
  vertex 60 -60 10.000001
 endloop
endfacet
facet normal -1 -0 -0
 outer loop
  vertex 60 -50 2.4158453e-13
  vertex 60 -60 10.000001
  vertex 60 -50 10
 endloop
endfacet
facet normal -1 0 0
 outer loop
  vertex 100 -150 1.4210855e-14
  vertex 100 -160 7.549793e-07
  vertex 100 -160 10.000001
 endloop
endfacet
facet normal -1 -0 -0
 outer loop
  vertex 100 -150 1.4210855e-14
  vertex 100 -160 10.000001
  vertex 100 -150 10
 endloop
endfacet
facet normal -0 -1 -0
 outer loop
  vertex 160 -130 -2.1316282e-13
  vertex 170 -130 -2.1316282e-13
  vertex 170 -130 10
 endloop
endfacet
facet normal 0 -1 -0
 outer loop
  vertex 160 -130 -2.1316282e-13
  vertex 170 -130 10
  vertex 160 -130 10
 endloop
endfacet
facet normal -0 -1 -0
 outer loop
  vertex 160 0 1.4210855e-14
  vertex 170 0 1.4210855e-14
  vertex 170 0 10
 endloop
endfacet
facet normal 0 -1 -0
 outer loop
  vertex 160 0 1.4210855e-14
  vertex 170 0 10
  vertex 160 0 10
 endloop
endfacet
facet normal -1 0 0
 outer loop
  vertex 180 -30 4.689582e-13
  vertex 180 -40 7.549793e-07
  vertex 180 -40 10.000001
 endloop
endfacet
facet normal -1 -0 -0
 outer loop
  vertex 180 -30 4.689582e-13
  vertex 180 -40 10.000001
  vertex 180 -30 10
 endloop
endfacet
facet normal -1 0 0
 outer loop
  vertex 80 -80 2.9842795e-13
  vertex 80 -90 7.549793e-07
  vertex 80 -90 10.000001
 endloop
endfacet
facet normal -1 -0 -0
 outer loop
  vertex 80 -80 2.9842795e-13
  vertex 80 -90 10.000001
  vertex 80 -80 10
 endloop
endfacet
facet normal -0 -1 -0
 outer loop
  vertex 150 -50 2.4158453e-13
  vertex 160 -50 2.4158453e-13
  vertex 160 -50 10
 endloop
endfacet
facet normal 0 -1 -0
 outer loop
  vertex 150 -50 2.4158453e-13
  vertex 160 -50 10
  vertex 150 -50 10
 endloop
endfacet
facet normal -0 -1 -0
 outer loop
  vertex 140 -220 9.237056e-13
  vertex 150 -220 9.237056e-13
  vertex 150 -220 10
 endloop
endfacet
facet normal 0 -1 -0
 outer loop
  vertex 140 -220 9.237056e-13
  vertex 150 -220 10
  vertex 140 -220 10
 endloop
endfacet
facet normal -0 -1 -0
 outer loop
  vertex 120 -50 2.4158453e-13
  vertex 130 -50 2.4158453e-13
  vertex 130 -50 10
 endloop
endfacet
facet normal 0 -1 -0
 outer loop
  vertex 120 -50 2.4158453e-13
  vertex 130 -50 10
  vertex 120 -50 10
 endloop
endfacet
facet normal -0 -1 -0
 outer loop
  vertex 40 -110 3.5527137e-13
  vertex 50 -110 3.5527137e-13
  vertex 50 -110 10
 endloop
endfacet
facet normal 0 -1 -0
 outer loop
  vertex 40 -110 3.5527137e-13
  vertex 50 -110 10
  vertex 40 -110 10
 endloop
endfacet
facet normal -0 -1 -0
 outer loop
  vertex 190 -250 -8.9528385e-13
  vertex 200 -250 -8.9528385e-13
  vertex 200 -250 10
 endloop
endfacet
facet normal 0 -1 -0
 outer loop
  vertex 190 -250 -8.9528385e-13
  vertex 200 -250 10
  vertex 190 -250 10
 endloop
endfacet
facet normal -0 -1 -0
 outer loop
  vertex 200 -140 1.4210855e-14
  vertex 210 -140 1.4210855e-14
  vertex 210 -140 10
 endloop
endfacet
facet normal 0 -1 -0
 outer loop
  vertex 200 -140 1.4210855e-14
  vertex 210 -140 10
  vertex 200 -140 10
 endloop
endfacet
facet normal -1 0 0
 outer loop
  vertex 90 -180 1.4210855e-14
  vertex 90 -190 7.549788e-07
  vertex 90 -190 10.000001
 endloop
endfacet
facet normal -1 -0 -0
 outer loop
  vertex 90 -180 1.4210855e-14
  vertex 90 -190 10.000001
  vertex 90 -180 10
 endloop
endfacet
facet normal -0 -1 -0
 outer loop
  vertex 220 -170 4.689582e-13
  vertex 230 -170 4.689582e-13
  vertex 230 -170 10
 endloop
endfacet
facet normal 0 -1 -0
 outer loop
  vertex 220 -170 4.689582e-13
  vertex 230 -170 10
  vertex 220 -170 10
 endloop
endfacet
facet normal -1 0 0
 outer loop
  vertex 130 -100 1.8474111e-13
  vertex 130 -110 7.5497917e-07
  vertex 130 -110 10.000001
 endloop
endfacet
facet normal -1 -0 -0
 outer loop
  vertex 130 -100 1.8474111e-13
  vertex 130 -110 10.000001
  vertex 130 -100 10
 endloop
endfacet
facet normal -1 0 0
 outer loop
  vertex 80 -80 2.9842795e-13
  vertex 80 -90 7.549793e-07
  vertex 80 -90 10.000001
 endloop
endfacet
facet normal -1 -0 -0
 outer loop
  vertex 80 -80 2.9842795e-13
  vertex 80 -90 10.000001
  vertex 80 -80 10
 endloop
endfacet
facet normal -0 -1 -0
 outer loop
  vertex 180 -60 4.689582e-13
  vertex 190 -60 4.689582e-13
  vertex 190 -60 10
 endloop
endfacet
facet normal 0 -1 -0
 outer loop
  vertex 180 -60 4.689582e-13
  vertex 190 -60 10
  vertex 180 -60 10
 endloop
endfacet
facet normal -1 0 0
 outer loop
  vertex 170 -180 1.4210855e-14
  vertex 170 -190 7.549788e-07
  vertex 170 -190 10.000001
 endloop
endfacet
facet normal -1 -0 -0
 outer loop
  vertex 170 -180 1.4210855e-14
  vertex 170 -190 10.000001
  vertex 170 -180 10
 endloop
endfacet
facet normal -1 0 0
 outer loop
  vertex 120 -40 2.4158453e-13
  vertex 120 -50 7.549793e-07
  vertex 120 -50 10.000001
 endloop
endfacet
facet normal -1 -0 -0
 outer loop
  vertex 120 -40 2.4158453e-13
  vertex 120 -50 10.000001
  vertex 120 -40 10
 endloop
endfacet
facet normal -0 -1 -0
 outer loop
  vertex 100 -130 -2.1316282e-13
  vertex 110 -130 -2.1316282e-13
  vertex 110 -130 10
 endloop
endfacet
facet normal 0 -1 -0
 outer loop
  vertex 100 -130 -2.1316282e-13
  vertex 110 -130 10
  vertex 100 -130 10
 endloop
endfacet
facet normal -1 0 0
 outer loop
  vertex 150 -50 2.4158453e-13
  vertex 150 -60 7.549793e-07
  vertex 150 -60 10.000001
 endloop
endfacet
facet normal -1 -0 -0
 outer loop
  vertex 150 -50 2.4158453e-13
  vertex 150 -60 10.000001
  vertex 150 -50 10
 endloop
endfacet
facet normal -1 0 0
 outer loop
  vertex 150 -200 1.4210855e-14
  vertex 150 -210 7.549788e-07
  vertex 150 -210 10
 endloop
endfacet
facet normal -1 -0 -0
 outer loop
  vertex 150 -200 1.4210855e-14
  vertex 150 -210 10
  vertex 150 -200 10
 endloop
endfacet
facet normal -0 -1 -0
 outer loop
  vertex 120 -230 9.237056e-13
  vertex 130 -230 9.237056e-13
  vertex 130 -230 10
 endloop
endfacet
facet normal 0 -1 -0
 outer loop
  vertex 120 -230 9.237056e-13
  vertex 130 -230 10
  vertex 120 -230 10
 endloop
endfacet
facet normal -1 0 0
 outer loop
  vertex 220 -230 9.237056e-13
  vertex 220 -240 7.5497974e-07
  vertex 220 -240 10.000001
 endloop
endfacet
facet normal -1 -0 -0
 outer loop
  vertex 220 -230 9.237056e-13
  vertex 220 -240 10.000001
  vertex 220 -230 10
 endloop
endfacet
facet normal -0 -1 -0
 outer loop
  vertex 70 -190 1.4210855e-14
  vertex 80 -190 1.4210855e-14
  vertex 80 -190 10
 endloop
endfacet
facet normal 0 -1 -0
 outer loop
  vertex 70 -190 1.4210855e-14
  vertex 80 -190 10
  vertex 70 -190 10
 endloop
endfacet
facet normal -1 0 0
 outer loop
  vertex 240 -130 -2.1316282e-13
  vertex 240 -140 7.549788e-07
  vertex 240 -140 10.000001
 endloop
endfacet
facet normal -1 -0 -0
 outer loop
  vertex 240 -130 -2.1316282e-13
  vertex 240 -140 10.000001
  vertex 240 -130 10
 endloop
endfacet
facet normal -0 -1 -0
 outer loop
  vertex 10 -180 1.4210855e-14
  vertex 20 -180 1.4210855e-14
  vertex 20 -180 10
 endloop
endfacet
facet normal 0 -1 -0
 outer loop
  vertex 10 -180 1.4210855e-14
  vertex 20 -180 10
  vertex 10 -180 10
 endloop
endfacet
facet normal -1 0 0
 outer loop
  vertex 0 -60 4.689582e-13
  vertex 0 -70 7.549794e-07
  vertex 0 -70 10
 endloop
endfacet
facet normal -1 -0 -0
 outer loop
  vertex 0 -60 4.689582e-13
  vertex 0 -70 10
  vertex 0 -60 10
 endloop
endfacet
facet normal -0 -1 -0
 outer loop
  vertex 0 -190 1.4210855e-14
  vertex 10 -190 1.4210855e-14
  vertex 10 -190 10
 endloop
endfacet
facet normal 0 -1 -0
 outer loop
  vertex 0 -190 1.4210855e-14
  vertex 10 -190 10
  vertex 0 -190 10
 endloop
endfacet
facet normal -0 -1 -0
 outer loop
  vertex 120 -200 1.4210855e-14
  vertex 130 -200 1.4210855e-14
  vertex 130 -200 10
 endloop
endfacet
facet normal 0 -1 -0
 outer loop
  vertex 120 -200 1.4210855e-14
  vertex 130 -200 10
  vertex 120 -200 10
 endloop
endfacet
facet normal -0 -1 -0
 outer loop
  vertex 230 -210 1.4210855e-14
  vertex 240 -210 1.4210855e-14
  vertex 240 -210 10
 endloop
endfacet
facet normal 0 -1 -0
 outer loop
  vertex 230 -210 1.4210855e-14
  vertex 240 -210 10
  vertex 230 -210 10
 endloop
endfacet
facet normal -0 -1 -0
 outer loop
  vertex 110 -200 1.4210855e-14
  vertex 120 -200 1.4210855e-14
  vertex 120 -200 10
 endloop
endfacet
facet normal 0 -1 -0
 outer loop
  vertex 110 -200 1.4210855e-14
  vertex 120 -200 10
  vertex 110 -200 10
 endloop
endfacet
facet normal -0 -1 -0
 outer loop
  vertex 190 -10 4.689582e-13
  vertex 200 -10 4.689582e-13
  vertex 200 -10 10
 endloop
endfacet
facet normal 0 -1 -0
 outer loop
  vertex 190 -10 4.689582e-13
  vertex 200 -10 10
  vertex 190 -10 10
 endloop
endfacet
facet normal -1 0 0
 outer loop
  vertex 30 -170 4.689582e-13
  vertex 30 -180 7.5497974e-07
  vertex 30 -180 10.000001
 endloop
endfacet
facet normal -1 -0 -0
 outer loop
  vertex 30 -170 4.689582e-13
  vertex 30 -180 10.000001
  vertex 30 -170 10
 endloop
endfacet
facet normal -0 -1 -0
 outer loop
  vertex 230 -160 4.689582e-13
  vertex 240 -160 4.689582e-13
  vertex 240 -160 10
 endloop
endfacet
facet normal 0 -1 -0
 outer loop
  vertex 230 -160 4.689582e-13
  vertex 240 -160 10
  vertex 230 -160 10
 endloop
endfacet
facet normal -1 0 0
 outer loop
  vertex 210 -200 1.4210855e-14
  vertex 210 -210 7.549788e-07
  vertex 210 -210 10
 endloop
endfacet
facet normal -1 -0 -0
 outer loop
  vertex 210 -200 1.4210855e-14
  vertex 210 -210 10
  vertex 210 -200 10
 endloop
endfacet
facet normal -1 0 0
 outer loop
  vertex 250 -210 1.4210855e-14
  vertex 250 -220 7.5497974e-07
  vertex 250 -220 10.000001
 endloop
endfacet
facet normal -1 -0 -0
 outer loop
  vertex 250 -210 1.4210855e-14
  vertex 250 -220 10.000001
  vertex 250 -210 10
 endloop
endfacet
facet normal -0 -1 -0
 outer loop
  vertex 40 -180 1.4210855e-14
  vertex 50 -180 1.4210855e-14
  vertex 50 -180 10
 endloop
endfacet
facet normal 0 -1 -0
 outer loop
  vertex 40 -180 1.4210855e-14
  vertex 50 -180 10
  vertex 40 -180 10
 endloop
endfacet
facet normal -0 -1 -0
 outer loop
  vertex 180 -120 4.689582e-13
  vertex 190 -120 4.689582e-13
  vertex 190 -120 10
 endloop
endfacet
facet normal 0 -1 -0
 outer loop
  vertex 180 -120 4.689582e-13
  vertex 190 -120 10
  vertex 180 -120 10
 endloop
endfacet
facet normal -1 0 0
 outer loop
  vertex 140 -50 2.4158453e-13
  vertex 140 -60 7.549793e-07
  vertex 140 -60 10.000001
 endloop
endfacet
facet normal -1 -0 -0
 outer loop
  vertex 140 -50 2.4158453e-13
  vertex 140 -60 10.000001
  vertex 140 -50 10
 endloop
endfacet
facet normal -0 -1 -0
 outer loop
  vertex 110 -80 2.9842795e-13
  vertex 120 -80 2.9842795e-13
  vertex 120 -80 10
 endloop
endfacet
facet normal 0 -1 -0
 outer loop
  vertex 110 -80 2.9842795e-13
  vertex 120 -80 10
  vertex 110 -80 10
 endloop
endfacet
facet normal -0 -1 -0
 outer loop
  vertex 30 -90 1.4210855e-14
  vertex 40 -90 1.4210855e-14
  vertex 40 -90 10
 endloop
endfacet
facet normal 0 -1 -0
 outer loop
  vertex 30 -90 1.4210855e-14
  vertex 40 -90 10
  vertex 30 -90 10
 endloop
endfacet
facet normal -1 0 0
 outer loop
  vertex 90 -10 4.689582e-13
  vertex 90 -20 7.549793e-07
  vertex 90 -20 10
 endloop
endfacet
facet normal -1 -0 -0
 outer loop
  vertex 90 -10 4.689582e-13
  vertex 90 -20 10
  vertex 90 -10 10
 endloop
endfacet
facet normal -0 -1 -0
 outer loop
  vertex 0 -130 -2.1316282e-13
  vertex 10 -130 -2.1316282e-13
  vertex 10 -130 10
 endloop
endfacet
facet normal 0 -1 -0
 outer loop
  vertex 0 -130 -2.1316282e-13
  vertex 10 -130 10
  vertex 0 -130 10
 endloop
endfacet
facet normal -0 -1 -0
 outer loop
  vertex 60 -100 1.8474111e-13
  vertex 70 -100 1.8474111e-13
  vertex 70 -100 10
 endloop
endfacet
facet normal 0 -1 -0
 outer loop
  vertex 60 -100 1.8474111e-13
  vertex 70 -100 10
  vertex 60 -100 10
 endloop
endfacet
facet normal -1 0 0
 outer loop
  vertex 100 -20 1.4210855e-14
  vertex 100 -30 7.549793e-07
  vertex 100 -30 10.000001
 endloop
endfacet
facet normal -1 -0 -0
 outer loop
  vertex 100 -20 1.4210855e-14
  vertex 100 -30 10.000001
  vertex 100 -20 10
 endloop
endfacet
facet normal -0 -1 -0
 outer loop
  vertex 210 -80 2.9842795e-13
  vertex 220 -80 2.9842795e-13
  vertex 220 -80 10
 endloop
endfacet
facet normal 0 -1 -0
 outer loop
  vertex 210 -80 2.9842795e-13
  vertex 220 -80 10
  vertex 210 -80 10
 endloop
endfacet
facet normal -1 0 0
 outer loop
  vertex 30 -230 9.237056e-13
  vertex 30 -240 7.5497974e-07
  vertex 30 -240 10.000001
 endloop
endfacet
facet normal -1 -0 -0
 outer loop
  vertex 30 -230 9.237056e-13
  vertex 30 -240 10.000001
  vertex 30 -230 10
 endloop
endfacet
facet normal -0 -1 -0
 outer loop
  vertex 60 -240 9.237056e-13
  vertex 70 -240 9.237056e-13
  vertex 70 -240 10
 endloop
endfacet
facet normal 0 -1 -0
 outer loop
  vertex 60 -240 9.237056e-13
  vertex 70 -240 10
  vertex 60 -240 10
 endloop
endfacet
facet normal -1 0 0
 outer loop
  vertex 140 -140 1.4210855e-14
  vertex 140 -150 7.549788e-07
  vertex 140 -150 10.000001
 endloop
endfacet
facet normal -1 -0 -0
 outer loop
  vertex 140 -140 1.4210855e-14
  vertex 140 -150 10.000001
  vertex 140 -140 10
 endloop
endfacet
facet normal -1 0 0
 outer loop
  vertex 110 -150 1.4210855e-14
  vertex 110 -160 7.549793e-07
  vertex 110 -160 10.000001
 endloop
endfacet
facet normal -1 -0 -0
 outer loop
  vertex 110 -150 1.4210855e-14
  vertex 110 -160 10.000001
  vertex 110 -150 10
 endloop
endfacet
facet normal -0 -1 -0
 outer loop
  vertex 160 -150 1.4210855e-14
  vertex 170 -150 1.4210855e-14
  vertex 170 -150 10
 endloop
endfacet
facet normal 0 -1 -0
 outer loop
  vertex 160 -150 1.4210855e-14
  vertex 170 -150 10
  vertex 160 -150 10
 endloop
endfacet
facet normal -0 -1 -0
 outer loop
  vertex 80 -200 1.4210855e-14
  vertex 90 -200 1.4210855e-14
  vertex 90 -200 10
 endloop
endfacet
facet normal 0 -1 -0
 outer loop
  vertex 80 -200 1.4210855e-14
  vertex 90 -200 10
  vertex 80 -200 10
 endloop
endfacet
facet normal -0 -1 -0
 outer loop
  vertex 70 -240 9.237056e-13
  vertex 80 -240 9.237056e-13
  vertex 80 -240 10
 endloop
endfacet
facet normal 0 -1 -0
 outer loop
  vertex 70 -240 9.237056e-13
  vertex 80 -240 10
  vertex 70 -240 10
 endloop
endfacet
facet normal -0 -1 -0
 outer loop
  vertex 170 -60 4.689582e-13
  vertex 180 -60 4.689582e-13
  vertex 180 -60 10
 endloop
endfacet
facet normal 0 -1 -0
 outer loop
  vertex 170 -60 4.689582e-13
  vertex 180 -60 10
  vertex 170 -60 10
 endloop
endfacet
facet normal -0 -1 -0
 outer loop
  vertex 70 -90 1.4210855e-14
  vertex 80 -90 1.4210855e-14
  vertex 80 -90 10
 endloop
endfacet
facet normal 0 -1 -0
 outer loop
  vertex 70 -90 1.4210855e-14
  vertex 80 -90 10
  vertex 70 -90 10
 endloop
endfacet
facet normal -1 0 0
 outer loop
  vertex 240 -140 1.4210855e-14
  vertex 240 -150 7.549788e-07
  vertex 240 -150 10.000001
 endloop
endfacet
facet normal -1 -0 -0
 outer loop
  vertex 240 -140 1.4210855e-14
  vertex 240 -150 10.000001
  vertex 240 -140 10
 endloop
endfacet
facet normal -1 0 0
 outer loop
  vertex 180 -210 1.4210855e-14
  vertex 180 -220 7.5497974e-07
  vertex 180 -220 10.000001
 endloop
endfacet
facet normal -1 -0 -0
 outer loop
  vertex 180 -210 1.4210855e-14
  vertex 180 -220 10.000001
  vertex 180 -210 10
 endloop
endfacet
facet normal -1 0 0
 outer loop
  vertex 70 -100 1.8474111e-13
  vertex 70 -110 7.5497917e-07
  vertex 70 -110 10.000001
 endloop
endfacet
facet normal -1 -0 -0
 outer loop
  vertex 70 -100 1.8474111e-13
  vertex 70 -110 10.000001
  vertex 70 -100 10
 endloop
endfacet
facet normal -0 -1 -0
 outer loop
  vertex 60 -40 2.4158453e-13
  vertex 70 -40 2.4158453e-13
  vertex 70 -40 10
 endloop
endfacet
facet normal 0 -1 -0
 outer loop
  vertex 60 -40 2.4158453e-13
  vertex 70 -40 10
  vertex 60 -40 10
 endloop
endfacet
facet normal -1 0 0
 outer loop
  vertex 30 -90 1.4210855e-14
  vertex 30 -100 7.54979e-07
  vertex 30 -100 10.000001
 endloop
endfacet
facet normal -1 -0 -0
 outer loop
  vertex 30 -90 1.4210855e-14
  vertex 30 -100 10.000001
  vertex 30 -90 10
 endloop
endfacet
facet normal -1 0 0
 outer loop
  vertex 230 -210 1.4210855e-14
  vertex 230 -220 7.5497974e-07
  vertex 230 -220 10.000001
 endloop
endfacet
facet normal -1 -0 -0
 outer loop
  vertex 230 -210 1.4210855e-14
  vertex 230 -220 10.000001
  vertex 230 -210 10
 endloop
endfacet
facet normal -1 0 0
 outer loop
  vertex 90 -50 2.4158453e-13
  vertex 90 -60 7.549793e-07
  vertex 90 -60 10.000001
 endloop
endfacet
facet normal -1 -0 -0
 outer loop
  vertex 90 -50 2.4158453e-13
  vertex 90 -60 10.000001
  vertex 90 -50 10
 endloop
endfacet
facet normal -1 0 0
 outer loop
  vertex 10 -210 1.4210855e-14
  vertex 10 -220 7.5497974e-07
  vertex 10 -220 10.000001
 endloop
endfacet
facet normal -1 -0 -0
 outer loop
  vertex 10 -210 1.4210855e-14
  vertex 10 -220 10.000001
  vertex 10 -210 10
 endloop
endfacet
facet normal -1 0 0
 outer loop
  vertex 200 -150 1.4210855e-14
  vertex 200 -160 7.549793e-07
  vertex 200 -160 10.000001
 endloop
endfacet
facet normal -1 -0 -0
 outer loop
  vertex 200 -150 1.4210855e-14
  vertex 200 -160 10.000001
  vertex 200 -150 10
 endloop
endfacet
facet normal -0 -1 -0
 outer loop
  vertex 110 0 1.4210855e-14
  vertex 120 0 1.4210855e-14
  vertex 120 0 10
 endloop
endfacet
facet normal 0 -1 -0
 outer loop
  vertex 110 0 1.4210855e-14
  vertex 120 0 10
  vertex 110 0 10
 endloop
endfacet
facet normal -0 -1 -0
 outer loop
  vertex 180 -80 2.9842795e-13
  vertex 190 -80 2.9842795e-13
  vertex 190 -80 10
 endloop
endfacet
facet normal 0 -1 -0
 outer loop
  vertex 180 -80 2.9842795e-13
  vertex 190 -80 10
  vertex 180 -80 10
 endloop
endfacet
facet normal -0 -1 -0
 outer loop
  vertex 30 -180 1.4210855e-14
  vertex 40 -180 1.4210855e-14
  vertex 40 -180 10
 endloop
endfacet
facet normal 0 -1 -0
 outer loop
  vertex 30 -180 1.4210855e-14
  vertex 40 -180 10
  vertex 30 -180 10
 endloop
endfacet
facet normal -0 -1 -0
 outer loop
  vertex 170 -80 2.9842795e-13
  vertex 180 -80 2.9842795e-13
  vertex 180 -80 10
 endloop
endfacet
facet normal 0 -1 -0
 outer loop
  vertex 170 -80 2.9842795e-13
  vertex 180 -80 10
  vertex 170 -80 10
 endloop
endfacet
facet normal -0 -1 -0
 outer loop
  vertex 150 -40 2.4158453e-13
  vertex 160 -40 2.4158453e-13
  vertex 160 -40 10
 endloop
endfacet
facet normal 0 -1 -0
 outer loop
  vertex 150 -40 2.4158453e-13
  vertex 160 -40 10
  vertex 150 -40 10
 endloop
endfacet
facet normal -0 -1 -0
 outer loop
  vertex 20 -210 1.4210855e-14
  vertex 30 -210 1.4210855e-14
  vertex 30 -210 10
 endloop
endfacet
facet normal 0 -1 -0
 outer loop
  vertex 20 -210 1.4210855e-14
  vertex 30 -210 10
  vertex 20 -210 10
 endloop
endfacet
facet normal -1 0 0
 outer loop
  vertex 50 -10 4.689582e-13
  vertex 50 -20 7.549793e-07
  vertex 50 -20 10
 endloop
endfacet
facet normal -1 -0 -0
 outer loop
  vertex 50 -10 4.689582e-13
  vertex 50 -20 10
  vertex 50 -10 10
 endloop
endfacet
facet normal -0 -1 -0
 outer loop
  vertex 30 -190 1.4210855e-14
  vertex 40 -190 1.4210855e-14
  vertex 40 -190 10
 endloop
endfacet
facet normal 0 -1 -0
 outer loop
  vertex 30 -190 1.4210855e-14
  vertex 40 -190 10
  vertex 30 -190 10
 endloop
endfacet
facet normal -0 -1 -0
 outer loop
  vertex 180 -170 4.689582e-13
  vertex 190 -170 4.689582e-13
  vertex 190 -170 10
 endloop
endfacet
facet normal 0 -1 -0
 outer loop
  vertex 180 -170 4.689582e-13
  vertex 190 -170 10
  vertex 180 -170 10
 endloop
endfacet
facet normal -0 -1 -0
 outer loop
  vertex 160 -210 1.4210855e-14
  vertex 170 -210 1.4210855e-14
  vertex 170 -210 10
 endloop
endfacet
facet normal 0 -1 -0
 outer loop
  vertex 160 -210 1.4210855e-14
  vertex 170 -210 10
  vertex 160 -210 10
 endloop
endfacet
facet normal -1 0 0
 outer loop
  vertex 220 -10 4.689582e-13
  vertex 220 -20 7.549793e-07
  vertex 220 -20 10
 endloop
endfacet
facet normal -1 -0 -0
 outer loop
  vertex 220 -10 4.689582e-13
  vertex 220 -20 10
  vertex 220 -10 10
 endloop
endfacet
facet normal -1 0 0
 outer loop
  vertex 250 -70 1.2789769e-13
  vertex 250 -80 7.549791e-07
  vertex 250 -80 10.000001
 endloop
endfacet
facet normal -1 -0 -0
 outer loop
  vertex 250 -70 1.2789769e-13
  vertex 250 -80 10.000001
  vertex 250 -70 10
 endloop
endfacet
facet normal -0 -1 -0
 outer loop
  vertex 50 -210 1.4210855e-14
  vertex 60 -210 1.4210855e-14
  vertex 60 -210 10
 endloop
endfacet
facet normal 0 -1 -0
 outer loop
  vertex 50 -210 1.4210855e-14
  vertex 60 -210 10
  vertex 50 -210 10
 endloop
endfacet
facet normal -0 -1 -0
 outer loop
  vertex 180 -200 1.4210855e-14
  vertex 190 -200 1.4210855e-14
  vertex 190 -200 10
 endloop
endfacet
facet normal 0 -1 -0
 outer loop
  vertex 180 -200 1.4210855e-14
  vertex 190 -200 10
  vertex 180 -200 10
 endloop
endfacet
facet normal -1 0 0
 outer loop
  vertex 90 -50 2.4158453e-13
  vertex 90 -60 7.549793e-07
  vertex 90 -60 10.000001
 endloop
endfacet
facet normal -1 -0 -0
 outer loop
  vertex 90 -50 2.4158453e-13
  vertex 90 -60 10.000001
  vertex 90 -50 10
 endloop
endfacet
facet normal -1 0 0
 outer loop
  vertex 130 -150 1.4210855e-14
  vertex 130 -160 7.549793e-07
  vertex 130 -160 10.000001
 endloop
endfacet
facet normal -1 -0 -0
 outer loop
  vertex 130 -150 1.4210855e-14
  vertex 130 -160 10.000001
  vertex 130 -150 10
 endloop
endfacet
facet normal -0 -1 -0
 outer loop
  vertex 170 -240 9.237056e-13
  vertex 180 -240 9.237056e-13
  vertex 180 -240 10
 endloop
endfacet
facet normal 0 -1 -0
 outer loop
  vertex 170 -240 9.237056e-13
  vertex 180 -240 10
  vertex 170 -240 10
 endloop
endfacet
facet normal -1 0 0
 outer loop
  vertex 80 -150 1.4210855e-14
  vertex 80 -160 7.549793e-07
  vertex 80 -160 10.000001
 endloop
endfacet
facet normal -1 -0 -0
 outer loop
  vertex 80 -150 1.4210855e-14
  vertex 80 -160 10.000001
  vertex 80 -150 10
 endloop
endfacet
facet normal -0 -1 -0
 outer loop
  vertex 220 -60 4.689582e-13
  vertex 230 -60 4.689582e-13
  vertex 230 -60 10
 endloop
endfacet
facet normal 0 -1 -0
 outer loop
  vertex 220 -60 4.689582e-13
  vertex 230 -60 10
  vertex 220 -60 10
 endloop
endfacet
facet normal -0 -1 -0
 outer loop
  vertex 110 -210 1.4210855e-14
  vertex 120 -210 1.4210855e-14
  vertex 120 -210 10
 endloop
endfacet
facet normal 0 -1 -0
 outer loop
  vertex 110 -210 1.4210855e-14
  vertex 120 -210 10
  vertex 110 -210 10
 endloop
endfacet
facet normal -0 -1 -0
 outer loop
  vertex 120 -50 2.4158453e-13
  vertex 130 -50 2.4158453e-13
  vertex 130 -50 10
 endloop
endfacet
facet normal 0 -1 -0
 outer loop
  vertex 120 -50 2.4158453e-13
  vertex 130 -50 10
  vertex 120 -50 10
 endloop
endfacet
facet normal -0 -1 -0
 outer loop
  vertex 210 -120 4.689582e-13
  vertex 220 -120 4.689582e-13
  vertex 220 -120 10
 endloop
endfacet
facet normal 0 -1 -0
 outer loop
  vertex 210 -120 4.689582e-13
  vertex 220 -120 10
  vertex 210 -120 10
 endloop
endfacet
facet normal -0 -1 -0
 outer loop
  vertex 60 -180 1.4210855e-14
  vertex 70 -180 1.4210855e-14
  vertex 70 -180 10
 endloop
endfacet
facet normal 0 -1 -0
 outer loop
  vertex 60 -180 1.4210855e-14
  vertex 70 -180 10
  vertex 60 -180 10
 endloop
endfacet
facet normal -1 0 0
 outer loop
  vertex 250 -20 1.4210855e-14
  vertex 250 -30 7.549793e-07
  vertex 250 -30 10.000001
 endloop
endfacet
facet normal -1 -0 -0
 outer loop
  vertex 250 -20 1.4210855e-14
  vertex 250 -30 10.000001
  vertex 250 -20 10
 endloop
endfacet
facet normal -1 0 0
 outer loop
  vertex 90 -150 1.4210855e-14
  vertex 90 -160 7.549793e-07
  vertex 90 -160 10.000001
 endloop
endfacet
facet normal -1 -0 -0
 outer loop
  vertex 90 -150 1.4210855e-14
  vertex 90 -160 10.000001
  vertex 90 -150 10
 endloop
endfacet
facet normal -0 -1 -0
 outer loop
  vertex 10 -60 4.689582e-13
  vertex 20 -60 4.689582e-13
  vertex 20 -60 10
 endloop
endfacet
facet normal 0 -1 -0
 outer loop
  vertex 10 -60 4.689582e-13
  vertex 20 -60 10
  vertex 10 -60 10
 endloop
endfacet
facet normal -1 0 0
 outer loop
  vertex 70 -40 2.4158453e-13
  vertex 70 -50 7.549793e-07
  vertex 70 -50 10.000001
 endloop
endfacet
facet normal -1 -0 -0
 outer loop
  vertex 70 -40 2.4158453e-13
  vertex 70 -50 10.000001
  vertex 70 -40 10
 endloop
endfacet
facet normal -0 -1 -0
 outer loop
  vertex 30 -240 9.237056e-13
  vertex 40 -240 9.237056e-13
  vertex 40 -240 10
 endloop
endfacet
facet normal 0 -1 -0
 outer loop
  vertex 30 -240 9.237056e-13
  vertex 40 -240 10
  vertex 30 -240 10
 endloop
endfacet
facet normal -0 -1 -0
 outer loop
  vertex 80 -240 9.237056e-13
  vertex 90 -240 9.237056e-13
  vertex 90 -240 10
 endloop
endfacet
facet normal 0 -1 -0
 outer loop
  vertex 80 -240 9.237056e-13
  vertex 90 -240 10
  vertex 80 -240 10
 endloop
endfacet
facet normal -1 0 0
 outer loop
  vertex 130 -30 4.689582e-13
  vertex 130 -40 7.549793e-07
  vertex 130 -40 10.000001
 endloop
endfacet
facet normal -1 -0 -0
 outer loop
  vertex 130 -30 4.689582e-13
  vertex 130 -40 10.000001
  vertex 130 -30 10
 endloop
endfacet
facet normal -0 -1 -0
 outer loop
  vertex 50 -140 1.4210855e-14
  vertex 60 -140 1.4210855e-14
  vertex 60 -140 10
 endloop
endfacet
facet normal 0 -1 -0
 outer loop
  vertex 50 -140 1.4210855e-14
  vertex 60 -140 10
  vertex 50 -140 10
 endloop
endfacet
facet normal -1 0 0
 outer loop
  vertex 90 -160 4.689582e-13
  vertex 90 -170 7.549793e-07
  vertex 90 -170 10
 endloop
endfacet
facet normal -1 -0 -0
 outer loop
  vertex 90 -160 4.689582e-13
  vertex 90 -170 10
  vertex 90 -160 10
 endloop
endfacet
facet normal -0 -1 -0
 outer loop
  vertex 140 -160 4.689582e-13
  vertex 150 -160 4.689582e-13
  vertex 150 -160 10
 endloop
endfacet
facet normal 0 -1 -0
 outer loop
  vertex 140 -160 4.689582e-13
  vertex 150 -160 10
  vertex 140 -160 10
 endloop
endfacet
facet normal -1 0 0
 outer loop
  vertex 240 -10 4.689582e-13
  vertex 240 -20 7.549793e-07
  vertex 240 -20 10
 endloop
endfacet
facet normal -1 -0 -0
 outer loop
  vertex 240 -10 4.689582e-13
  vertex 240 -20 10
  vertex 240 -10 10
 endloop
endfacet
facet normal -1 0 0
 outer loop
  vertex 120 -140 1.4210855e-14
  vertex 120 -150 7.549788e-07
  vertex 120 -150 10.000001
 endloop
endfacet
facet normal -1 -0 -0
 outer loop
  vertex 120 -140 1.4210855e-14
  vertex 120 -150 10.000001
  vertex 120 -140 10
 endloop
endfacet
facet normal -0 -1 -0
 outer loop
  vertex 210 -40 2.4158453e-13
  vertex 220 -40 2.4158453e-13
  vertex 220 -40 10
 endloop
endfacet
facet normal 0 -1 -0
 outer loop
  vertex 210 -40 2.4158453e-13
  vertex 220 -40 10
  vertex 210 -40 10
 endloop
endfacet
facet normal -0 -1 -0
 outer loop
  vertex 100 -220 9.237056e-13
  vertex 110 -220 9.237056e-13
  vertex 110 -220 10
 endloop
endfacet
facet normal 0 -1 -0
 outer loop
  vertex 100 -220 9.237056e-13
  vertex 110 -220 10
  vertex 100 -220 10
 endloop
endfacet
facet normal -1 0 0
 outer loop
  vertex 150 -50 2.4158453e-13
  vertex 150 -60 7.549793e-07
  vertex 150 -60 10.000001
 endloop
endfacet
facet normal -1 -0 -0
 outer loop
  vertex 150 -50 2.4158453e-13
  vertex 150 -60 10.000001
  vertex 150 -50 10
 endloop
endfacet
facet normal -0 -1 -0
 outer loop
  vertex 100 -10 4.689582e-13
  vertex 110 -10 4.689582e-13
  vertex 110 -10 10
 endloop
endfacet
facet normal 0 -1 -0
 outer loop
  vertex 100 -10 4.689582e-13
  vertex 110 -10 10
  vertex 100 -10 10
 endloop
endfacet
facet normal -0 -1 -0
 outer loop
  vertex 10 -40 2.4158453e-13
  vertex 20 -40 2.4158453e-13
  vertex 20 -40 10
 endloop
endfacet
facet normal 0 -1 -0
 outer loop
  vertex 10 -40 2.4158453e-13
  vertex 20 -40 10
  vertex 10 -40 10
 endloop
endfacet
facet normal -1 0 0
 outer loop
  vertex 110 -30 4.689582e-13
  vertex 110 -40 7.549793e-07
  vertex 110 -40 10.000001
 endloop
endfacet
facet normal -1 -0 -0
 outer loop
  vertex 110 -30 4.689582e-13
  vertex 110 -40 10.000001
  vertex 110 -30 10
 endloop
endfacet
facet normal -0 -1 -0
 outer loop
  vertex 180 -120 4.689582e-13
  vertex 190 -120 4.689582e-13
  vertex 190 -120 10
 endloop
endfacet
facet normal 0 -1 -0
 outer loop
  vertex 180 -120 4.689582e-13
  vertex 190 -120 10
  vertex 180 -120 10
 endloop
endfacet
facet normal -0 -1 -0
 outer loop
  vertex 210 -170 4.689582e-13
  vertex 220 -170 4.689582e-13
  vertex 220 -170 10
 endloop
endfacet
facet normal 0 -1 -0
 outer loop
  vertex 210 -170 4.689582e-13
  vertex 220 -170 10
  vertex 210 -170 10
 endloop
endfacet
facet normal -1 0 0
 outer loop
  vertex 80 -50 2.4158453e-13
  vertex 80 -60 7.549793e-07
  vertex 80 -60 10.000001
 endloop
endfacet
facet normal -1 -0 -0
 outer loop
  vertex 80 -50 2.4158453e-13
  vertex 80 -60 10.000001
  vertex 80 -50 10
 endloop
endfacet
facet normal -1 0 0
 outer loop
  vertex 210 -40 2.4158453e-13
  vertex 210 -50 7.549793e-07
  vertex 210 -50 10.000001
 endloop
endfacet
facet normal -1 -0 -0
 outer loop
  vertex 210 -40 2.4158453e-13
  vertex 210 -50 10.000001
  vertex 210 -40 10
 endloop
endfacet
facet normal -1 0 0
 outer loop
  vertex 0 -190 1.4210855e-14
  vertex 0 -200 7.549788e-07
  vertex 0 -200 10.000001
 endloop
endfacet
facet normal -1 -0 -0
 outer loop
  vertex 0 -190 1.4210855e-14
  vertex 0 -200 10.000001
  vertex 0 -190 10
 endloop
endfacet
facet normal -0 -1 -0
 outer loop
  vertex 60 -120 4.689582e-13
  vertex 70 -120 4.689582e-13
  vertex 70 -120 10
 endloop
endfacet
facet normal 0 -1 -0
 outer loop
  vertex 60 -120 4.689582e-13
  vertex 70 -120 10
  vertex 60 -120 10
 endloop
endfacet
facet normal -1 0 0
 outer loop
  vertex 120 -40 2.4158453e-13
  vertex 120 -50 7.549793e-07
  vertex 120 -50 10.000001
 endloop
endfacet
facet normal -1 -0 -0
 outer loop
  vertex 120 -40 2.4158453e-13
  vertex 120 -50 10.000001
  vertex 120 -40 10
 endloop
endfacet
facet normal -0 -1 -0
 outer loop
  vertex 140 -50 2.4158453e-13
  vertex 150 -50 2.4158453e-13
  vertex 150 -50 10
 endloop
endfacet
facet normal 0 -1 -0
 outer loop
  vertex 140 -50 2.4158453e-13
  vertex 150 -50 10
  vertex 140 -50 10
 endloop
endfacet
facet normal -1 0 0
 outer loop
  vertex 240 -110 3.5527137e-13
  vertex 240 -120 7.549793e-07
  vertex 240 -120 10
 endloop
endfacet
facet normal -1 -0 -0
 outer loop
  vertex 240 -110 3.5527137e-13
  vertex 240 -120 10
  vertex 240 -110 10
 endloop
endfacet
facet normal -1 0 0
 outer loop
  vertex 140 -100 1.8474111e-13
  vertex 140 -110 7.5497917e-07
  vertex 140 -110 10.000001
 endloop
endfacet
facet normal -1 -0 -0
 outer loop
  vertex 140 -100 1.8474111e-13
  vertex 140 -110 10.000001
  vertex 140 -100 10
 endloop
endfacet
facet normal -0 -1 -0
 outer loop
  vertex 210 -250 -8.9528385e-13
  vertex 220 -250 -8.9528385e-13
  vertex 220 -250 10
 endloop
endfacet
facet normal 0 -1 -0
 outer loop
  vertex 210 -250 -8.9528385e-13
  vertex 220 -250 10
  vertex 210 -250 10
 endloop
endfacet
facet normal -0 -1 -0
 outer loop
  vertex 120 -180 1.4210855e-14
  vertex 130 -180 1.4210855e-14
  vertex 130 -180 10
 endloop
endfacet
facet normal 0 -1 -0
 outer loop
  vertex 120 -180 1.4210855e-14
  vertex 130 -180 10
  vertex 120 -180 10
 endloop
endfacet
facet normal -1 0 0
 outer loop
  vertex 190 -170 4.689582e-13
  vertex 190 -180 7.5497974e-07
  vertex 190 -180 10.000001
 endloop
endfacet
facet normal -1 -0 -0
 outer loop
  vertex 190 -170 4.689582e-13
  vertex 190 -180 10.000001
  vertex 190 -170 10
 endloop
endfacet
facet normal -1 0 0
 outer loop
  vertex 90 -110 3.5527137e-13
  vertex 90 -120 7.549793e-07
  vertex 90 -120 10
 endloop
endfacet
facet normal -1 -0 -0
 outer loop
  vertex 90 -110 3.5527137e-13
  vertex 90 -120 10
  vertex 90 -110 10
 endloop
endfacet
facet normal -0 -1 -0
 outer loop
  vertex 210 -130 -2.1316282e-13
  vertex 220 -130 -2.1316282e-13
  vertex 220 -130 10
 endloop
endfacet
facet normal 0 -1 -0
 outer loop
  vertex 210 -130 -2.1316282e-13
  vertex 220 -130 10
  vertex 210 -130 10
 endloop
endfacet
facet normal -1 0 0
 outer loop
  vertex 220 -110 3.5527137e-13
  vertex 220 -120 7.549793e-07
  vertex 220 -120 10
 endloop
endfacet
facet normal -1 -0 -0
 outer loop
  vertex 220 -110 3.5527137e-13
  vertex 220 -120 10
  vertex 220 -110 10
 endloop
endfacet
facet normal -1 0 0
 outer loop
  vertex 80 -170 4.689582e-13
  vertex 80 -180 7.5497974e-07
  vertex 80 -180 10.000001
 endloop
endfacet
facet normal -1 -0 -0
 outer loop
  vertex 80 -170 4.689582e-13
  vertex 80 -180 10.000001
  vertex 80 -170 10
 endloop
endfacet
facet normal -0 -1 -0
 outer loop
  vertex 120 -10 4.689582e-13
  vertex 130 -10 4.689582e-13
  vertex 130 -10 10
 endloop
endfacet
facet normal 0 -1 -0
 outer loop
  vertex 120 -10 4.689582e-13
  vertex 130 -10 10
  vertex 120 -10 10
 endloop
endfacet
facet normal -1 0 0
 outer loop
  vertex 100 -100 1.8474111e-13
  vertex 100 -110 7.5497917e-07
  vertex 100 -110 10.000001
 endloop
endfacet
facet normal -1 -0 -0
 outer loop
  vertex 100 -100 1.8474111e-13
  vertex 100 -110 10.000001
  vertex 100 -100 10
 endloop
endfacet
facet normal -1 0 0
 outer loop
  vertex 170 -150 1.4210855e-14
  vertex 170 -160 7.549793e-07
  vertex 170 -160 10.000001
 endloop
endfacet
facet normal -1 -0 -0
 outer loop
  vertex 170 -150 1.4210855e-14
  vertex 170 -160 10.000001
  vertex 170 -150 10
 endloop
endfacet
facet normal -1 0 0
 outer loop
  vertex 20 -80 2.9842795e-13
  vertex 20 -90 7.549793e-07
  vertex 20 -90 10.000001
 endloop
endfacet
facet normal -1 -0 -0
 outer loop
  vertex 20 -80 2.9842795e-13
  vertex 20 -90 10.000001
  vertex 20 -80 10
 endloop
endfacet
facet normal -0 -1 -0
 outer loop
  vertex 190 -90 1.4210855e-14
  vertex 200 -90 1.4210855e-14
  vertex 200 -90 10
 endloop
endfacet
facet normal 0 -1 -0
 outer loop
  vertex 190 -90 1.4210855e-14
  vertex 200 -90 10
  vertex 190 -90 10
 endloop
endfacet
facet normal -0 -1 -0
 outer loop
  vertex 60 -220 9.237056e-13
  vertex 70 -220 9.237056e-13
  vertex 70 -220 10
 endloop
endfacet
facet normal 0 -1 -0
 outer loop
  vertex 60 -220 9.237056e-13
  vertex 70 -220 10
  vertex 60 -220 10
 endloop
endfacet
facet normal -1 0 0
 outer loop
  vertex 100 -130 -2.1316282e-13
  vertex 100 -140 7.549788e-07
  vertex 100 -140 10.000001
 endloop
endfacet
facet normal -1 -0 -0
 outer loop
  vertex 100 -130 -2.1316282e-13
  vertex 100 -140 10.000001
  vertex 100 -130 10
 endloop
endfacet
facet normal -1 0 0
 outer loop
  vertex 40 -230 9.237056e-13
  vertex 40 -240 7.5497974e-07
  vertex 40 -240 10.000001
 endloop
endfacet
facet normal -1 -0 -0
 outer loop
  vertex 40 -230 9.237056e-13
  vertex 40 -240 10.000001
  vertex 40 -230 10
 endloop
endfacet
facet normal -0 -1 -0
 outer loop
  vertex 150 -150 1.4210855e-14
  vertex 160 -150 1.4210855e-14
  vertex 160 -150 10
 endloop
endfacet
facet normal 0 -1 -0
 outer loop
  vertex 150 -150 1.4210855e-14
  vertex 160 -150 10
  vertex 150 -150 10
 endloop
endfacet
facet normal -0 -1 -0
 outer loop
  vertex 20 -110 3.5527137e-13
  vertex 30 -110 3.5527137e-13
  vertex 30 -110 10
 endloop
endfacet
facet normal 0 -1 -0
 outer loop
  vertex 20 -110 3.5527137e-13
  vertex 30 -110 10
  vertex 20 -110 10
 endloop
endfacet
facet normal -0 -1 -0
 outer loop
  vertex 50 -220 9.237056e-13
  vertex 60 -220 9.237056e-13
  vertex 60 -220 10
 endloop
endfacet
facet normal 0 -1 -0
 outer loop
  vertex 50 -220 9.237056e-13
  vertex 60 -220 10
  vertex 50 -220 10
 endloop
endfacet
facet normal -0 -1 -0
 outer loop
  vertex 190 -150 1.4210855e-14
  vertex 200 -150 1.4210855e-14
  vertex 200 -150 10
 endloop
endfacet
facet normal 0 -1 -0
 outer loop
  vertex 190 -150 1.4210855e-14
  vertex 200 -150 10
  vertex 190 -150 10
 endloop
endfacet
facet normal -1 0 0
 outer loop
  vertex 0 -150 1.4210855e-14
  vertex 0 -160 7.549793e-07
  vertex 0 -160 10.000001
 endloop
endfacet
facet normal -1 -0 -0
 outer loop
  vertex 0 -150 1.4210855e-14
  vertex 0 -160 10.000001
  vertex 0 -150 10
 endloop
endfacet
facet normal -1 0 0
 outer loop
  vertex 90 -210 1.4210855e-14
  vertex 90 -220 7.5497974e-07
  vertex 90 -220 10.000001
 endloop
endfacet
facet normal -1 -0 -0
 outer loop
  vertex 90 -210 1.4210855e-14
  vertex 90 -220 10.000001
  vertex 90 -210 10
 endloop
endfacet
facet normal -0 -1 -0
 outer loop
  vertex 160 -240 9.237056e-13
  vertex 170 -240 9.237056e-13
  vertex 170 -240 10
 endloop
endfacet
facet normal 0 -1 -0
 outer loop
  vertex 160 -240 9.237056e-13
  vertex 170 -240 10
  vertex 160 -240 10
 endloop
endfacet
facet normal -1 0 0
 outer loop
  vertex 160 -30 4.689582e-13
  vertex 160 -40 7.549793e-07
  vertex 160 -40 10.000001
 endloop
endfacet
facet normal -1 -0 -0
 outer loop
  vertex 160 -30 4.689582e-13
  vertex 160 -40 10.000001
  vertex 160 -30 10
 endloop
endfacet
facet normal -0 -1 -0
 outer loop
  vertex 200 -140 1.4210855e-14
  vertex 210 -140 1.4210855e-14
  vertex 210 -140 10
 endloop
endfacet
facet normal 0 -1 -0
 outer loop
  vertex 200 -140 1.4210855e-14
  vertex 210 -140 10
  vertex 200 -140 10
 endloop
endfacet
facet normal -1 0 0
 outer loop
  vertex 250 -170 4.689582e-13
  vertex 250 -180 7.5497974e-07
  vertex 250 -180 10.000001
 endloop
endfacet
facet normal -1 -0 -0
 outer loop
  vertex 250 -170 4.689582e-13
  vertex 250 -180 10.000001
  vertex 250 -170 10
 endloop
endfacet
facet normal -1 0 0
 outer loop
  vertex 160 -30 4.689582e-13
  vertex 160 -40 7.549793e-07
  vertex 160 -40 10.000001
 endloop
endfacet
facet normal -1 -0 -0
 outer loop
  vertex 160 -30 4.689582e-13
  vertex 160 -40 10.000001
  vertex 160 -30 10
 endloop
endfacet
facet normal -1 0 0
 outer loop
  vertex 50 -110 3.5527137e-13
  vertex 50 -120 7.549793e-07
  vertex 50 -120 10
 endloop
endfacet
facet normal -1 -0 -0
 outer loop
  vertex 50 -110 3.5527137e-13
  vertex 50 -120 10
  vertex 50 -110 10
 endloop
endfacet
facet normal -1 0 0
 outer loop
  vertex 150 -90 1.4210855e-14
  vertex 150 -100 7.54979e-07
  vertex 150 -100 10.000001
 endloop
endfacet
facet normal -1 -0 -0
 outer loop
  vertex 150 -90 1.4210855e-14
  vertex 150 -100 10.000001
  vertex 150 -90 10
 endloop
endfacet
facet normal -1 0 0
 outer loop
  vertex 120 -230 9.237056e-13
  vertex 120 -240 7.5497974e-07
  vertex 120 -240 10.000001
 endloop
endfacet
facet normal -1 -0 -0
 outer loop
  vertex 120 -230 9.237056e-13
  vertex 120 -240 10.000001
  vertex 120 -230 10
 endloop
endfacet
facet normal -0 -1 -0
 outer loop
  vertex 220 -30 4.689582e-13
  vertex 230 -30 4.689582e-13
  vertex 230 -30 10
 endloop
endfacet
facet normal 0 -1 -0
 outer loop
  vertex 220 -30 4.689582e-13
  vertex 230 -30 10
  vertex 220 -30 10
 endloop
endfacet
facet normal -1 0 0
 outer loop
  vertex 170 -170 4.689582e-13
  vertex 170 -180 7.5497974e-07
  vertex 170 -180 10.000001
 endloop
endfacet
facet normal -1 -0 -0
 outer loop
  vertex 170 -170 4.689582e-13
  vertex 170 -180 10.000001
  vertex 170 -170 10
 endloop
endfacet
facet normal -0 -1 -0
 outer loop
  vertex 150 -80 2.9842795e-13
  vertex 160 -80 2.9842795e-13
  vertex 160 -80 10
 endloop
endfacet
facet normal 0 -1 -0
 outer loop
  vertex 150 -80 2.9842795e-13
  vertex 160 -80 10
  vertex 150 -80 10
 endloop
endfacet
facet normal -0 -1 -0
 outer loop
  vertex 90 -130 -2.1316282e-13
  vertex 100 -130 -2.1316282e-13
  vertex 100 -130 10
 endloop
endfacet
facet normal 0 -1 -0
 outer loop
  vertex 90 -130 -2.1316282e-13
  vertex 100 -130 10
  vertex 90 -130 10
 endloop
endfacet
facet normal -1 0 0
 outer loop
  vertex 50 -60 4.689582e-13
  vertex 50 -70 7.549794e-07
  vertex 50 -70 10
 endloop
endfacet
facet normal -1 -0 -0
 outer loop
  vertex 50 -60 4.689582e-13
  vertex 50 -70 10
  vertex 50 -60 10
 endloop
endfacet
facet normal -1 0 0
 outer loop
  vertex 170 -160 4.689582e-13
  vertex 170 -170 7.549793e-07
  vertex 170 -170 10
 endloop
endfacet
facet normal -1 -0 -0
 outer loop
  vertex 170 -160 4.689582e-13
  vertex 170 -170 10
  vertex 170 -160 10
 endloop
endfacet
facet normal -1 0 0
 outer loop
  vertex 240 -200 1.4210855e-14
  vertex 240 -210 7.549788e-07
  vertex 240 -210 10
 endloop
endfacet
facet normal -1 -0 -0
 outer loop
  vertex 240 -200 1.4210855e-14
  vertex 240 -210 10
  vertex 240 -200 10
 endloop
endfacet
facet normal -1 0 0
 outer loop
  vertex 50 -30 4.689582e-13
  vertex 50 -40 7.549793e-07
  vertex 50 -40 10.000001
 endloop
endfacet
facet normal -1 -0 -0
 outer loop
  vertex 50 -30 4.689582e-13
  vertex 50 -40 10.000001
  vertex 50 -30 10
 endloop
endfacet
facet normal -0 -1 -0
 outer loop
  vertex 130 -120 4.689582e-13
  vertex 140 -120 4.689582e-13
  vertex 140 -120 10
 endloop
endfacet
facet normal 0 -1 -0
 outer loop
  vertex 130 -120 4.689582e-13
  vertex 140 -120 10
  vertex 130 -120 10
 endloop
endfacet
facet normal -1 0 0
 outer loop
  vertex 70 -50 2.4158453e-13
  vertex 70 -60 7.549793e-07
  vertex 70 -60 10.000001
 endloop
endfacet
facet normal -1 -0 -0
 outer loop
  vertex 70 -50 2.4158453e-13
  vertex 70 -60 10.000001
  vertex 70 -50 10
 endloop
endfacet
facet normal -1 0 0
 outer loop
  vertex 110 -150 1.4210855e-14
  vertex 110 -160 7.549793e-07
  vertex 110 -160 10.000001
 endloop
endfacet
facet normal -1 -0 -0
 outer loop
  vertex 110 -150 1.4210855e-14
  vertex 110 -160 10.000001
  vertex 110 -150 10
 endloop
endfacet
facet normal -1 0 0
 outer loop
  vertex 230 -10 4.689582e-13
  vertex 230 -20 7.549793e-07
  vertex 230 -20 10
 endloop
endfacet
facet normal -1 -0 -0
 outer loop
  vertex 230 -10 4.689582e-13
  vertex 230 -20 10
  vertex 230 -10 10
 endloop
endfacet
facet normal -0 -1 -0
 outer loop
  vertex 150 -250 -8.9528385e-13
  vertex 160 -250 -8.9528385e-13
  vertex 160 -250 10
 endloop
endfacet
facet normal 0 -1 -0
 outer loop
  vertex 150 -250 -8.9528385e-13
  vertex 160 -250 10
  vertex 150 -250 10
 endloop
endfacet
facet normal -1 0 0
 outer loop
  vertex 90 -60 4.689582e-13
  vertex 90 -70 7.549794e-07
  vertex 90 -70 10
 endloop
endfacet
facet normal -1 -0 -0
 outer loop
  vertex 90 -60 4.689582e-13
  vertex 90 -70 10
  vertex 90 -60 10
 endloop
endfacet
facet normal -1 0 0
 outer loop
  vertex 70 -170 4.689582e-13
  vertex 70 -180 7.5497974e-07
  vertex 70 -180 10.000001
 endloop
endfacet
facet normal -1 -0 -0
 outer loop
  vertex 70 -170 4.689582e-13
  vertex 70 -180 10.000001
  vertex 70 -170 10
 endloop
endfacet
facet normal -0 -1 -0
 outer loop
  vertex 120 -200 1.4210855e-14
  vertex 130 -200 1.4210855e-14
  vertex 130 -200 10
 endloop
endfacet
facet normal 0 -1 -0
 outer loop
  vertex 120 -200 1.4210855e-14
  vertex 130 -200 10
  vertex 120 -200 10
 endloop
endfacet
facet normal -0 -1 -0
 outer loop
  vertex 220 -100 1.8474111e-13
  vertex 230 -100 1.8474111e-13
  vertex 230 -100 10
 endloop
endfacet
facet normal 0 -1 -0
 outer loop
  vertex 220 -100 1.8474111e-13
  vertex 230 -100 10
  vertex 220 -100 10
 endloop
endfacet
facet normal -0 -1 -0
 outer loop
  vertex 20 -220 9.237056e-13
  vertex 30 -220 9.237056e-13
  vertex 30 -220 10
 endloop
endfacet
facet normal 0 -1 -0
 outer loop
  vertex 20 -220 9.237056e-13
  vertex 30 -220 10
  vertex 20 -220 10
 endloop
endfacet
facet normal -1 0 0
 outer loop
  vertex 80 -140 1.4210855e-14
  vertex 80 -150 7.549788e-07
  vertex 80 -150 10.000001
 endloop
endfacet
facet normal -1 -0 -0
 outer loop
  vertex 80 -140 1.4210855e-14
  vertex 80 -150 10.000001
  vertex 80 -140 10
 endloop
endfacet
facet normal -0 -1 -0
 outer loop
  vertex 60 -220 9.237056e-13
  vertex 70 -220 9.237056e-13
  vertex 70 -220 10
 endloop
endfacet
facet normal 0 -1 -0
 outer loop
  vertex 60 -220 9.237056e-13
  vertex 70 -220 10
  vertex 60 -220 10
 endloop
endfacet
facet normal -1 0 0
 outer loop
  vertex 0 -100 1.8474111e-13
  vertex 0 -110 7.5497917e-07
  vertex 0 -110 10.000001
 endloop
endfacet
facet normal -1 -0 -0
 outer loop
  vertex 0 -100 1.8474111e-13
  vertex 0 -110 10.000001
  vertex 0 -100 10
 endloop
endfacet
facet normal -1 0 0
 outer loop
  vertex 160 -110 3.5527137e-13
  vertex 160 -120 7.549793e-07
  vertex 160 -120 10
 endloop
endfacet
facet normal -1 -0 -0
 outer loop
  vertex 160 -110 3.5527137e-13
  vertex 160 -120 10
  vertex 160 -110 10
 endloop
endfacet
facet normal -1 0 0
 outer loop
  vertex 100 -40 2.4158453e-13
  vertex 100 -50 7.549793e-07
  vertex 100 -50 10.000001
 endloop
endfacet
facet normal -1 -0 -0
 outer loop
  vertex 100 -40 2.4158453e-13
  vertex 100 -50 10.000001
  vertex 100 -40 10
 endloop
endfacet
facet normal -1 0 0
 outer loop
  vertex 230 -150 1.4210855e-14
  vertex 230 -160 7.549793e-07
  vertex 230 -160 10.000001
 endloop
endfacet
facet normal -1 -0 -0
 outer loop
  vertex 230 -150 1.4210855e-14
  vertex 230 -160 10.000001
  vertex 230 -150 10
 endloop
endfacet
facet normal -0 -1 -0
 outer loop
  vertex 230 -220 9.237056e-13
  vertex 240 -220 9.237056e-13
  vertex 240 -220 10
 endloop
endfacet
facet normal 0 -1 -0
 outer loop
  vertex 230 -220 9.237056e-13
  vertex 240 -220 10
  vertex 230 -220 10
 endloop
endfacet
facet normal -0 -1 -0
 outer loop
  vertex 20 -140 1.4210855e-14
  vertex 30 -140 1.4210855e-14
  vertex 30 -140 10
 endloop
endfacet
facet normal 0 -1 -0
 outer loop
  vertex 20 -140 1.4210855e-14
  vertex 30 -140 10
  vertex 20 -140 10
 endloop
endfacet
facet normal -0 -1 -0
 outer loop
  vertex 160 -180 1.4210855e-14
  vertex 170 -180 1.4210855e-14
  vertex 170 -180 10
 endloop
endfacet
facet normal 0 -1 -0
 outer loop
  vertex 160 -180 1.4210855e-14
  vertex 170 -180 10
  vertex 160 -180 10
 endloop
endfacet
facet normal -1 0 0
 outer loop
  vertex 110 -30 4.689582e-13
  vertex 110 -40 7.549793e-07
  vertex 110 -40 10.000001
 endloop
endfacet
facet normal -1 -0 -0
 outer loop
  vertex 110 -30 4.689582e-13
  vertex 110 -40 10.000001
  vertex 110 -30 10
 endloop
endfacet
facet normal -0 -1 -0
 outer loop
  vertex 100 -120 4.689582e-13
  vertex 110 -120 4.689582e-13
  vertex 110 -120 10
 endloop
endfacet
facet normal 0 -1 -0
 outer loop
  vertex 100 -120 4.689582e-13
  vertex 110 -120 10
  vertex 100 -120 10
 endloop
endfacet
facet normal -0 -1 -0
 outer loop
  vertex 170 -180 1.4210855e-14
  vertex 180 -180 1.4210855e-14
  vertex 180 -180 10
 endloop
endfacet
facet normal 0 -1 -0
 outer loop
  vertex 170 -180 1.4210855e-14
  vertex 180 -180 10
  vertex 170 -180 10
 endloop
endfacet
facet normal -0 -1 -0
 outer loop
  vertex 150 -200 1.4210855e-14
  vertex 160 -200 1.4210855e-14
  vertex 160 -200 10
 endloop
endfacet
facet normal 0 -1 -0
 outer loop
  vertex 150 -200 1.4210855e-14
  vertex 160 -200 10
  vertex 150 -200 10
 endloop
endfacet
facet normal -1 0 0
 outer loop
  vertex 210 -210 1.4210855e-14
  vertex 210 -220 7.5497974e-07
  vertex 210 -220 10.000001
 endloop
endfacet
facet normal -1 -0 -0
 outer loop
  vertex 210 -210 1.4210855e-14
  vertex 210 -220 10.000001
  vertex 210 -210 10
 endloop
endfacet
facet normal -0 -1 -0
 outer loop
  vertex 40 -80 2.9842795e-13
  vertex 50 -80 2.9842795e-13
  vertex 50 -80 10
 endloop
endfacet
facet normal 0 -1 -0
 outer loop
  vertex 40 -80 2.9842795e-13
  vertex 50 -80 10
  vertex 40 -80 10
 endloop
endfacet
facet normal -1 0 0
 outer loop
  vertex 250 -130 -2.1316282e-13
  vertex 250 -140 7.549788e-07
  vertex 250 -140 10.000001
 endloop
endfacet
facet normal -1 -0 -0
 outer loop
  vertex 250 -130 -2.1316282e-13
  vertex 250 -140 10.000001
  vertex 250 -130 10
 endloop
endfacet
facet normal -1 0 0
 outer loop
  vertex 70 -150 1.4210855e-14
  vertex 70 -160 7.549793e-07
  vertex 70 -160 10.000001
 endloop
endfacet
facet normal -1 -0 -0
 outer loop
  vertex 70 -150 1.4210855e-14
  vertex 70 -160 10.000001
  vertex 70 -150 10
 endloop
endfacet
facet normal -1 0 0
 outer loop
  vertex 0 -170 4.689582e-13
  vertex 0 -180 7.5497974e-07
  vertex 0 -180 10.000001
 endloop
endfacet
facet normal -1 -0 -0
 outer loop
  vertex 0 -170 4.689582e-13
  vertex 0 -180 10.000001
  vertex 0 -170 10
 endloop
endfacet
facet normal -1 0 0
 outer loop
  vertex 80 -150 1.4210855e-14
  vertex 80 -160 7.549793e-07
  vertex 80 -160 10.000001
 endloop
endfacet
facet normal -1 -0 -0
 outer loop
  vertex 80 -150 1.4210855e-14
  vertex 80 -160 10.000001
  vertex 80 -150 10
 endloop
endfacet
facet normal -0 -1 -0
 outer loop
  vertex 110 -200 1.4210855e-14
  vertex 120 -200 1.4210855e-14
  vertex 120 -200 10
 endloop
endfacet
facet normal 0 -1 -0
 outer loop
  vertex 110 -200 1.4210855e-14
  vertex 120 -200 10
  vertex 110 -200 10
 endloop
endfacet
facet normal -0 -1 -0
 outer loop
  vertex 30 -150 1.4210855e-14
  vertex 40 -150 1.4210855e-14
  vertex 40 -150 10
 endloop
endfacet
facet normal 0 -1 -0
 outer loop
  vertex 30 -150 1.4210855e-14
  vertex 40 -150 10
  vertex 30 -150 10
 endloop
endfacet
facet normal -1 0 0
 outer loop
  vertex 80 -30 4.689582e-13
  vertex 80 -40 7.549793e-07
  vertex 80 -40 10.000001
 endloop
endfacet
facet normal -1 -0 -0
 outer loop
  vertex 80 -30 4.689582e-13
  vertex 80 -40 10.000001
  vertex 80 -30 10
 endloop
endfacet
facet normal -1 0 0
 outer loop
  vertex 240 -70 1.2789769e-13
  vertex 240 -80 7.549791e-07
  vertex 240 -80 10.000001
 endloop
endfacet
facet normal -1 -0 -0
 outer loop
  vertex 240 -70 1.2789769e-13
  vertex 240 -80 10.000001
  vertex 240 -70 10
 endloop
endfacet
facet normal -0 -1 -0
 outer loop
  vertex 130 -210 1.4210855e-14
  vertex 140 -210 1.4210855e-14
  vertex 140 -210 10
 endloop
endfacet
facet normal 0 -1 -0
 outer loop
  vertex 130 -210 1.4210855e-14
  vertex 140 -210 10
  vertex 130 -210 10
 endloop
endfacet
facet normal -0 -1 -0
 outer loop
  vertex 200 -200 1.4210855e-14
  vertex 210 -200 1.4210855e-14
  vertex 210 -200 10
 endloop
endfacet
facet normal 0 -1 -0
 outer loop
  vertex 200 -200 1.4210855e-14
  vertex 210 -200 10
  vertex 200 -200 10
 endloop
endfacet
facet normal -0 -1 -0
 outer loop
  vertex 220 -220 9.237056e-13
  vertex 230 -220 9.237056e-13
  vertex 230 -220 10
 endloop
endfacet
facet normal 0 -1 -0
 outer loop
  vertex 220 -220 9.237056e-13
  vertex 230 -220 10
  vertex 220 -220 10
 endloop
endfacet
facet normal -0 -1 -0
 outer loop
  vertex 40 -180 1.4210855e-14
  vertex 50 -180 1.4210855e-14
  vertex 50 -180 10
 endloop
endfacet
facet normal 0 -1 -0
 outer loop
  vertex 40 -180 1.4210855e-14
  vertex 50 -180 10
  vertex 40 -180 10
 endloop
endfacet
facet normal -0 -1 -0
 outer loop
  vertex 30 -120 4.689582e-13
  vertex 40 -120 4.689582e-13
  vertex 40 -120 10
 endloop
endfacet
facet normal 0 -1 -0
 outer loop
  vertex 30 -120 4.689582e-13
  vertex 40 -120 10
  vertex 30 -120 10
 endloop
endfacet
facet normal -1 0 0
 outer loop
  vertex 80 -130 -2.1316282e-13
  vertex 80 -140 7.549788e-07
  vertex 80 -140 10.000001
 endloop
endfacet
facet normal -1 -0 -0
 outer loop
  vertex 80 -130 -2.1316282e-13
  vertex 80 -140 10.000001
  vertex 80 -130 10
 endloop
endfacet
facet normal -0 -1 -0
 outer loop
  vertex 10 -110 3.5527137e-13
  vertex 20 -110 3.5527137e-13
  vertex 20 -110 10
 endloop
endfacet
facet normal 0 -1 -0
 outer loop
  vertex 10 -110 3.5527137e-13
  vertex 20 -110 10
  vertex 10 -110 10
 endloop
endfacet
facet normal -0 -1 -0
 outer loop
  vertex 50 -160 4.689582e-13
  vertex 60 -160 4.689582e-13
  vertex 60 -160 10
 endloop
endfacet
facet normal 0 -1 -0
 outer loop
  vertex 50 -160 4.689582e-13
  vertex 60 -160 10
  vertex 50 -160 10
 endloop
endfacet
facet normal -0 -1 -0
 outer loop
  vertex 190 -100 1.8474111e-13
  vertex 200 -100 1.8474111e-13
  vertex 200 -100 10
 endloop
endfacet
facet normal 0 -1 -0
 outer loop
  vertex 190 -100 1.8474111e-13
  vertex 200 -100 10
  vertex 190 -100 10
 endloop
endfacet
facet normal -1 0 0
 outer loop
  vertex 240 -50 2.4158453e-13
  vertex 240 -60 7.549793e-07
  vertex 240 -60 10.000001
 endloop
endfacet
facet normal -1 -0 -0
 outer loop
  vertex 240 -50 2.4158453e-13
  vertex 240 -60 10.000001
  vertex 240 -50 10
 endloop
endfacet
facet normal -1 0 0
 outer loop
  vertex 40 -80 2.9842795e-13
  vertex 40 -90 7.549793e-07
  vertex 40 -90 10.000001
 endloop
endfacet
facet normal -1 -0 -0
 outer loop
  vertex 40 -80 2.9842795e-13
  vertex 40 -90 10.000001
  vertex 40 -80 10
 endloop
endfacet
facet normal -0 -1 -0
 outer loop
  vertex 80 -10 4.689582e-13
  vertex 90 -10 4.689582e-13
  vertex 90 -10 10
 endloop
endfacet
facet normal 0 -1 -0
 outer loop
  vertex 80 -10 4.689582e-13
  vertex 90 -10 10
  vertex 80 -10 10
 endloop
endfacet
facet normal -0 -1 -0
 outer loop
  vertex 0 -130 -2.1316282e-13
  vertex 10 -130 -2.1316282e-13
  vertex 10 -130 10
 endloop
endfacet
facet normal 0 -1 -0
 outer loop
  vertex 0 -130 -2.1316282e-13
  vertex 10 -130 10
  vertex 0 -130 10
 endloop
endfacet
facet normal -1 0 0
 outer loop
  vertex 60 -90 1.4210855e-14
  vertex 60 -100 7.54979e-07
  vertex 60 -100 10.000001
 endloop
endfacet
facet normal -1 -0 -0
 outer loop
  vertex 60 -90 1.4210855e-14
  vertex 60 -100 10.000001
  vertex 60 -90 10
 endloop
endfacet
facet normal -0 -1 -0
 outer loop
  vertex 170 -80 2.9842795e-13
  vertex 180 -80 2.9842795e-13
  vertex 180 -80 10
 endloop
endfacet
facet normal 0 -1 -0
 outer loop
  vertex 170 -80 2.9842795e-13
  vertex 180 -80 10
  vertex 170 -80 10
 endloop
endfacet
facet normal -0 -1 -0
 outer loop
  vertex 140 -220 9.237056e-13
  vertex 150 -220 9.237056e-13
  vertex 150 -220 10
 endloop
endfacet
facet normal 0 -1 -0
 outer loop
  vertex 140 -220 9.237056e-13
  vertex 150 -220 10
  vertex 140 -220 10
 endloop
endfacet
facet normal -1 0 0
 outer loop
  vertex 210 -70 1.2789769e-13
  vertex 210 -80 7.549791e-07
  vertex 210 -80 10.000001
 endloop
endfacet
facet normal -1 -0 -0
 outer loop
  vertex 210 -70 1.2789769e-13
  vertex 210 -80 10.000001
  vertex 210 -70 10
 endloop
endfacet
facet normal -0 -1 -0
 outer loop
  vertex 130 -180 1.4210855e-14
  vertex 140 -180 1.4210855e-14
  vertex 140 -180 10
 endloop
endfacet
facet normal 0 -1 -0
 outer loop
  vertex 130 -180 1.4210855e-14
  vertex 140 -180 10
  vertex 130 -180 10
 endloop
endfacet
facet normal -1 0 0
 outer loop
  vertex 240 -90 1.4210855e-14
  vertex 240 -100 7.54979e-07
  vertex 240 -100 10.000001
 endloop
endfacet
facet normal -1 -0 -0
 outer loop
  vertex 240 -90 1.4210855e-14
  vertex 240 -100 10.000001
  vertex 240 -90 10
 endloop
endfacet
facet normal -0 -1 -0
 outer loop
  vertex 20 -230 9.237056e-13
  vertex 30 -230 9.237056e-13
  vertex 30 -230 10
 endloop
endfacet
facet normal 0 -1 -0
 outer loop
  vertex 20 -230 9.237056e-13
  vertex 30 -230 10
  vertex 20 -230 10
 endloop
endfacet
facet normal -0 -1 -0
 outer loop
  vertex 180 -230 9.237056e-13
  vertex 190 -230 9.237056e-13
  vertex 190 -230 10
 endloop
endfacet
facet normal 0 -1 -0
 outer loop
  vertex 180 -230 9.237056e-13
  vertex 190 -230 10
  vertex 180 -230 10
 endloop
endfacet
facet normal -0 -1 -0
 outer loop
  vertex 40 -130 -2.1316282e-13
  vertex 50 -130 -2.1316282e-13
  vertex 50 -130 10
 endloop
endfacet
facet normal 0 -1 -0
 outer loop
  vertex 40 -130 -2.1316282e-13
  vertex 50 -130 10
  vertex 40 -130 10
 endloop
endfacet
facet normal -0 -1 -0
 outer loop
  vertex 160 -140 1.4210855e-14
  vertex 170 -140 1.4210855e-14
  vertex 170 -140 10
 endloop
endfacet
facet normal 0 -1 -0
 outer loop
  vertex 160 -140 1.4210855e-14
  vertex 170 -140 10
  vertex 160 -140 10
 endloop
endfacet
facet normal -1 0 0
 outer loop
  vertex 80 -190 1.4210855e-14
  vertex 80 -200 7.549788e-07
  vertex 80 -200 10.000001
 endloop
endfacet
facet normal -1 -0 -0
 outer loop
  vertex 80 -190 1.4210855e-14
  vertex 80 -200 10.000001
  vertex 80 -190 10
 endloop
endfacet
facet normal -1 0 0
 outer loop
  vertex 30 -10 4.689582e-13
  vertex 30 -20 7.549793e-07
  vertex 30 -20 10
 endloop
endfacet
facet normal -1 -0 -0
 outer loop
  vertex 30 -10 4.689582e-13
  vertex 30 -20 10
  vertex 30 -10 10
 endloop
endfacet
facet normal -0 -1 -0
 outer loop
  vertex 10 -150 1.4210855e-14
  vertex 20 -150 1.4210855e-14
  vertex 20 -150 10
 endloop
endfacet
facet normal 0 -1 -0
 outer loop
  vertex 10 -150 1.4210855e-14
  vertex 20 -150 10
  vertex 10 -150 10
 endloop
endfacet
facet normal -1 0 0
 outer loop
  vertex 160 -140 1.4210855e-14
  vertex 160 -150 7.549788e-07
  vertex 160 -150 10.000001
 endloop
endfacet
facet normal -1 -0 -0
 outer loop
  vertex 160 -140 1.4210855e-14
  vertex 160 -150 10.000001
  vertex 160 -140 10
 endloop
endfacet
facet normal -1 0 0
 outer loop
  vertex 80 -230 9.237056e-13
  vertex 80 -240 7.5497974e-07
  vertex 80 -240 10.000001
 endloop
endfacet
facet normal -1 -0 -0
 outer loop
  vertex 80 -230 9.237056e-13
  vertex 80 -240 10.000001
  vertex 80 -230 10
 endloop
endfacet
facet normal -0 -1 -0
 outer loop
  vertex 0 -160 4.689582e-13
  vertex 10 -160 4.689582e-13
  vertex 10 -160 10
 endloop
endfacet
facet normal 0 -1 -0
 outer loop
  vertex 0 -160 4.689582e-13
  vertex 10 -160 10
  vertex 0 -160 10
 endloop
endfacet
facet normal -0 -1 -0
 outer loop
  vertex 70 -90 1.4210855e-14
  vertex 80 -90 1.4210855e-14
  vertex 80 -90 10
 endloop
endfacet
facet normal 0 -1 -0
 outer loop
  vertex 70 -90 1.4210855e-14
  vertex 80 -90 10
  vertex 70 -90 10
 endloop
endfacet
facet normal -1 0 0
 outer loop
  vertex 110 -110 3.5527137e-13
  vertex 110 -120 7.549793e-07
  vertex 110 -120 10
 endloop
endfacet
facet normal -1 -0 -0
 outer loop
  vertex 110 -110 3.5527137e-13
  vertex 110 -120 10
  vertex 110 -110 10
 endloop
endfacet
facet normal -1 0 0
 outer loop
  vertex 20 -100 1.8474111e-13
  vertex 20 -110 7.5497917e-07
  vertex 20 -110 10.000001
 endloop
endfacet
facet normal -1 -0 -0
 outer loop
  vertex 20 -100 1.8474111e-13
  vertex 20 -110 10.000001
  vertex 20 -100 10
 endloop
endfacet
facet normal -0 -1 -0
 outer loop
  vertex 230 -140 1.4210855e-14
  vertex 240 -140 1.4210855e-14
  vertex 240 -140 10
 endloop
endfacet
facet normal 0 -1 -0
 outer loop
  vertex 230 -140 1.4210855e-14
  vertex 240 -140 10
  vertex 230 -140 10
 endloop
endfacet
facet normal -1 0 0
 outer loop
  vertex 150 -90 1.4210855e-14
  vertex 150 -100 7.54979e-07
  vertex 150 -100 10.000001
 endloop
endfacet
facet normal -1 -0 -0
 outer loop
  vertex 150 -90 1.4210855e-14
  vertex 150 -100 10.000001
  vertex 150 -90 10
 endloop
endfacet
facet normal -1 0 0
 outer loop
  vertex 80 -100 1.8474111e-13
  vertex 80 -110 7.5497917e-07
  vertex 80 -110 10.000001
 endloop
endfacet
facet normal -1 -0 -0
 outer loop
  vertex 80 -100 1.8474111e-13
  vertex 80 -110 10.000001
  vertex 80 -100 10
 endloop
endfacet
facet normal -0 -1 -0
 outer loop
  vertex 60 -30 4.689582e-13
  vertex 70 -30 4.689582e-13
  vertex 70 -30 10
 endloop
endfacet
facet normal 0 -1 -0
 outer loop
  vertex 60 -30 4.689582e-13
  vertex 70 -30 10
  vertex 60 -30 10
 endloop
endfacet
facet normal -1 0 0
 outer loop
  vertex 100 -220 9.237056e-13
  vertex 100 -230 7.5497974e-07
  vertex 100 -230 10.000001
 endloop
endfacet
facet normal -1 -0 -0
 outer loop
  vertex 100 -220 9.237056e-13
  vertex 100 -230 10.000001
  vertex 100 -220 10
 endloop
endfacet
facet normal -1 0 0
 outer loop
  vertex 230 -20 1.4210855e-14
  vertex 230 -30 7.549793e-07
  vertex 230 -30 10.000001
 endloop
endfacet
facet normal -1 -0 -0
 outer loop
  vertex 230 -20 1.4210855e-14
  vertex 230 -30 10.000001
  vertex 230 -20 10
 endloop
endfacet
facet normal -1 0 0
 outer loop
  vertex 240 -150 1.4210855e-14
  vertex 240 -160 7.549793e-07
  vertex 240 -160 10.000001
 endloop
endfacet
facet normal -1 -0 -0
 outer loop
  vertex 240 -150 1.4210855e-14
  vertex 240 -160 10.000001
  vertex 240 -150 10
 endloop
endfacet
facet normal -1 0 0
 outer loop
  vertex 100 -50 2.4158453e-13
  vertex 100 -60 7.549793e-07
  vertex 100 -60 10.000001
 endloop
endfacet
facet normal -1 -0 -0
 outer loop
  vertex 100 -50 2.4158453e-13
  vertex 100 -60 10.000001
  vertex 100 -50 10
 endloop
endfacet
facet normal -1 0 0
 outer loop
  vertex 20 -210 1.4210855e-14
  vertex 20 -220 7.5497974e-07
  vertex 20 -220 10.000001
 endloop
endfacet
facet normal -1 -0 -0
 outer loop
  vertex 20 -210 1.4210855e-14
  vertex 20 -220 10.000001
  vertex 20 -210 10
 endloop
endfacet
facet normal -0 -1 -0
 outer loop
  vertex 200 -160 4.689582e-13
  vertex 210 -160 4.689582e-13
  vertex 210 -160 10
 endloop
endfacet
facet normal 0 -1 -0
 outer loop
  vertex 200 -160 4.689582e-13
  vertex 210 -160 10
  vertex 200 -160 10
 endloop
endfacet
facet normal -0 -1 -0
 outer loop
  vertex 60 -80 2.9842795e-13
  vertex 70 -80 2.9842795e-13
  vertex 70 -80 10
 endloop
endfacet
facet normal 0 -1 -0
 outer loop
  vertex 60 -80 2.9842795e-13
  vertex 70 -80 10
  vertex 60 -80 10
 endloop
endfacet
facet normal -0 -1 -0
 outer loop
  vertex 170 -190 1.4210855e-14
  vertex 180 -190 1.4210855e-14
  vertex 180 -190 10
 endloop
endfacet
facet normal 0 -1 -0
 outer loop
  vertex 170 -190 1.4210855e-14
  vertex 180 -190 10
  vertex 170 -190 10
 endloop
endfacet
facet normal -1 0 0
 outer loop
  vertex 220 -190 1.4210855e-14
  vertex 220 -200 7.549788e-07
  vertex 220 -200 10.000001
 endloop
endfacet
facet normal -1 -0 -0
 outer loop
  vertex 220 -190 1.4210855e-14
  vertex 220 -200 10.000001
  vertex 220 -190 10
 endloop
endfacet
facet normal -0 -1 -0
 outer loop
  vertex 30 -170 4.689582e-13
  vertex 40 -170 4.689582e-13
  vertex 40 -170 10
 endloop
endfacet
facet normal 0 -1 -0
 outer loop
  vertex 30 -170 4.689582e-13
  vertex 40 -170 10
  vertex 30 -170 10
 endloop
endfacet
facet normal -1 0 0
 outer loop
  vertex 180 -70 1.2789769e-13
  vertex 180 -80 7.549791e-07
  vertex 180 -80 10.000001
 endloop
endfacet
facet normal -1 -0 -0
 outer loop
  vertex 180 -70 1.2789769e-13
  vertex 180 -80 10.000001
  vertex 180 -70 10
 endloop
endfacet
facet normal -0 -1 -0
 outer loop
  vertex 170 -160 4.689582e-13
  vertex 180 -160 4.689582e-13
  vertex 180 -160 10
 endloop
endfacet
facet normal 0 -1 -0
 outer loop
  vertex 170 -160 4.689582e-13
  vertex 180 -160 10
  vertex 170 -160 10
 endloop
endfacet
facet normal -0 -1 -0
 outer loop
  vertex 230 -200 1.4210855e-14
  vertex 240 -200 1.4210855e-14
  vertex 240 -200 10
 endloop
endfacet
facet normal 0 -1 -0
 outer loop
  vertex 230 -200 1.4210855e-14
  vertex 240 -200 10
  vertex 230 -200 10
 endloop
endfacet
facet normal -1 0 0
 outer loop
  vertex 210 0 1.4210855e-14
  vertex 210 -10 7.549793e-07
  vertex 210 -10 10.000001
 endloop
endfacet
facet normal -1 -0 -0
 outer loop
  vertex 210 0 1.4210855e-14
  vertex 210 -10 10.000001
  vertex 210 0 10
 endloop
endfacet
facet normal -1 0 0
 outer loop
  vertex 200 -230 9.237056e-13
  vertex 200 -240 7.5497974e-07
  vertex 200 -240 10.000001
 endloop
endfacet
facet normal -1 -0 -0
 outer loop
  vertex 200 -230 9.237056e-13
  vertex 200 -240 10.000001
  vertex 200 -230 10
 endloop
endfacet
facet normal -0 -1 -0
 outer loop
  vertex 190 -70 1.2789769e-13
  vertex 200 -70 1.2789769e-13
  vertex 200 -70 10
 endloop
endfacet
facet normal 0 -1 -0
 outer loop
  vertex 190 -70 1.2789769e-13
  vertex 200 -70 10
  vertex 190 -70 10
 endloop
endfacet
facet normal -0 -1 -0
 outer loop
  vertex 180 -170 4.689582e-13
  vertex 190 -170 4.689582e-13
  vertex 190 -170 10
 endloop
endfacet
facet normal 0 -1 -0
 outer loop
  vertex 180 -170 4.689582e-13
  vertex 190 -170 10
  vertex 180 -170 10
 endloop
endfacet
facet normal -1 0 0
 outer loop
  vertex 160 -200 1.4210855e-14
  vertex 160 -210 7.549788e-07
  vertex 160 -210 10
 endloop
endfacet
facet normal -1 -0 -0
 outer loop
  vertex 160 -200 1.4210855e-14
  vertex 160 -210 10
  vertex 160 -200 10
 endloop
endfacet
facet normal -1 0 0
 outer loop
  vertex 220 -240 9.237056e-13
  vertex 220 -250 7.5497974e-07
  vertex 220 -250 10.000001
 endloop
endfacet
facet normal -1 -0 -0
 outer loop
  vertex 220 -240 9.237056e-13
  vertex 220 -250 10.000001
  vertex 220 -240 10
 endloop
endfacet
facet normal -1 0 0
 outer loop
  vertex 70 -150 1.4210855e-14
  vertex 70 -160 7.549793e-07
  vertex 70 -160 10.000001
 endloop
endfacet
facet normal -1 -0 -0
 outer loop
  vertex 70 -150 1.4210855e-14
  vertex 70 -160 10.000001
  vertex 70 -150 10
 endloop
endfacet
facet normal -0 -1 -0
 outer loop
  vertex 50 -210 1.4210855e-14
  vertex 60 -210 1.4210855e-14
  vertex 60 -210 10
 endloop
endfacet
facet normal 0 -1 -0
 outer loop
  vertex 50 -210 1.4210855e-14
  vertex 60 -210 10
  vertex 50 -210 10
 endloop
endfacet
facet normal -1 0 0
 outer loop
  vertex 190 -180 1.4210855e-14
  vertex 190 -190 7.549788e-07
  vertex 190 -190 10.000001
 endloop
endfacet
facet normal -1 -0 -0
 outer loop
  vertex 190 -180 1.4210855e-14
  vertex 190 -190 10.000001
  vertex 190 -180 10
 endloop
endfacet
facet normal -1 0 0
 outer loop
  vertex 40 -60 4.689582e-13
  vertex 40 -70 7.549794e-07
  vertex 40 -70 10
 endloop
endfacet
facet normal -1 -0 -0
 outer loop
  vertex 40 -60 4.689582e-13
  vertex 40 -70 10
  vertex 40 -60 10
 endloop
endfacet
facet normal -1 0 0
 outer loop
  vertex 120 -140 1.4210855e-14
  vertex 120 -150 7.549788e-07
  vertex 120 -150 10.000001
 endloop
endfacet
facet normal -1 -0 -0
 outer loop
  vertex 120 -140 1.4210855e-14
  vertex 120 -150 10.000001
  vertex 120 -140 10
 endloop
endfacet
facet normal -1 0 0
 outer loop
  vertex 220 -80 2.9842795e-13
  vertex 220 -90 7.549793e-07
  vertex 220 -90 10.000001
 endloop
endfacet
facet normal -1 -0 -0
 outer loop
  vertex 220 -80 2.9842795e-13
  vertex 220 -90 10.000001
  vertex 220 -80 10
 endloop
endfacet
facet normal -0 -1 -0
 outer loop
  vertex 10 -180 1.4210855e-14
  vertex 20 -180 1.4210855e-14
  vertex 20 -180 10
 endloop
endfacet
facet normal 0 -1 -0
 outer loop
  vertex 10 -180 1.4210855e-14
  vertex 20 -180 10
  vertex 10 -180 10
 endloop
endfacet
facet normal -0 -1 -0
 outer loop
  vertex 30 -200 1.4210855e-14
  vertex 40 -200 1.4210855e-14
  vertex 40 -200 10
 endloop
endfacet
facet normal 0 -1 -0
 outer loop
  vertex 30 -200 1.4210855e-14
  vertex 40 -200 10
  vertex 30 -200 10
 endloop
endfacet
facet normal -1 0 0
 outer loop
  vertex 180 -230 9.237056e-13
  vertex 180 -240 7.5497974e-07
  vertex 180 -240 10.000001
 endloop
endfacet
facet normal -1 -0 -0
 outer loop
  vertex 180 -230 9.237056e-13
  vertex 180 -240 10.000001
  vertex 180 -230 10
 endloop
endfacet
facet normal -1 0 0
 outer loop
  vertex 230 -50 2.4158453e-13
  vertex 230 -60 7.549793e-07
  vertex 230 -60 10.000001
 endloop
endfacet
facet normal -1 -0 -0
 outer loop
  vertex 230 -50 2.4158453e-13
  vertex 230 -60 10.000001
  vertex 230 -50 10
 endloop
endfacet
facet normal -0 -1 -0
 outer loop
  vertex 50 -50 2.4158453e-13
  vertex 60 -50 2.4158453e-13
  vertex 60 -50 10
 endloop
endfacet
facet normal 0 -1 -0
 outer loop
  vertex 50 -50 2.4158453e-13
  vertex 60 -50 10
  vertex 50 -50 10
 endloop
endfacet
facet normal -0 -1 -0
 outer loop
  vertex 30 -10 4.689582e-13
  vertex 40 -10 4.689582e-13
  vertex 40 -10 10
 endloop
endfacet
facet normal 0 -1 -0
 outer loop
  vertex 30 -10 4.689582e-13
  vertex 40 -10 10
  vertex 30 -10 10
 endloop
endfacet
facet normal -0 -1 -0
 outer loop
  vertex 220 -220 9.237056e-13
  vertex 230 -220 9.237056e-13
  vertex 230 -220 10
 endloop
endfacet
facet normal 0 -1 -0
 outer loop
  vertex 220 -220 9.237056e-13
  vertex 230 -220 10
  vertex 220 -220 10
 endloop
endfacet
facet normal -1 0 0
 outer loop
  vertex 240 -10 4.689582e-13
  vertex 240 -20 7.549793e-07
  vertex 240 -20 10
 endloop
endfacet
facet normal -1 -0 -0
 outer loop
  vertex 240 -10 4.689582e-13
  vertex 240 -20 10
  vertex 240 -10 10
 endloop
endfacet
facet normal -0 -1 -0
 outer loop
  vertex 20 -40 2.4158453e-13
  vertex 30 -40 2.4158453e-13
  vertex 30 -40 10
 endloop
endfacet
facet normal 0 -1 -0
 outer loop
  vertex 20 -40 2.4158453e-13
  vertex 30 -40 10
  vertex 20 -40 10
 endloop
endfacet
facet normal -1 0 0
 outer loop
  vertex 190 -70 1.2789769e-13
  vertex 190 -80 7.549791e-07
  vertex 190 -80 10.000001
 endloop
endfacet
facet normal -1 -0 -0
 outer loop
  vertex 190 -70 1.2789769e-13
  vertex 190 -80 10.000001
  vertex 190 -70 10
 endloop
endfacet
facet normal -0 -1 -0
 outer loop
  vertex 10 -60 4.689582e-13
  vertex 20 -60 4.689582e-13
  vertex 20 -60 10
 endloop
endfacet
facet normal 0 -1 -0
 outer loop
  vertex 10 -60 4.689582e-13
  vertex 20 -60 10
  vertex 10 -60 10
 endloop
endfacet
facet normal -0 -1 -0
 outer loop
  vertex 120 -100 1.8474111e-13
  vertex 130 -100 1.8474111e-13
  vertex 130 -100 10
 endloop
endfacet
facet normal 0 -1 -0
 outer loop
  vertex 120 -100 1.8474111e-13
  vertex 130 -100 10
  vertex 120 -100 10
 endloop
endfacet
facet normal -1 0 0
 outer loop
  vertex 120 -180 1.4210855e-14
  vertex 120 -190 7.549788e-07
  vertex 120 -190 10.000001
 endloop
endfacet
facet normal -1 -0 -0
 outer loop
  vertex 120 -180 1.4210855e-14
  vertex 120 -190 10.000001
  vertex 120 -180 10
 endloop
endfacet
facet normal -1 0 0
 outer loop
  vertex 80 -220 9.237056e-13
  vertex 80 -230 7.5497974e-07
  vertex 80 -230 10.000001
 endloop
endfacet
facet normal -1 -0 -0
 outer loop
  vertex 80 -220 9.237056e-13
  vertex 80 -230 10.000001
  vertex 80 -220 10
 endloop
endfacet
facet normal -0 -1 -0
 outer loop
  vertex 50 -140 1.4210855e-14
  vertex 60 -140 1.4210855e-14
  vertex 60 -140 10
 endloop
endfacet
facet normal 0 -1 -0
 outer loop
  vertex 50 -140 1.4210855e-14
  vertex 60 -140 10
  vertex 50 -140 10
 endloop
endfacet
facet normal -1 0 0
 outer loop
  vertex 100 -160 4.689582e-13
  vertex 100 -170 7.549793e-07
  vertex 100 -170 10
 endloop
endfacet
facet normal -1 -0 -0
 outer loop
  vertex 100 -160 4.689582e-13
  vertex 100 -170 10
  vertex 100 -160 10
 endloop
endfacet
facet normal -1 0 0
 outer loop
  vertex 20 -140 1.4210855e-14
  vertex 20 -150 7.549788e-07
  vertex 20 -150 10.000001
 endloop
endfacet
facet normal -1 -0 -0
 outer loop
  vertex 20 -140 1.4210855e-14
  vertex 20 -150 10.000001
  vertex 20 -140 10
 endloop
endfacet
facet normal -1 0 0
 outer loop
  vertex 60 -150 1.4210855e-14
  vertex 60 -160 7.549793e-07
  vertex 60 -160 10.000001
 endloop
endfacet
facet normal -1 -0 -0
 outer loop
  vertex 60 -150 1.4210855e-14
  vertex 60 -160 10.000001
  vertex 60 -150 10
 endloop
endfacet
facet normal -1 0 0
 outer loop
  vertex 40 -80 2.9842795e-13
  vertex 40 -90 7.549793e-07
  vertex 40 -90 10.000001
 endloop
endfacet
facet normal -1 -0 -0
 outer loop
  vertex 40 -80 2.9842795e-13
  vertex 40 -90 10.000001
  vertex 40 -80 10
 endloop
endfacet
facet normal -1 0 0
 outer loop
  vertex 220 -200 1.4210855e-14
  vertex 220 -210 7.549788e-07
  vertex 220 -210 10
 endloop
endfacet
facet normal -1 -0 -0
 outer loop
  vertex 220 -200 1.4210855e-14
  vertex 220 -210 10
  vertex 220 -200 10
 endloop
endfacet
facet normal -1 0 0
 outer loop
  vertex 30 -70 1.2789769e-13
  vertex 30 -80 7.549791e-07
  vertex 30 -80 10.000001
 endloop
endfacet
facet normal -1 -0 -0
 outer loop
  vertex 30 -70 1.2789769e-13
  vertex 30 -80 10.000001
  vertex 30 -70 10
 endloop
endfacet
facet normal -0 -1 -0
 outer loop
  vertex 30 -140 1.4210855e-14
  vertex 40 -140 1.4210855e-14
  vertex 40 -140 10
 endloop
endfacet
facet normal 0 -1 -0
 outer loop
  vertex 30 -140 1.4210855e-14
  vertex 40 -140 10
  vertex 30 -140 10
 endloop
endfacet
facet normal -0 -1 -0
 outer loop
  vertex 10 -30 4.689582e-13
  vertex 20 -30 4.689582e-13
  vertex 20 -30 10
 endloop
endfacet
facet normal 0 -1 -0
 outer loop
  vertex 10 -30 4.689582e-13
  vertex 20 -30 10
  vertex 10 -30 10
 endloop
endfacet
facet normal -1 0 0
 outer loop
  vertex 170 -30 4.689582e-13
  vertex 170 -40 7.549793e-07
  vertex 170 -40 10.000001
 endloop
endfacet
facet normal -1 -0 -0
 outer loop
  vertex 170 -30 4.689582e-13
  vertex 170 -40 10.000001
  vertex 170 -30 10
 endloop
endfacet
facet normal -1 0 0
 outer loop
  vertex 200 -180 1.4210855e-14
  vertex 200 -190 7.549788e-07
  vertex 200 -190 10.000001
 endloop
endfacet
facet normal -1 -0 -0
 outer loop
  vertex 200 -180 1.4210855e-14
  vertex 200 -190 10.000001
  vertex 200 -180 10
 endloop
endfacet
facet normal -1 0 0
 outer loop
  vertex 100 -20 1.4210855e-14
  vertex 100 -30 7.549793e-07
  vertex 100 -30 10.000001
 endloop
endfacet
facet normal -1 -0 -0
 outer loop
  vertex 100 -20 1.4210855e-14
  vertex 100 -30 10.000001
  vertex 100 -20 10
 endloop
endfacet
facet normal -1 0 0
 outer loop
  vertex 190 -110 3.5527137e-13
  vertex 190 -120 7.549793e-07
  vertex 190 -120 10
 endloop
endfacet
facet normal -1 -0 -0
 outer loop
  vertex 190 -110 3.5527137e-13
  vertex 190 -120 10
  vertex 190 -110 10
 endloop
endfacet
facet normal -0 -1 -0
 outer loop
  vertex 210 -170 4.689582e-13
  vertex 220 -170 4.689582e-13
  vertex 220 -170 10
 endloop
endfacet
facet normal 0 -1 -0
 outer loop
  vertex 210 -170 4.689582e-13
  vertex 220 -170 10
  vertex 210 -170 10
 endloop
endfacet
facet normal -1 0 0
 outer loop
  vertex 140 0 1.4210855e-14
  vertex 140 -10 7.549793e-07
  vertex 140 -10 10.000001
 endloop
endfacet
facet normal -1 -0 -0
 outer loop
  vertex 140 0 1.4210855e-14
  vertex 140 -10 10.000001
  vertex 140 0 10
 endloop
endfacet
facet normal -1 0 0
 outer loop
  vertex 250 -40 2.4158453e-13
  vertex 250 -50 7.549793e-07
  vertex 250 -50 10.000001
 endloop
endfacet
facet normal -1 -0 -0
 outer loop
  vertex 250 -40 2.4158453e-13
  vertex 250 -50 10.000001
  vertex 250 -40 10
 endloop
endfacet
facet normal -1 0 0
 outer loop
  vertex 40 -230 9.237056e-13
  vertex 40 -240 7.5497974e-07
  vertex 40 -240 10.000001
 endloop
endfacet
facet normal -1 -0 -0
 outer loop
  vertex 40 -230 9.237056e-13
  vertex 40 -240 10.000001
  vertex 40 -230 10
 endloop
endfacet
facet normal -1 0 0
 outer loop
  vertex 200 -30 4.689582e-13
  vertex 200 -40 7.549793e-07
  vertex 200 -40 10.000001
 endloop
endfacet
facet normal -1 -0 -0
 outer loop
  vertex 200 -30 4.689582e-13
  vertex 200 -40 10.000001
  vertex 200 -30 10
 endloop
endfacet
facet normal -0 -1 -0
 outer loop
  vertex 30 -20 1.4210855e-14
  vertex 40 -20 1.4210855e-14
  vertex 40 -20 10
 endloop
endfacet
facet normal 0 -1 -0
 outer loop
  vertex 30 -20 1.4210855e-14
  vertex 40 -20 10
  vertex 30 -20 10
 endloop
endfacet
facet normal -0 -1 -0
 outer loop
  vertex 170 -70 1.2789769e-13
  vertex 180 -70 1.2789769e-13
  vertex 180 -70 10
 endloop
endfacet
facet normal 0 -1 -0
 outer loop
  vertex 170 -70 1.2789769e-13
  vertex 180 -70 10
  vertex 170 -70 10
 endloop
endfacet
facet normal -0 -1 -0
 outer loop
  vertex 200 -70 1.2789769e-13
  vertex 210 -70 1.2789769e-13
  vertex 210 -70 10
 endloop
endfacet
facet normal 0 -1 -0
 outer loop
  vertex 200 -70 1.2789769e-13
  vertex 210 -70 10
  vertex 200 -70 10
 endloop
endfacet
facet normal -1 0 0
 outer loop
  vertex 130 -180 1.4210855e-14
  vertex 130 -190 7.549788e-07
  vertex 130 -190 10.000001
 endloop
endfacet
facet normal -1 -0 -0
 outer loop
  vertex 130 -180 1.4210855e-14
  vertex 130 -190 10.000001
  vertex 130 -180 10
 endloop
endfacet
facet normal -0 -1 -0
 outer loop
  vertex 160 -230 9.237056e-13
  vertex 170 -230 9.237056e-13
  vertex 170 -230 10
 endloop
endfacet
facet normal 0 -1 -0
 outer loop
  vertex 160 -230 9.237056e-13
  vertex 170 -230 10
  vertex 160 -230 10
 endloop
endfacet
facet normal -0 -1 -0
 outer loop
  vertex 60 -120 4.689582e-13
  vertex 70 -120 4.689582e-13
  vertex 70 -120 10
 endloop
endfacet
facet normal 0 -1 -0
 outer loop
  vertex 60 -120 4.689582e-13
  vertex 70 -120 10
  vertex 60 -120 10
 endloop
endfacet
facet normal -0 -1 -0
 outer loop
  vertex 150 -10 4.689582e-13
  vertex 160 -10 4.689582e-13
  vertex 160 -10 10
 endloop
endfacet
facet normal 0 -1 -0
 outer loop
  vertex 150 -10 4.689582e-13
  vertex 160 -10 10
  vertex 150 -10 10
 endloop
endfacet
facet normal -0 -1 -0
 outer loop
  vertex 230 -80 2.9842795e-13
  vertex 240 -80 2.9842795e-13
  vertex 240 -80 10
 endloop
endfacet
facet normal 0 -1 -0
 outer loop
  vertex 230 -80 2.9842795e-13
  vertex 240 -80 10
  vertex 230 -80 10
 endloop
endfacet
facet normal -1 0 0
 outer loop
  vertex 250 -110 3.5527137e-13
  vertex 250 -120 7.549793e-07
  vertex 250 -120 10
 endloop
endfacet
facet normal -1 -0 -0
 outer loop
  vertex 250 -110 3.5527137e-13
  vertex 250 -120 10
  vertex 250 -110 10
 endloop
endfacet
facet normal -0 -1 -0
 outer loop
  vertex 140 -110 3.5527137e-13
  vertex 150 -110 3.5527137e-13
  vertex 150 -110 10
 endloop
endfacet
facet normal 0 -1 -0
 outer loop
  vertex 140 -110 3.5527137e-13
  vertex 150 -110 10
  vertex 140 -110 10
 endloop
endfacet
facet normal -1 0 0
 outer loop
  vertex 200 -60 4.689582e-13
  vertex 200 -70 7.549794e-07
  vertex 200 -70 10
 endloop
endfacet
facet normal -1 -0 -0
 outer loop
  vertex 200 -60 4.689582e-13
  vertex 200 -70 10
  vertex 200 -60 10
 endloop
endfacet
facet normal -1 0 0
 outer loop
  vertex 120 -170 4.689582e-13
  vertex 120 -180 7.5497974e-07
  vertex 120 -180 10.000001
 endloop
endfacet
facet normal -1 -0 -0
 outer loop
  vertex 120 -170 4.689582e-13
  vertex 120 -180 10.000001
  vertex 120 -170 10
 endloop
endfacet
facet normal -0 -1 -0
 outer loop
  vertex 190 -180 1.4210855e-14
  vertex 200 -180 1.4210855e-14
  vertex 200 -180 10
 endloop
endfacet
facet normal 0 -1 -0
 outer loop
  vertex 190 -180 1.4210855e-14
  vertex 200 -180 10
  vertex 190 -180 10
 endloop
endfacet
facet normal -1 0 0
 outer loop
  vertex 180 -210 1.4210855e-14
  vertex 180 -220 7.5497974e-07
  vertex 180 -220 10.000001
 endloop
endfacet
facet normal -1 -0 -0
 outer loop
  vertex 180 -210 1.4210855e-14
  vertex 180 -220 10.000001
  vertex 180 -210 10
 endloop
endfacet
facet normal -0 -1 -0
 outer loop
  vertex 10 -250 -8.9528385e-13
  vertex 20 -250 -8.9528385e-13
  vertex 20 -250 10
 endloop
endfacet
facet normal 0 -1 -0
 outer loop
  vertex 10 -250 -8.9528385e-13
  vertex 20 -250 10
  vertex 10 -250 10
 endloop
endfacet
facet normal -1 0 0
 outer loop
  vertex 140 -220 9.237056e-13
  vertex 140 -230 7.5497974e-07
  vertex 140 -230 10.000001
 endloop
endfacet
facet normal -1 -0 -0
 outer loop
  vertex 140 -220 9.237056e-13
  vertex 140 -230 10.000001
  vertex 140 -220 10
 endloop
endfacet
facet normal -0 -1 -0
 outer loop
  vertex 210 -130 -2.1316282e-13
  vertex 220 -130 -2.1316282e-13
  vertex 220 -130 10
 endloop
endfacet
facet normal 0 -1 -0
 outer loop
  vertex 210 -130 -2.1316282e-13
  vertex 220 -130 10
  vertex 210 -130 10
 endloop
endfacet
facet normal -1 0 0
 outer loop
  vertex 130 0 1.4210855e-14
  vertex 130 -10 7.549793e-07
  vertex 130 -10 10.000001
 endloop
endfacet
facet normal -1 -0 -0
 outer loop
  vertex 130 0 1.4210855e-14
  vertex 130 -10 10.000001
  vertex 130 0 10
 endloop
endfacet
facet normal -1 0 0
 outer loop
  vertex 90 -10 4.689582e-13
  vertex 90 -20 7.549793e-07
  vertex 90 -20 10
 endloop
endfacet
facet normal -1 -0 -0
 outer loop
  vertex 90 -10 4.689582e-13
  vertex 90 -20 10
  vertex 90 -10 10
 endloop
endfacet
facet normal -1 0 0
 outer loop
  vertex 130 -30 4.689582e-13
  vertex 130 -40 7.549793e-07
  vertex 130 -40 10.000001
 endloop
endfacet
facet normal -1 -0 -0
 outer loop
  vertex 130 -30 4.689582e-13
  vertex 130 -40 10.000001
  vertex 130 -30 10
 endloop
endfacet
facet normal -0 -1 -0
 outer loop
  vertex 10 -100 1.8474111e-13
  vertex 20 -100 1.8474111e-13
  vertex 20 -100 10
 endloop
endfacet
facet normal 0 -1 -0
 outer loop
  vertex 10 -100 1.8474111e-13
  vertex 20 -100 10
  vertex 10 -100 10
 endloop
endfacet
facet normal -0 -1 -0
 outer loop
  vertex 90 -100 1.8474111e-13
  vertex 100 -100 1.8474111e-13
  vertex 100 -100 10
 endloop
endfacet
facet normal 0 -1 -0
 outer loop
  vertex 90 -100 1.8474111e-13
  vertex 100 -100 10
  vertex 90 -100 10
 endloop
endfacet
facet normal -1 0 0
 outer loop
  vertex 210 -110 3.5527137e-13
  vertex 210 -120 7.549793e-07
  vertex 210 -120 10
 endloop
endfacet
facet normal -1 -0 -0
 outer loop
  vertex 210 -110 3.5527137e-13
  vertex 210 -120 10
  vertex 210 -110 10
 endloop
endfacet
facet normal -0 -1 -0
 outer loop
  vertex 140 -10 4.689582e-13
  vertex 150 -10 4.689582e-13
  vertex 150 -10 10
 endloop
endfacet
facet normal 0 -1 -0
 outer loop
  vertex 140 -10 4.689582e-13
  vertex 150 -10 10
  vertex 140 -10 10
 endloop
endfacet
facet normal -1 0 0
 outer loop
  vertex 50 -230 9.237056e-13
  vertex 50 -240 7.5497974e-07
  vertex 50 -240 10.000001
 endloop
endfacet
facet normal -1 -0 -0
 outer loop
  vertex 50 -230 9.237056e-13
  vertex 50 -240 10.000001
  vertex 50 -230 10
 endloop
endfacet
facet normal -0 -1 -0
 outer loop
  vertex 150 -150 1.4210855e-14
  vertex 160 -150 1.4210855e-14
  vertex 160 -150 10
 endloop
endfacet
facet normal 0 -1 -0
 outer loop
  vertex 150 -150 1.4210855e-14
  vertex 160 -150 10
  vertex 150 -150 10
 endloop
endfacet
facet normal -1 0 0
 outer loop
  vertex 220 0 1.4210855e-14
  vertex 220 -10 7.549793e-07
  vertex 220 -10 10.000001
 endloop
endfacet
facet normal -1 -0 -0
 outer loop
  vertex 220 0 1.4210855e-14
  vertex 220 -10 10.000001
  vertex 220 0 10
 endloop
endfacet
facet normal -1 0 0
 outer loop
  vertex 50 -20 1.4210855e-14
  vertex 50 -30 7.549793e-07
  vertex 50 -30 10.000001
 endloop
endfacet
facet normal -1 -0 -0
 outer loop
  vertex 50 -20 1.4210855e-14
  vertex 50 -30 10.000001
  vertex 50 -20 10
 endloop
endfacet
facet normal -1 0 0
 outer loop
  vertex 20 -100 1.8474111e-13
  vertex 20 -110 7.5497917e-07
  vertex 20 -110 10.000001
 endloop
endfacet
facet normal -1 -0 -0
 outer loop
  vertex 20 -100 1.8474111e-13
  vertex 20 -110 10.000001
  vertex 20 -100 10
 endloop
endfacet
facet normal -1 0 0
 outer loop
  vertex 50 -210 1.4210855e-14
  vertex 50 -220 7.5497974e-07
  vertex 50 -220 10.000001
 endloop
endfacet
facet normal -1 -0 -0
 outer loop
  vertex 50 -210 1.4210855e-14
  vertex 50 -220 10.000001
  vertex 50 -210 10
 endloop
endfacet
facet normal -0 -1 -0
 outer loop
  vertex 190 -140 1.4210855e-14
  vertex 200 -140 1.4210855e-14
  vertex 200 -140 10
 endloop
endfacet
facet normal 0 -1 -0
 outer loop
  vertex 190 -140 1.4210855e-14
  vertex 200 -140 10
  vertex 190 -140 10
 endloop
endfacet
facet normal -0 -1 -0
 outer loop
  vertex 170 -190 1.4210855e-14
  vertex 180 -190 1.4210855e-14
  vertex 180 -190 10
 endloop
endfacet
facet normal 0 -1 -0
 outer loop
  vertex 170 -190 1.4210855e-14
  vertex 180 -190 10
  vertex 170 -190 10
 endloop
endfacet
facet normal -1 0 0
 outer loop
  vertex 100 -210 1.4210855e-14
  vertex 100 -220 7.5497974e-07
  vertex 100 -220 10.000001
 endloop
endfacet
facet normal -1 -0 -0
 outer loop
  vertex 100 -210 1.4210855e-14
  vertex 100 -220 10.000001
  vertex 100 -210 10
 endloop
endfacet
facet normal -0 -1 -0
 outer loop
  vertex 160 -240 9.237056e-13
  vertex 170 -240 9.237056e-13
  vertex 170 -240 10
 endloop
endfacet
facet normal 0 -1 -0
 outer loop
  vertex 160 -240 9.237056e-13
  vertex 170 -240 10
  vertex 160 -240 10
 endloop
endfacet
facet normal -0 -1 -0
 outer loop
  vertex 80 -100 1.8474111e-13
  vertex 90 -100 1.8474111e-13
  vertex 90 -100 10
 endloop
endfacet
facet normal 0 -1 -0
 outer loop
  vertex 80 -100 1.8474111e-13
  vertex 90 -100 10
  vertex 80 -100 10
 endloop
endfacet
facet normal -1 0 0
 outer loop
  vertex 170 -120 4.689582e-13
  vertex 170 -130 7.549795e-07
  vertex 170 -130 10.000001
 endloop
endfacet
facet normal -1 -0 -0
 outer loop
  vertex 170 -120 4.689582e-13
  vertex 170 -130 10.000001
  vertex 170 -120 10
 endloop
endfacet
facet normal -0 -1 -0
 outer loop
  vertex 230 -180 1.4210855e-14
  vertex 240 -180 1.4210855e-14
  vertex 240 -180 10
 endloop
endfacet
facet normal 0 -1 -0
 outer loop
  vertex 230 -180 1.4210855e-14
  vertex 240 -180 10
  vertex 230 -180 10
 endloop
endfacet
facet normal -0 -1 -0
 outer loop
  vertex 0 -240 9.237056e-13
  vertex 10 -240 9.237056e-13
  vertex 10 -240 10
 endloop
endfacet
facet normal 0 -1 -0
 outer loop
  vertex 0 -240 9.237056e-13
  vertex 10 -240 10
  vertex 0 -240 10
 endloop
endfacet
facet normal -1 0 0
 outer loop
  vertex 250 -160 4.689582e-13
  vertex 250 -170 7.549793e-07
  vertex 250 -170 10
 endloop
endfacet
facet normal -1 -0 -0
 outer loop
  vertex 250 -160 4.689582e-13
  vertex 250 -170 10
  vertex 250 -160 10
 endloop
endfacet
facet normal -0 -1 -0
 outer loop
  vertex 110 -170 4.689582e-13
  vertex 120 -170 4.689582e-13
  vertex 120 -170 10
 endloop
endfacet
facet normal 0 -1 -0
 outer loop
  vertex 110 -170 4.689582e-13
  vertex 120 -170 10
  vertex 110 -170 10
 endloop
endfacet
facet normal -1 0 0
 outer loop
  vertex 190 -220 9.237056e-13
  vertex 190 -230 7.5497974e-07
  vertex 190 -230 10.000001
 endloop
endfacet
facet normal -1 -0 -0
 outer loop
  vertex 190 -220 9.237056e-13
  vertex 190 -230 10.000001
  vertex 190 -220 10
 endloop
endfacet
facet normal -0 -1 -0
 outer loop
  vertex 170 -30 4.689582e-13
  vertex 180 -30 4.689582e-13
  vertex 180 -30 10
 endloop
endfacet
facet normal 0 -1 -0
 outer loop
  vertex 170 -30 4.689582e-13
  vertex 180 -30 10
  vertex 170 -30 10
 endloop
endfacet
facet normal -1 0 0
 outer loop
  vertex 160 -90 1.4210855e-14
  vertex 160 -100 7.54979e-07
  vertex 160 -100 10.000001
 endloop
endfacet
facet normal -1 -0 -0
 outer loop
  vertex 160 -90 1.4210855e-14
  vertex 160 -100 10.000001
  vertex 160 -90 10
 endloop
endfacet
facet normal -1 0 0
 outer loop
  vertex 70 -180 1.4210855e-14
  vertex 70 -190 7.549788e-07
  vertex 70 -190 10.000001
 endloop
endfacet
facet normal -1 -0 -0
 outer loop
  vertex 70 -180 1.4210855e-14
  vertex 70 -190 10.000001
  vertex 70 -180 10
 endloop
endfacet
facet normal -1 0 0
 outer loop
  vertex 220 -230 9.237056e-13
  vertex 220 -240 7.5497974e-07
  vertex 220 -240 10.000001
 endloop
endfacet
facet normal -1 -0 -0
 outer loop
  vertex 220 -230 9.237056e-13
  vertex 220 -240 10.000001
  vertex 220 -230 10
 endloop
endfacet
facet normal -1 0 0
 outer loop
  vertex 90 -120 4.689582e-13
  vertex 90 -130 7.549795e-07
  vertex 90 -130 10.000001
 endloop
endfacet
facet normal -1 -0 -0
 outer loop
  vertex 90 -120 4.689582e-13
  vertex 90 -130 10.000001
  vertex 90 -120 10
 endloop
endfacet
facet normal -1 0 0
 outer loop
  vertex 220 -240 9.237056e-13
  vertex 220 -250 7.5497974e-07
  vertex 220 -250 10.000001
 endloop
endfacet
facet normal -1 -0 -0
 outer loop
  vertex 220 -240 9.237056e-13
  vertex 220 -250 10.000001
  vertex 220 -240 10
 endloop
endfacet
facet normal -1 0 0
 outer loop
  vertex 20 -90 1.4210855e-14
  vertex 20 -100 7.54979e-07
  vertex 20 -100 10.000001
 endloop
endfacet
facet normal -1 -0 -0
 outer loop
  vertex 20 -90 1.4210855e-14
  vertex 20 -100 10.000001
  vertex 20 -90 10
 endloop
endfacet
facet normal -0 -1 -0
 outer loop
  vertex 210 -200 1.4210855e-14
  vertex 220 -200 1.4210855e-14
  vertex 220 -200 10
 endloop
endfacet
facet normal 0 -1 -0
 outer loop
  vertex 210 -200 1.4210855e-14
  vertex 220 -200 10
  vertex 210 -200 10
 endloop
endfacet
facet normal -0 -1 -0
 outer loop
  vertex 40 -50 2.4158453e-13
  vertex 50 -50 2.4158453e-13
  vertex 50 -50 10
 endloop
endfacet
facet normal 0 -1 -0
 outer loop
  vertex 40 -50 2.4158453e-13
  vertex 50 -50 10
  vertex 40 -50 10
 endloop
endfacet
facet normal -1 0 0
 outer loop
  vertex 60 -60 4.689582e-13
  vertex 60 -70 7.549794e-07
  vertex 60 -70 10
 endloop
endfacet
facet normal -1 -0 -0
 outer loop
  vertex 60 -60 4.689582e-13
  vertex 60 -70 10
  vertex 60 -60 10
 endloop
endfacet
facet normal -0 -1 -0
 outer loop
  vertex 140 -30 4.689582e-13
  vertex 150 -30 4.689582e-13
  vertex 150 -30 10
 endloop
endfacet
facet normal 0 -1 -0
 outer loop
  vertex 140 -30 4.689582e-13
  vertex 150 -30 10
  vertex 140 -30 10
 endloop
endfacet
facet normal -1 0 0
 outer loop
  vertex 130 -100 1.8474111e-13
  vertex 130 -110 7.5497917e-07
  vertex 130 -110 10.000001
 endloop
endfacet
facet normal -1 -0 -0
 outer loop
  vertex 130 -100 1.8474111e-13
  vertex 130 -110 10.000001
  vertex 130 -100 10
 endloop
endfacet
facet normal -1 0 0
 outer loop
  vertex 250 -240 9.237056e-13
  vertex 250 -250 7.5497974e-07
  vertex 250 -250 10.000001
 endloop
endfacet
facet normal -1 -0 -0
 outer loop
  vertex 250 -240 9.237056e-13
  vertex 250 -250 10.000001
  vertex 250 -240 10
 endloop
endfacet
facet normal -0 -1 -0
 outer loop
  vertex 100 -150 1.4210855e-14
  vertex 110 -150 1.4210855e-14
  vertex 110 -150 10
 endloop
endfacet
facet normal 0 -1 -0
 outer loop
  vertex 100 -150 1.4210855e-14
  vertex 110 -150 10
  vertex 100 -150 10
 endloop
endfacet
facet normal -0 -1 -0
 outer loop
  vertex 230 -90 1.4210855e-14
  vertex 240 -90 1.4210855e-14
  vertex 240 -90 10
 endloop
endfacet
facet normal 0 -1 -0
 outer loop
  vertex 230 -90 1.4210855e-14
  vertex 240 -90 10
  vertex 230 -90 10
 endloop
endfacet
facet normal -1 0 0
 outer loop
  vertex 160 -220 9.237056e-13
  vertex 160 -230 7.5497974e-07
  vertex 160 -230 10.000001
 endloop
endfacet
facet normal -1 -0 -0
 outer loop
  vertex 160 -220 9.237056e-13
  vertex 160 -230 10.000001
  vertex 160 -220 10
 endloop
endfacet
facet normal -1 0 0
 outer loop
  vertex 130 -130 -2.1316282e-13
  vertex 130 -140 7.549788e-07
  vertex 130 -140 10.000001
 endloop
endfacet
facet normal -1 -0 -0
 outer loop
  vertex 130 -130 -2.1316282e-13
  vertex 130 -140 10.000001
  vertex 130 -130 10
 endloop
endfacet
facet normal -0 -1 -0
 outer loop
  vertex 140 -150 1.4210855e-14
  vertex 150 -150 1.4210855e-14
  vertex 150 -150 10
 endloop
endfacet
facet normal 0 -1 -0
 outer loop
  vertex 140 -150 1.4210855e-14
  vertex 150 -150 10
  vertex 140 -150 10
 endloop
endfacet
facet normal -1 0 0
 outer loop
  vertex 150 -30 4.689582e-13
  vertex 150 -40 7.549793e-07
  vertex 150 -40 10.000001
 endloop
endfacet
facet normal -1 -0 -0
 outer loop
  vertex 150 -30 4.689582e-13
  vertex 150 -40 10.000001
  vertex 150 -30 10
 endloop
endfacet
facet normal -1 0 0
 outer loop
  vertex 40 -40 2.4158453e-13
  vertex 40 -50 7.549793e-07
  vertex 40 -50 10.000001
 endloop
endfacet
facet normal -1 -0 -0
 outer loop
  vertex 40 -40 2.4158453e-13
  vertex 40 -50 10.000001
  vertex 40 -40 10
 endloop
endfacet
facet normal -0 -1 -0
 outer loop
  vertex 190 -240 9.237056e-13
  vertex 200 -240 9.237056e-13
  vertex 200 -240 10
 endloop
endfacet
facet normal 0 -1 -0
 outer loop
  vertex 190 -240 9.237056e-13
  vertex 200 -240 10
  vertex 190 -240 10
 endloop
endfacet
facet normal -0 -1 -0
 outer loop
  vertex 80 -150 1.4210855e-14
  vertex 90 -150 1.4210855e-14
  vertex 90 -150 10
 endloop
endfacet
facet normal 0 -1 -0
 outer loop
  vertex 80 -150 1.4210855e-14
  vertex 90 -150 10
  vertex 80 -150 10
 endloop
endfacet
facet normal -0 -1 -0
 outer loop
  vertex 120 -30 4.689582e-13
  vertex 130 -30 4.689582e-13
  vertex 130 -30 10
 endloop
endfacet
facet normal 0 -1 -0
 outer loop
  vertex 120 -30 4.689582e-13
  vertex 130 -30 10
  vertex 120 -30 10
 endloop
endfacet
facet normal -0 -1 -0
 outer loop
  vertex 120 -130 -2.1316282e-13
  vertex 130 -130 -2.1316282e-13
  vertex 130 -130 10
 endloop
endfacet
facet normal 0 -1 -0
 outer loop
  vertex 120 -130 -2.1316282e-13
  vertex 130 -130 10
  vertex 120 -130 10
 endloop
endfacet
facet normal -0 -1 -0
 outer loop
  vertex 190 -240 9.237056e-13
  vertex 200 -240 9.237056e-13
  vertex 200 -240 10
 endloop
endfacet
facet normal 0 -1 -0
 outer loop
  vertex 190 -240 9.237056e-13
  vertex 200 -240 10
  vertex 190 -240 10
 endloop
endfacet
facet normal -0 -1 -0
 outer loop
  vertex 150 -110 3.5527137e-13
  vertex 160 -110 3.5527137e-13
  vertex 160 -110 10
 endloop
endfacet
facet normal 0 -1 -0
 outer loop
  vertex 150 -110 3.5527137e-13
  vertex 160 -110 10
  vertex 150 -110 10
 endloop
endfacet
facet normal -0 -1 -0
 outer loop
  vertex 220 -150 1.4210855e-14
  vertex 230 -150 1.4210855e-14
  vertex 230 -150 10
 endloop
endfacet
facet normal 0 -1 -0
 outer loop
  vertex 220 -150 1.4210855e-14
  vertex 230 -150 10
  vertex 220 -150 10
 endloop
endfacet
facet normal -0 -1 -0
 outer loop
  vertex 140 -160 4.689582e-13
  vertex 150 -160 4.689582e-13
  vertex 150 -160 10
 endloop
endfacet
facet normal 0 -1 -0
 outer loop
  vertex 140 -160 4.689582e-13
  vertex 150 -160 10
  vertex 140 -160 10
 endloop
endfacet
facet normal -0 -1 -0
 outer loop
  vertex 160 -180 1.4210855e-14
  vertex 170 -180 1.4210855e-14
  vertex 170 -180 10
 endloop
endfacet
facet normal 0 -1 -0
 outer loop
  vertex 160 -180 1.4210855e-14
  vertex 170 -180 10
  vertex 160 -180 10
 endloop
endfacet
facet normal -1 0 0
 outer loop
  vertex 110 -20 1.4210855e-14
  vertex 110 -30 7.549793e-07
  vertex 110 -30 10.000001
 endloop
endfacet
facet normal -1 -0 -0
 outer loop
  vertex 110 -20 1.4210855e-14
  vertex 110 -30 10.000001
  vertex 110 -20 10
 endloop
endfacet
facet normal -0 -1 -0
 outer loop
  vertex 230 -50 2.4158453e-13
  vertex 240 -50 2.4158453e-13
  vertex 240 -50 10
 endloop
endfacet
facet normal 0 -1 -0
 outer loop
  vertex 230 -50 2.4158453e-13
  vertex 240 -50 10
  vertex 230 -50 10
 endloop
endfacet
facet normal -0 -1 -0
 outer loop
  vertex 0 -150 1.4210855e-14
  vertex 10 -150 1.4210855e-14
  vertex 10 -150 10
 endloop
endfacet
facet normal 0 -1 -0
 outer loop
  vertex 0 -150 1.4210855e-14
  vertex 10 -150 10
  vertex 0 -150 10
 endloop
endfacet
facet normal -1 0 0
 outer loop
  vertex 190 -20 1.4210855e-14
  vertex 190 -30 7.549793e-07
  vertex 190 -30 10.000001
 endloop
endfacet
facet normal -1 -0 -0
 outer loop
  vertex 190 -20 1.4210855e-14
  vertex 190 -30 10.000001
  vertex 190 -20 10
 endloop
endfacet
facet normal -0 -1 -0
 outer loop
  vertex 220 -200 1.4210855e-14
  vertex 230 -200 1.4210855e-14
  vertex 230 -200 10
 endloop
endfacet
facet normal 0 -1 -0
 outer loop
  vertex 220 -200 1.4210855e-14
  vertex 230 -200 10
  vertex 220 -200 10
 endloop
endfacet
facet normal -1 0 0
 outer loop
  vertex 160 -190 1.4210855e-14
  vertex 160 -200 7.549788e-07
  vertex 160 -200 10.000001
 endloop
endfacet
facet normal -1 -0 -0
 outer loop
  vertex 160 -190 1.4210855e-14
  vertex 160 -200 10.000001
  vertex 160 -190 10
 endloop
endfacet
facet normal -1 0 0
 outer loop
  vertex 30 -60 4.689582e-13
  vertex 30 -70 7.549794e-07
  vertex 30 -70 10
 endloop
endfacet
facet normal -1 -0 -0
 outer loop
  vertex 30 -60 4.689582e-13
  vertex 30 -70 10
  vertex 30 -60 10
 endloop
endfacet
facet normal -1 0 0
 outer loop
  vertex 240 -120 4.689582e-13
  vertex 240 -130 7.549795e-07
  vertex 240 -130 10.000001
 endloop
endfacet
facet normal -1 -0 -0
 outer loop
  vertex 240 -120 4.689582e-13
  vertex 240 -130 10.000001
  vertex 240 -120 10
 endloop
endfacet
facet normal -1 0 0
 outer loop
  vertex 130 -150 1.4210855e-14
  vertex 130 -160 7.549793e-07
  vertex 130 -160 10.000001
 endloop
endfacet
facet normal -1 -0 -0
 outer loop
  vertex 130 -150 1.4210855e-14
  vertex 130 -160 10.000001
  vertex 130 -150 10
 endloop
endfacet
facet normal -0 -1 -0
 outer loop
  vertex 60 -10 4.689582e-13
  vertex 70 -10 4.689582e-13
  vertex 70 -10 10
 endloop
endfacet
facet normal 0 -1 -0
 outer loop
  vertex 60 -10 4.689582e-13
  vertex 70 -10 10
  vertex 60 -10 10
 endloop
endfacet
facet normal -0 -1 -0
 outer loop
  vertex 0 -180 1.4210855e-14
  vertex 10 -180 1.4210855e-14
  vertex 10 -180 10
 endloop
endfacet
facet normal 0 -1 -0
 outer loop
  vertex 0 -180 1.4210855e-14
  vertex 10 -180 10
  vertex 0 -180 10
 endloop
endfacet
facet normal -1 0 0
 outer loop
  vertex 80 -140 1.4210855e-14
  vertex 80 -150 7.549788e-07
  vertex 80 -150 10.000001
 endloop
endfacet
facet normal -1 -0 -0
 outer loop
  vertex 80 -140 1.4210855e-14
  vertex 80 -150 10.000001
  vertex 80 -140 10
 endloop
endfacet
facet normal -1 0 0
 outer loop
  vertex 170 -210 1.4210855e-14
  vertex 170 -220 7.5497974e-07
  vertex 170 -220 10.000001
 endloop
endfacet
facet normal -1 -0 -0
 outer loop
  vertex 170 -210 1.4210855e-14
  vertex 170 -220 10.000001
  vertex 170 -210 10
 endloop
endfacet
facet normal -1 0 0
 outer loop
  vertex 250 -30 4.689582e-13
  vertex 250 -40 7.549793e-07
  vertex 250 -40 10.000001
 endloop
endfacet
facet normal -1 -0 -0
 outer loop
  vertex 250 -30 4.689582e-13
  vertex 250 -40 10.000001
  vertex 250 -30 10
 endloop
endfacet
facet normal -1 0 0
 outer loop
  vertex 0 -20 1.4210855e-14
  vertex 0 -30 7.549793e-07
  vertex 0 -30 10.000001
 endloop
endfacet
facet normal -1 -0 -0
 outer loop
  vertex 0 -20 1.4210855e-14
  vertex 0 -30 10.000001
  vertex 0 -20 10
 endloop
endfacet
facet normal -0 -1 -0
 outer loop
  vertex 190 -50 2.4158453e-13
  vertex 200 -50 2.4158453e-13
  vertex 200 -50 10
 endloop
endfacet
facet normal 0 -1 -0
 outer loop
  vertex 190 -50 2.4158453e-13
  vertex 200 -50 10
  vertex 190 -50 10
 endloop
endfacet
facet normal -1 0 0
 outer loop
  vertex 240 -190 1.4210855e-14
  vertex 240 -200 7.549788e-07
  vertex 240 -200 10.000001
 endloop
endfacet
facet normal -1 -0 -0
 outer loop
  vertex 240 -190 1.4210855e-14
  vertex 240 -200 10.000001
  vertex 240 -190 10
 endloop
endfacet
facet normal -1 0 0
 outer loop
  vertex 130 -200 1.4210855e-14
  vertex 130 -210 7.549788e-07
  vertex 130 -210 10
 endloop
endfacet
facet normal -1 -0 -0
 outer loop
  vertex 130 -200 1.4210855e-14
  vertex 130 -210 10
  vertex 130 -200 10
 endloop
endfacet
facet normal -0 -1 -0
 outer loop
  vertex 200 -200 1.4210855e-14
  vertex 210 -200 1.4210855e-14
  vertex 210 -200 10
 endloop
endfacet
facet normal 0 -1 -0
 outer loop
  vertex 200 -200 1.4210855e-14
  vertex 210 -200 10
  vertex 200 -200 10
 endloop
endfacet
facet normal -0 -1 -0
 outer loop
  vertex 100 -170 4.689582e-13
  vertex 110 -170 4.689582e-13
  vertex 110 -170 10
 endloop
endfacet
facet normal 0 -1 -0
 outer loop
  vertex 100 -170 4.689582e-13
  vertex 110 -170 10
  vertex 100 -170 10
 endloop
endfacet
facet normal -1 0 0
 outer loop
  vertex 140 -20 1.4210855e-14
  vertex 140 -30 7.549793e-07
  vertex 140 -30 10.000001
 endloop
endfacet
facet normal -1 -0 -0
 outer loop
  vertex 140 -20 1.4210855e-14
  vertex 140 -30 10.000001
  vertex 140 -20 10
 endloop
endfacet
facet normal -0 -1 -0
 outer loop
  vertex 40 -170 4.689582e-13
  vertex 50 -170 4.689582e-13
  vertex 50 -170 10
 endloop
endfacet
facet normal 0 -1 -0
 outer loop
  vertex 40 -170 4.689582e-13
  vertex 50 -170 10
  vertex 40 -170 10
 endloop
endfacet
facet normal -1 0 0
 outer loop
  vertex 100 -80 2.9842795e-13
  vertex 100 -90 7.549793e-07
  vertex 100 -90 10.000001
 endloop
endfacet
facet normal -1 -0 -0
 outer loop
  vertex 100 -80 2.9842795e-13
  vertex 100 -90 10.000001
  vertex 100 -80 10
 endloop
endfacet
facet normal -0 -1 -0
 outer loop
  vertex 140 -240 9.237056e-13
  vertex 150 -240 9.237056e-13
  vertex 150 -240 10
 endloop
endfacet
facet normal 0 -1 -0
 outer loop
  vertex 140 -240 9.237056e-13
  vertex 150 -240 10
  vertex 140 -240 10
 endloop
endfacet
facet normal -0 -1 -0
 outer loop
  vertex 130 -50 2.4158453e-13
  vertex 140 -50 2.4158453e-13
  vertex 140 -50 10
 endloop
endfacet
facet normal 0 -1 -0
 outer loop
  vertex 130 -50 2.4158453e-13
  vertex 140 -50 10
  vertex 130 -50 10
 endloop
endfacet
facet normal -1 0 0
 outer loop
  vertex 190 -90 1.4210855e-14
  vertex 190 -100 7.54979e-07
  vertex 190 -100 10.000001
 endloop
endfacet
facet normal -1 -0 -0
 outer loop
  vertex 190 -90 1.4210855e-14
  vertex 190 -100 10.000001
  vertex 190 -90 10
 endloop
endfacet
facet normal -0 -1 -0
 outer loop
  vertex 30 -80 2.9842795e-13
  vertex 40 -80 2.9842795e-13
  vertex 40 -80 10
 endloop
endfacet
facet normal 0 -1 -0
 outer loop
  vertex 30 -80 2.9842795e-13
  vertex 40 -80 10
  vertex 30 -80 10
 endloop
endfacet
facet normal -0 -1 -0
 outer loop
  vertex 80 -10 4.689582e-13
  vertex 90 -10 4.689582e-13
  vertex 90 -10 10
 endloop
endfacet
facet normal 0 -1 -0
 outer loop
  vertex 80 -10 4.689582e-13
  vertex 90 -10 10
  vertex 80 -10 10
 endloop
endfacet
facet normal -0 -1 -0
 outer loop
  vertex 140 -50 2.4158453e-13
  vertex 150 -50 2.4158453e-13
  vertex 150 -50 10
 endloop
endfacet
facet normal 0 -1 -0
 outer loop
  vertex 140 -50 2.4158453e-13
  vertex 150 -50 10
  vertex 140 -50 10
 endloop
endfacet
facet normal -1 0 0
 outer loop
  vertex 10 -110 3.5527137e-13
  vertex 10 -120 7.549793e-07
  vertex 10 -120 10
 endloop
endfacet
facet normal -1 -0 -0
 outer loop
  vertex 10 -110 3.5527137e-13
  vertex 10 -120 10
  vertex 10 -110 10
 endloop
endfacet
facet normal -0 -1 -0
 outer loop
  vertex 60 -100 1.8474111e-13
  vertex 70 -100 1.8474111e-13
  vertex 70 -100 10
 endloop
endfacet
facet normal 0 -1 -0
 outer loop
  vertex 60 -100 1.8474111e-13
  vertex 70 -100 10
  vertex 60 -100 10
 endloop
endfacet
facet normal -1 0 0
 outer loop
  vertex 0 -140 1.4210855e-14
  vertex 0 -150 7.549788e-07
  vertex 0 -150 10.000001
 endloop
endfacet
facet normal -1 -0 -0
 outer loop
  vertex 0 -140 1.4210855e-14
  vertex 0 -150 10.000001
  vertex 0 -140 10
 endloop
endfacet
facet normal -1 0 0
 outer loop
  vertex 90 0 1.4210855e-14
  vertex 90 -10 7.549793e-07
  vertex 90 -10 10.000001
 endloop
endfacet
facet normal -1 -0 -0
 outer loop
  vertex 90 0 1.4210855e-14
  vertex 90 -10 10.000001
  vertex 90 0 10
 endloop
endfacet
facet normal -0 -1 -0
 outer loop
  vertex 130 -180 1.4210855e-14
  vertex 140 -180 1.4210855e-14
  vertex 140 -180 10
 endloop
endfacet
facet normal 0 -1 -0
 outer loop
  vertex 130 -180 1.4210855e-14
  vertex 140 -180 10
  vertex 130 -180 10
 endloop
endfacet
facet normal -0 -1 -0
 outer loop
  vertex 180 -20 1.4210855e-14
  vertex 190 -20 1.4210855e-14
  vertex 190 -20 10
 endloop
endfacet
facet normal 0 -1 -0
 outer loop
  vertex 180 -20 1.4210855e-14
  vertex 190 -20 10
  vertex 180 -20 10
 endloop
endfacet
facet normal -1 0 0
 outer loop
  vertex 40 -110 3.5527137e-13
  vertex 40 -120 7.549793e-07
  vertex 40 -120 10
 endloop
endfacet
facet normal -1 -0 -0
 outer loop
  vertex 40 -110 3.5527137e-13
  vertex 40 -120 10
  vertex 40 -110 10
 endloop
endfacet
facet normal -0 -1 -0
 outer loop
  vertex 160 -140 1.4210855e-14
  vertex 170 -140 1.4210855e-14
  vertex 170 -140 10
 endloop
endfacet
facet normal 0 -1 -0
 outer loop
  vertex 160 -140 1.4210855e-14
  vertex 170 -140 10
  vertex 160 -140 10
 endloop
endfacet
facet normal -0 -1 -0
 outer loop
  vertex 80 -190 1.4210855e-14
  vertex 90 -190 1.4210855e-14
  vertex 90 -190 10
 endloop
endfacet
facet normal 0 -1 -0
 outer loop
  vertex 80 -190 1.4210855e-14
  vertex 90 -190 10
  vertex 80 -190 10
 endloop
endfacet
facet normal -1 0 0
 outer loop
  vertex 150 -130 -2.1316282e-13
  vertex 150 -140 7.549788e-07
  vertex 150 -140 10.000001
 endloop
endfacet
facet normal -1 -0 -0
 outer loop
  vertex 150 -130 -2.1316282e-13
  vertex 150 -140 10.000001
  vertex 150 -130 10
 endloop
endfacet
facet normal -0 -1 -0
 outer loop
  vertex 70 -230 9.237056e-13
  vertex 80 -230 9.237056e-13
  vertex 80 -230 10
 endloop
endfacet
facet normal 0 -1 -0
 outer loop
  vertex 70 -230 9.237056e-13
  vertex 80 -230 10
  vertex 70 -230 10
 endloop
endfacet
facet normal -0 -1 -0
 outer loop
  vertex 120 -130 -2.1316282e-13
  vertex 130 -130 -2.1316282e-13
  vertex 130 -130 10
 endloop
endfacet
facet normal 0 -1 -0
 outer loop
  vertex 120 -130 -2.1316282e-13
  vertex 130 -130 10
  vertex 120 -130 10
 endloop
endfacet
facet normal -0 -1 -0
 outer loop
  vertex 0 0 1.4210855e-14
  vertex 10 0 1.4210855e-14
  vertex 10 0 10
 endloop
endfacet
facet normal 0 -1 -0
 outer loop
  vertex 0 0 1.4210855e-14
  vertex 10 0 10
  vertex 0 0 10
 endloop
endfacet
facet normal -0 -1 -0
 outer loop
  vertex 180 -60 4.689582e-13
  vertex 190 -60 4.689582e-13
  vertex 190 -60 10
 endloop
endfacet
facet normal 0 -1 -0
 outer loop
  vertex 180 -60 4.689582e-13
  vertex 190 -60 10
  vertex 180 -60 10
 endloop
endfacet
facet normal -0 -1 -0
 outer loop
  vertex 230 -140 1.4210855e-14
  vertex 240 -140 1.4210855e-14
  vertex 240 -140 10
 endloop
endfacet
facet normal 0 -1 -0
 outer loop
  vertex 230 -140 1.4210855e-14
  vertex 240 -140 10
  vertex 230 -140 10
 endloop
endfacet
facet normal -1 0 0
 outer loop
  vertex 180 -190 1.4210855e-14
  vertex 180 -200 7.549788e-07
  vertex 180 -200 10.000001
 endloop
endfacet
facet normal -1 -0 -0
 outer loop
  vertex 180 -190 1.4210855e-14
  vertex 180 -200 10.000001
  vertex 180 -190 10
 endloop
endfacet
facet normal -0 -1 -0
 outer loop
  vertex 70 -100 1.8474111e-13
  vertex 80 -100 1.8474111e-13
  vertex 80 -100 10
 endloop
endfacet
facet normal 0 -1 -0
 outer loop
  vertex 70 -100 1.8474111e-13
  vertex 80 -100 10
  vertex 70 -100 10
 endloop
endfacet
facet normal -1 0 0
 outer loop
  vertex 200 -120 4.689582e-13
  vertex 200 -130 7.549795e-07
  vertex 200 -130 10.000001
 endloop
endfacet
facet normal -1 -0 -0
 outer loop
  vertex 200 -120 4.689582e-13
  vertex 200 -130 10.000001
  vertex 200 -120 10
 endloop
endfacet
facet normal -1 0 0
 outer loop
  vertex 80 -190 1.4210855e-14
  vertex 80 -200 7.549788e-07
  vertex 80 -200 10.000001
 endloop
endfacet
facet normal -1 -0 -0
 outer loop
  vertex 80 -190 1.4210855e-14
  vertex 80 -200 10.000001
  vertex 80 -190 10
 endloop
endfacet
facet normal -1 0 0
 outer loop
  vertex 250 -150 1.4210855e-14
  vertex 250 -160 7.549793e-07
  vertex 250 -160 10.000001
 endloop
endfacet
facet normal -1 -0 -0
 outer loop
  vertex 250 -150 1.4210855e-14
  vertex 250 -160 10.000001
  vertex 250 -150 10
 endloop
endfacet
facet normal -1 0 0
 outer loop
  vertex 100 -40 2.4158453e-13
  vertex 100 -50 7.549793e-07
  vertex 100 -50 10.000001
 endloop
endfacet
facet normal -1 -0 -0
 outer loop
  vertex 100 -40 2.4158453e-13
  vertex 100 -50 10.000001
  vertex 100 -40 10
 endloop
endfacet
facet normal -0 -1 -0
 outer loop
  vertex 200 -120 4.689582e-13
  vertex 210 -120 4.689582e-13
  vertex 210 -120 10
 endloop
endfacet
facet normal 0 -1 -0
 outer loop
  vertex 200 -120 4.689582e-13
  vertex 210 -120 10
  vertex 200 -120 10
 endloop
endfacet
facet normal -0 -1 -0
 outer loop
  vertex 10 -210 1.4210855e-14
  vertex 20 -210 1.4210855e-14
  vertex 20 -210 10
 endloop
endfacet
facet normal 0 -1 -0
 outer loop
  vertex 10 -210 1.4210855e-14
  vertex 20 -210 10
  vertex 10 -210 10
 endloop
endfacet
facet normal -1 0 0
 outer loop
  vertex 210 -150 1.4210855e-14
  vertex 210 -160 7.549793e-07
  vertex 210 -160 10.000001
 endloop
endfacet
facet normal -1 -0 -0
 outer loop
  vertex 210 -150 1.4210855e-14
  vertex 210 -160 10.000001
  vertex 210 -150 10
 endloop
endfacet
facet normal -0 -1 -0
 outer loop
  vertex 230 -110 3.5527137e-13
  vertex 240 -110 3.5527137e-13
  vertex 240 -110 10
 endloop
endfacet
facet normal 0 -1 -0
 outer loop
  vertex 230 -110 3.5527137e-13
  vertex 240 -110 10
  vertex 230 -110 10
 endloop
endfacet
facet normal -0 -1 -0
 outer loop
  vertex 120 -60 4.689582e-13
  vertex 130 -60 4.689582e-13
  vertex 130 -60 10
 endloop
endfacet
facet normal 0 -1 -0
 outer loop
  vertex 120 -60 4.689582e-13
  vertex 130 -60 10
  vertex 120 -60 10
 endloop
endfacet
facet normal -0 -1 -0
 outer loop
  vertex 70 -180 1.4210855e-14
  vertex 80 -180 1.4210855e-14
  vertex 80 -180 10
 endloop
endfacet
facet normal 0 -1 -0
 outer loop
  vertex 70 -180 1.4210855e-14
  vertex 80 -180 10
  vertex 70 -180 10
 endloop
endfacet
facet normal -0 -1 -0
 outer loop
  vertex 100 -250 -8.9528385e-13
  vertex 110 -250 -8.9528385e-13
  vertex 110 -250 10
 endloop
endfacet
facet normal 0 -1 -0
 outer loop
  vertex 100 -250 -8.9528385e-13
  vertex 110 -250 10
  vertex 100 -250 10
 endloop
endfacet
facet normal -0 -1 -0
 outer loop
  vertex 40 -40 2.4158453e-13
  vertex 50 -40 2.4158453e-13
  vertex 50 -40 10
 endloop
endfacet
facet normal 0 -1 -0
 outer loop
  vertex 40 -40 2.4158453e-13
  vertex 50 -40 10
  vertex 40 -40 10
 endloop
endfacet
facet normal -1 0 0
 outer loop
  vertex 200 -40 2.4158453e-13
  vertex 200 -50 7.549793e-07
  vertex 200 -50 10.000001
 endloop
endfacet
facet normal -1 -0 -0
 outer loop
  vertex 200 -40 2.4158453e-13
  vertex 200 -50 10.000001
  vertex 200 -40 10
 endloop
endfacet
facet normal -1 0 0
 outer loop
  vertex 30 -170 4.689582e-13
  vertex 30 -180 7.5497974e-07
  vertex 30 -180 10.000001
 endloop
endfacet
facet normal -1 -0 -0
 outer loop
  vertex 30 -170 4.689582e-13
  vertex 30 -180 10.000001
  vertex 30 -170 10
 endloop
endfacet
facet normal -1 0 0
 outer loop
  vertex 10 -90 1.4210855e-14
  vertex 10 -100 7.54979e-07
  vertex 10 -100 10.000001
 endloop
endfacet
facet normal -1 -0 -0
 outer loop
  vertex 10 -90 1.4210855e-14
  vertex 10 -100 10.000001
  vertex 10 -90 10
 endloop
endfacet
facet normal -0 -1 -0
 outer loop
  vertex 30 -180 1.4210855e-14
  vertex 40 -180 1.4210855e-14
  vertex 40 -180 10
 endloop
endfacet
facet normal 0 -1 -0
 outer loop
  vertex 30 -180 1.4210855e-14
  vertex 40 -180 10
  vertex 30 -180 10
 endloop
endfacet
facet normal -1 0 0
 outer loop
  vertex 160 -10 4.689582e-13
  vertex 160 -20 7.549793e-07
  vertex 160 -20 10
 endloop
endfacet
facet normal -1 -0 -0
 outer loop
  vertex 160 -10 4.689582e-13
  vertex 160 -20 10
  vertex 160 -10 10
 endloop
endfacet
facet normal -0 -1 -0
 outer loop
  vertex 200 -240 9.237056e-13
  vertex 210 -240 9.237056e-13
  vertex 210 -240 10
 endloop
endfacet
facet normal 0 -1 -0
 outer loop
  vertex 200 -240 9.237056e-13
  vertex 210 -240 10
  vertex 200 -240 10
 endloop
endfacet
facet normal -1 0 0
 outer loop
  vertex 110 -70 1.2789769e-13
  vertex 110 -80 7.549791e-07
  vertex 110 -80 10.000001
 endloop
endfacet
facet normal -1 -0 -0
 outer loop
  vertex 110 -70 1.2789769e-13
  vertex 110 -80 10.000001
  vertex 110 -70 10
 endloop
endfacet
facet normal -1 0 0
 outer loop
  vertex 100 -240 9.237056e-13
  vertex 100 -250 7.5497974e-07
  vertex 100 -250 10.000001
 endloop
endfacet
facet normal -1 -0 -0
 outer loop
  vertex 100 -240 9.237056e-13
  vertex 100 -250 10.000001
  vertex 100 -240 10
 endloop
endfacet
facet normal -0 -1 -0
 outer loop
  vertex 220 -150 1.4210855e-14
  vertex 230 -150 1.4210855e-14
  vertex 230 -150 10
 endloop
endfacet
facet normal 0 -1 -0
 outer loop
  vertex 220 -150 1.4210855e-14
  vertex 230 -150 10
  vertex 220 -150 10
 endloop
endfacet
facet normal -1 0 0
 outer loop
  vertex 190 -160 4.689582e-13
  vertex 190 -170 7.549793e-07
  vertex 190 -170 10
 endloop
endfacet
facet normal -1 -0 -0
 outer loop
  vertex 190 -160 4.689582e-13
  vertex 190 -170 10
  vertex 190 -160 10
 endloop
endfacet
facet normal -1 0 0
 outer loop
  vertex 160 -190 1.4210855e-14
  vertex 160 -200 7.549788e-07
  vertex 160 -200 10.000001
 endloop
endfacet
facet normal -1 -0 -0
 outer loop
  vertex 160 -190 1.4210855e-14
  vertex 160 -200 10.000001
  vertex 160 -190 10
 endloop
endfacet
facet normal -1 0 0
 outer loop
  vertex 220 0 1.4210855e-14
  vertex 220 -10 7.549793e-07
  vertex 220 -10 10.000001
 endloop
endfacet
facet normal -1 -0 -0
 outer loop
  vertex 220 0 1.4210855e-14
  vertex 220 -10 10.000001
  vertex 220 0 10
 endloop
endfacet
facet normal -1 0 0
 outer loop
  vertex 110 -90 1.4210855e-14
  vertex 110 -100 7.54979e-07
  vertex 110 -100 10.000001
 endloop
endfacet
facet normal -1 -0 -0
 outer loop
  vertex 110 -90 1.4210855e-14
  vertex 110 -100 10.000001
  vertex 110 -90 10
 endloop
endfacet
facet normal -0 -1 -0
 outer loop
  vertex 180 -180 1.4210855e-14
  vertex 190 -180 1.4210855e-14
  vertex 190 -180 10
 endloop
endfacet
facet normal 0 -1 -0
 outer loop
  vertex 180 -180 1.4210855e-14
  vertex 190 -180 10
  vertex 180 -180 10
 endloop
endfacet
facet normal -1 0 0
 outer loop
  vertex 80 -40 2.4158453e-13
  vertex 80 -50 7.549793e-07
  vertex 80 -50 10.000001
 endloop
endfacet
facet normal -1 -0 -0
 outer loop
  vertex 80 -40 2.4158453e-13
  vertex 80 -50 10.000001
  vertex 80 -40 10
 endloop
endfacet
facet normal -0 -1 -0
 outer loop
  vertex 240 -210 1.4210855e-14
  vertex 250 -210 1.4210855e-14
  vertex 250 -210 10
 endloop
endfacet
facet normal 0 -1 -0
 outer loop
  vertex 240 -210 1.4210855e-14
  vertex 250 -210 10
  vertex 240 -210 10
 endloop
endfacet
facet normal -1 0 0
 outer loop
  vertex 190 -220 9.237056e-13
  vertex 190 -230 7.5497974e-07
  vertex 190 -230 10.000001
 endloop
endfacet
facet normal -1 -0 -0
 outer loop
  vertex 190 -220 9.237056e-13
  vertex 190 -230 10.000001
  vertex 190 -220 10
 endloop
endfacet
facet normal -0 -1 -0
 outer loop
  vertex 140 -200 1.4210855e-14
  vertex 150 -200 1.4210855e-14
  vertex 150 -200 10
 endloop
endfacet
facet normal 0 -1 -0
 outer loop
  vertex 140 -200 1.4210855e-14
  vertex 150 -200 10
  vertex 140 -200 10
 endloop
endfacet
facet normal -1 0 0
 outer loop
  vertex 220 -10 4.689582e-13
  vertex 220 -20 7.549793e-07
  vertex 220 -20 10
 endloop
endfacet
facet normal -1 -0 -0
 outer loop
  vertex 220 -10 4.689582e-13
  vertex 220 -20 10
  vertex 220 -10 10
 endloop
endfacet
facet normal -0 -1 -0
 outer loop
  vertex 120 -230 9.237056e-13
  vertex 130 -230 9.237056e-13
  vertex 130 -230 10
 endloop
endfacet
facet normal 0 -1 -0
 outer loop
  vertex 120 -230 9.237056e-13
  vertex 130 -230 10
  vertex 120 -230 10
 endloop
endfacet
facet normal -1 0 0
 outer loop
  vertex 120 -110 3.5527137e-13
  vertex 120 -120 7.549793e-07
  vertex 120 -120 10
 endloop
endfacet
facet normal -1 -0 -0
 outer loop
  vertex 120 -110 3.5527137e-13
  vertex 120 -120 10
  vertex 120 -110 10
 endloop
endfacet
facet normal -0 -1 -0
 outer loop
  vertex 220 -50 2.4158453e-13
  vertex 230 -50 2.4158453e-13
  vertex 230 -50 10
 endloop
endfacet
facet normal 0 -1 -0
 outer loop
  vertex 220 -50 2.4158453e-13
  vertex 230 -50 10
  vertex 220 -50 10
 endloop
endfacet
facet normal -1 0 0
 outer loop
  vertex 210 -100 1.8474111e-13
  vertex 210 -110 7.5497917e-07
  vertex 210 -110 10.000001
 endloop
endfacet
facet normal -1 -0 -0
 outer loop
  vertex 210 -100 1.8474111e-13
  vertex 210 -110 10.000001
  vertex 210 -100 10
 endloop
endfacet
facet normal -0 -1 -0
 outer loop
  vertex 140 -70 1.2789769e-13
  vertex 150 -70 1.2789769e-13
  vertex 150 -70 10
 endloop
endfacet
facet normal 0 -1 -0
 outer loop
  vertex 140 -70 1.2789769e-13
  vertex 150 -70 10
  vertex 140 -70 10
 endloop
endfacet
facet normal -1 0 0
 outer loop
  vertex 250 -10 4.689582e-13
  vertex 250 -20 7.549793e-07
  vertex 250 -20 10
 endloop
endfacet
facet normal -1 -0 -0
 outer loop
  vertex 250 -10 4.689582e-13
  vertex 250 -20 10
  vertex 250 -10 10
 endloop
endfacet
facet normal -1 0 0
 outer loop
  vertex 190 -30 4.689582e-13
  vertex 190 -40 7.549793e-07
  vertex 190 -40 10.000001
 endloop
endfacet
facet normal -1 -0 -0
 outer loop
  vertex 190 -30 4.689582e-13
  vertex 190 -40 10.000001
  vertex 190 -30 10
 endloop
endfacet
facet normal -1 0 0
 outer loop
  vertex 50 -190 1.4210855e-14
  vertex 50 -200 7.549788e-07
  vertex 50 -200 10.000001
 endloop
endfacet
facet normal -1 -0 -0
 outer loop
  vertex 50 -190 1.4210855e-14
  vertex 50 -200 10.000001
  vertex 50 -190 10
 endloop
endfacet
facet normal -1 0 0
 outer loop
  vertex 200 0 1.4210855e-14
  vertex 200 -10 7.549793e-07
  vertex 200 -10 10.000001
 endloop
endfacet
facet normal -1 -0 -0
 outer loop
  vertex 200 0 1.4210855e-14
  vertex 200 -10 10.000001
  vertex 200 0 10
 endloop
endfacet
facet normal -1 0 0
 outer loop
  vertex 20 -50 2.4158453e-13
  vertex 20 -60 7.549793e-07
  vertex 20 -60 10.000001
 endloop
endfacet
facet normal -1 -0 -0
 outer loop
  vertex 20 -50 2.4158453e-13
  vertex 20 -60 10.000001
  vertex 20 -50 10
 endloop
endfacet
facet normal -1 0 0
 outer loop
  vertex 130 -240 9.237056e-13
  vertex 130 -250 7.5497974e-07
  vertex 130 -250 10.000001
 endloop
endfacet
facet normal -1 -0 -0
 outer loop
  vertex 130 -240 9.237056e-13
  vertex 130 -250 10.000001
  vertex 130 -240 10
 endloop
endfacet
facet normal -0 -1 -0
 outer loop
  vertex 120 -90 1.4210855e-14
  vertex 130 -90 1.4210855e-14
  vertex 130 -90 10
 endloop
endfacet
facet normal 0 -1 -0
 outer loop
  vertex 120 -90 1.4210855e-14
  vertex 130 -90 10
  vertex 120 -90 10
 endloop
endfacet
facet normal -1 0 0
 outer loop
  vertex 40 -220 9.237056e-13
  vertex 40 -230 7.5497974e-07
  vertex 40 -230 10.000001
 endloop
endfacet
facet normal -1 -0 -0
 outer loop
  vertex 40 -220 9.237056e-13
  vertex 40 -230 10.000001
  vertex 40 -220 10
 endloop
endfacet
facet normal -0 -1 -0
 outer loop
  vertex 130 -150 1.4210855e-14
  vertex 140 -150 1.4210855e-14
  vertex 140 -150 10
 endloop
endfacet
facet normal 0 -1 -0
 outer loop
  vertex 130 -150 1.4210855e-14
  vertex 140 -150 10
  vertex 130 -150 10
 endloop
endfacet
facet normal -0 -1 -0
 outer loop
  vertex 60 -240 9.237056e-13
  vertex 70 -240 9.237056e-13
  vertex 70 -240 10
 endloop
endfacet
facet normal 0 -1 -0
 outer loop
  vertex 60 -240 9.237056e-13
  vertex 70 -240 10
  vertex 60 -240 10
 endloop
endfacet
facet normal -1 0 0
 outer loop
  vertex 90 -220 9.237056e-13
  vertex 90 -230 7.5497974e-07
  vertex 90 -230 10.000001
 endloop
endfacet
facet normal -1 -0 -0
 outer loop
  vertex 90 -220 9.237056e-13
  vertex 90 -230 10.000001
  vertex 90 -220 10
 endloop
endfacet
facet normal -1 0 0
 outer loop
  vertex 200 -60 4.689582e-13
  vertex 200 -70 7.549794e-07
  vertex 200 -70 10
 endloop
endfacet
facet normal -1 -0 -0
 outer loop
  vertex 200 -60 4.689582e-13
  vertex 200 -70 10
  vertex 200 -60 10
 endloop
endfacet
facet normal -1 0 0
 outer loop
  vertex 150 -150 1.4210855e-14
  vertex 150 -160 7.549793e-07
  vertex 150 -160 10.000001
 endloop
endfacet
facet normal -1 -0 -0
 outer loop
  vertex 150 -150 1.4210855e-14
  vertex 150 -160 10.000001
  vertex 150 -150 10
 endloop
endfacet
facet normal -1 0 0
 outer loop
  vertex 110 -110 3.5527137e-13
  vertex 110 -120 7.549793e-07
  vertex 110 -120 10
 endloop
endfacet
facet normal -1 -0 -0
 outer loop
  vertex 110 -110 3.5527137e-13
  vertex 110 -120 10
  vertex 110 -110 10
 endloop
endfacet
facet normal -1 0 0
 outer loop
  vertex 80 -130 -2.1316282e-13
  vertex 80 -140 7.549788e-07
  vertex 80 -140 10.000001
 endloop
endfacet
facet normal -1 -0 -0
 outer loop
  vertex 80 -130 -2.1316282e-13
  vertex 80 -140 10.000001
  vertex 80 -130 10
 endloop
endfacet
facet normal -0 -1 -0
 outer loop
  vertex 100 -200 1.4210855e-14
  vertex 110 -200 1.4210855e-14
  vertex 110 -200 10
 endloop
endfacet
facet normal 0 -1 -0
 outer loop
  vertex 100 -200 1.4210855e-14
  vertex 110 -200 10
  vertex 100 -200 10
 endloop
endfacet
facet normal -0 -1 -0
 outer loop
  vertex 100 0 1.4210855e-14
  vertex 110 0 1.4210855e-14
  vertex 110 0 10
 endloop
endfacet
facet normal 0 -1 -0
 outer loop
  vertex 100 0 1.4210855e-14
  vertex 110 0 10
  vertex 100 0 10
 endloop
endfacet
facet normal -0 -1 -0
 outer loop
  vertex 100 -80 2.9842795e-13
  vertex 110 -80 2.9842795e-13
  vertex 110 -80 10
 endloop
endfacet
facet normal 0 -1 -0
 outer loop
  vertex 100 -80 2.9842795e-13
  vertex 110 -80 10
  vertex 100 -80 10
 endloop
endfacet
facet normal -0 -1 -0
 outer loop
  vertex 140 -230 9.237056e-13
  vertex 150 -230 9.237056e-13
  vertex 150 -230 10
 endloop
endfacet
facet normal 0 -1 -0
 outer loop
  vertex 140 -230 9.237056e-13
  vertex 150 -230 10
  vertex 140 -230 10
 endloop
endfacet
facet normal -0 -1 -0
 outer loop
  vertex 10 -30 4.689582e-13
  vertex 20 -30 4.689582e-13
  vertex 20 -30 10
 endloop
endfacet
facet normal 0 -1 -0
 outer loop
  vertex 10 -30 4.689582e-13
  vertex 20 -30 10
  vertex 10 -30 10
 endloop
endfacet
facet normal -1 0 0
 outer loop
  vertex 210 -180 1.4210855e-14
  vertex 210 -190 7.549788e-07
  vertex 210 -190 10.000001
 endloop
endfacet
facet normal -1 -0 -0
 outer loop
  vertex 210 -180 1.4210855e-14
  vertex 210 -190 10.000001
  vertex 210 -180 10
 endloop
endfacet
facet normal -0 -1 -0
 outer loop
  vertex 160 -100 1.8474111e-13
  vertex 170 -100 1.8474111e-13
  vertex 170 -100 10
 endloop
endfacet
facet normal 0 -1 -0
 outer loop
  vertex 160 -100 1.8474111e-13
  vertex 170 -100 10
  vertex 160 -100 10
 endloop
endfacet
facet normal -1 0 0
 outer loop
  vertex 190 -100 1.8474111e-13
  vertex 190 -110 7.5497917e-07
  vertex 190 -110 10.000001
 endloop
endfacet
facet normal -1 -0 -0
 outer loop
  vertex 190 -100 1.8474111e-13
  vertex 190 -110 10.000001
  vertex 190 -100 10
 endloop
endfacet
facet normal -1 0 0
 outer loop
  vertex 220 -160 4.689582e-13
  vertex 220 -170 7.549793e-07
  vertex 220 -170 10
 endloop
endfacet
facet normal -1 -0 -0
 outer loop
  vertex 220 -160 4.689582e-13
  vertex 220 -170 10
  vertex 220 -160 10
 endloop
endfacet
facet normal -0 -1 -0
 outer loop
  vertex 170 -100 1.8474111e-13
  vertex 180 -100 1.8474111e-13
  vertex 180 -100 10
 endloop
endfacet
facet normal 0 -1 -0
 outer loop
  vertex 170 -100 1.8474111e-13
  vertex 180 -100 10
  vertex 170 -100 10
 endloop
endfacet
facet normal -0 -1 -0
 outer loop
  vertex 20 -210 1.4210855e-14
  vertex 30 -210 1.4210855e-14
  vertex 30 -210 10
 endloop
endfacet
facet normal 0 -1 -0
 outer loop
  vertex 20 -210 1.4210855e-14
  vertex 30 -210 10
  vertex 20 -210 10
 endloop
endfacet
facet normal -0 -1 -0
 outer loop
  vertex 50 -40 2.4158453e-13
  vertex 60 -40 2.4158453e-13
  vertex 60 -40 10
 endloop
endfacet
facet normal 0 -1 -0
 outer loop
  vertex 50 -40 2.4158453e-13
  vertex 60 -40 10
  vertex 50 -40 10
 endloop
endfacet
facet normal -0 -1 -0
 outer loop
  vertex 0 -190 1.4210855e-14
  vertex 10 -190 1.4210855e-14
  vertex 10 -190 10
 endloop
endfacet
facet normal 0 -1 -0
 outer loop
  vertex 0 -190 1.4210855e-14
  vertex 10 -190 10
  vertex 0 -190 10
 endloop
endfacet
facet normal -1 0 0
 outer loop
  vertex 150 -180 1.4210855e-14
  vertex 150 -190 7.549788e-07
  vertex 150 -190 10.000001
 endloop
endfacet
facet normal -1 -0 -0
 outer loop
  vertex 150 -180 1.4210855e-14
  vertex 150 -190 10.000001
  vertex 150 -180 10
 endloop
endfacet
facet normal -0 -1 -0
 outer loop
  vertex 160 -220 9.237056e-13
  vertex 170 -220 9.237056e-13
  vertex 170 -220 10
 endloop
endfacet
facet normal 0 -1 -0
 outer loop
  vertex 160 -220 9.237056e-13
  vertex 170 -220 10
  vertex 160 -220 10
 endloop
endfacet
facet normal -0 -1 -0
 outer loop
  vertex 60 -110 3.5527137e-13
  vertex 70 -110 3.5527137e-13
  vertex 70 -110 10
 endloop
endfacet
facet normal 0 -1 -0
 outer loop
  vertex 60 -110 3.5527137e-13
  vertex 70 -110 10
  vertex 60 -110 10
 endloop
endfacet
facet normal -1 0 0
 outer loop
  vertex 250 -100 1.8474111e-13
  vertex 250 -110 7.5497917e-07
  vertex 250 -110 10.000001
 endloop
endfacet
facet normal -1 -0 -0
 outer loop
  vertex 250 -100 1.8474111e-13
  vertex 250 -110 10.000001
  vertex 250 -100 10
 endloop
endfacet
facet normal -0 -1 -0
 outer loop
  vertex 140 -100 1.8474111e-13
  vertex 150 -100 1.8474111e-13
  vertex 150 -100 10
 endloop
endfacet
facet normal 0 -1 -0
 outer loop
  vertex 140 -100 1.8474111e-13
  vertex 150 -100 10
  vertex 140 -100 10
 endloop
endfacet
facet normal -1 0 0
 outer loop
  vertex 180 -150 1.4210855e-14
  vertex 180 -160 7.549793e-07
  vertex 180 -160 10.000001
 endloop
endfacet
facet normal -1 -0 -0
 outer loop
  vertex 180 -150 1.4210855e-14
  vertex 180 -160 10.000001
  vertex 180 -150 10
 endloop
endfacet
facet normal -0 -1 -0
 outer loop
  vertex 170 -250 -8.9528385e-13
  vertex 180 -250 -8.9528385e-13
  vertex 180 -250 10
 endloop
endfacet
facet normal 0 -1 -0
 outer loop
  vertex 170 -250 -8.9528385e-13
  vertex 180 -250 10
  vertex 170 -250 10
 endloop
endfacet
facet normal -0 -1 -0
 outer loop
  vertex 180 -210 1.4210855e-14
  vertex 190 -210 1.4210855e-14
  vertex 190 -210 10
 endloop
endfacet
facet normal 0 -1 -0
 outer loop
  vertex 180 -210 1.4210855e-14
  vertex 190 -210 10
  vertex 180 -210 10
 endloop
endfacet
facet normal -0 -1 -0
 outer loop
  vertex 120 -180 1.4210855e-14
  vertex 130 -180 1.4210855e-14
  vertex 130 -180 10
 endloop
endfacet
facet normal 0 -1 -0
 outer loop
  vertex 120 -180 1.4210855e-14
  vertex 130 -180 10
  vertex 120 -180 10
 endloop
endfacet
facet normal -0 -1 -0
 outer loop
  vertex 190 -170 4.689582e-13
  vertex 200 -170 4.689582e-13
  vertex 200 -170 10
 endloop
endfacet
facet normal 0 -1 -0
 outer loop
  vertex 190 -170 4.689582e-13
  vertex 200 -170 10
  vertex 190 -170 10
 endloop
endfacet
facet normal -1 0 0
 outer loop
  vertex 110 -100 1.8474111e-13
  vertex 110 -110 7.5497917e-07
  vertex 110 -110 10.000001
 endloop
endfacet
facet normal -1 -0 -0
 outer loop
  vertex 110 -100 1.8474111e-13
  vertex 110 -110 10.000001
  vertex 110 -100 10
 endloop
endfacet
facet normal -1 0 0
 outer loop
  vertex 40 -150 1.4210855e-14
  vertex 40 -160 7.549793e-07
  vertex 40 -160 10.000001
 endloop
endfacet
facet normal -1 -0 -0
 outer loop
  vertex 40 -150 1.4210855e-14
  vertex 40 -160 10.000001
  vertex 40 -150 10
 endloop
endfacet
facet normal -0 -1 -0
 outer loop
  vertex 140 -230 9.237056e-13
  vertex 150 -230 9.237056e-13
  vertex 150 -230 10
 endloop
endfacet
facet normal 0 -1 -0
 outer loop
  vertex 140 -230 9.237056e-13
  vertex 150 -230 10
  vertex 140 -230 10
 endloop
endfacet
facet normal -1 0 0
 outer loop
  vertex 220 -120 4.689582e-13
  vertex 220 -130 7.549795e-07
  vertex 220 -130 10.000001
 endloop
endfacet
facet normal -1 -0 -0
 outer loop
  vertex 220 -120 4.689582e-13
  vertex 220 -130 10.000001
  vertex 220 -120 10
 endloop
endfacet
facet normal -1 0 0
 outer loop
  vertex 240 -240 9.237056e-13
  vertex 240 -250 7.5497974e-07
  vertex 240 -250 10.000001
 endloop
endfacet
facet normal -1 -0 -0
 outer loop
  vertex 240 -240 9.237056e-13
  vertex 240 -250 10.000001
  vertex 240 -240 10
 endloop
endfacet
facet normal -1 0 0
 outer loop
  vertex 30 -20 1.4210855e-14
  vertex 30 -30 7.549793e-07
  vertex 30 -30 10.000001
 endloop
endfacet
facet normal -1 -0 -0
 outer loop
  vertex 30 -20 1.4210855e-14
  vertex 30 -30 10.000001
  vertex 30 -20 10
 endloop
endfacet
facet normal -1 0 0
 outer loop
  vertex 90 -160 4.689582e-13
  vertex 90 -170 7.549793e-07
  vertex 90 -170 10
 endloop
endfacet
facet normal -1 -0 -0
 outer loop
  vertex 90 -160 4.689582e-13
  vertex 90 -170 10
  vertex 90 -160 10
 endloop
endfacet
facet normal -0 -1 -0
 outer loop
  vertex 120 0 1.4210855e-14
  vertex 130 0 1.4210855e-14
  vertex 130 0 10
 endloop
endfacet
facet normal 0 -1 -0
 outer loop
  vertex 120 0 1.4210855e-14
  vertex 130 0 10
  vertex 120 0 10
 endloop
endfacet
facet normal -1 0 0
 outer loop
  vertex 80 -60 4.689582e-13
  vertex 80 -70 7.549794e-07
  vertex 80 -70 10
 endloop
endfacet
facet normal -1 -0 -0
 outer loop
  vertex 80 -60 4.689582e-13
  vertex 80 -70 10
  vertex 80 -60 10
 endloop
endfacet
facet normal -0 -1 -0
 outer loop
  vertex 150 -120 4.689582e-13
  vertex 160 -120 4.689582e-13
  vertex 160 -120 10
 endloop
endfacet
facet normal 0 -1 -0
 outer loop
  vertex 150 -120 4.689582e-13
  vertex 160 -120 10
  vertex 150 -120 10
 endloop
endfacet
facet normal -0 -1 -0
 outer loop
  vertex 90 -100 1.8474111e-13
  vertex 100 -100 1.8474111e-13
  vertex 100 -100 10
 endloop
endfacet
facet normal 0 -1 -0
 outer loop
  vertex 90 -100 1.8474111e-13
  vertex 100 -100 10
  vertex 90 -100 10
 endloop
endfacet
facet normal -1 0 0
 outer loop
  vertex 70 -180 1.4210855e-14
  vertex 70 -190 7.549788e-07
  vertex 70 -190 10.000001
 endloop
endfacet
facet normal -1 -0 -0
 outer loop
  vertex 70 -180 1.4210855e-14
  vertex 70 -190 10.000001
  vertex 70 -180 10
 endloop
endfacet
facet normal -1 0 0
 outer loop
  vertex 140 0 1.4210855e-14
  vertex 140 -10 7.549793e-07
  vertex 140 -10 10.000001
 endloop
endfacet
facet normal -1 -0 -0
 outer loop
  vertex 140 0 1.4210855e-14
  vertex 140 -10 10.000001
  vertex 140 0 10
 endloop
endfacet
facet normal -1 0 0
 outer loop
  vertex 140 -190 1.4210855e-14
  vertex 140 -200 7.549788e-07
  vertex 140 -200 10.000001
 endloop
endfacet
facet normal -1 -0 -0
 outer loop
  vertex 140 -190 1.4210855e-14
  vertex 140 -200 10.000001
  vertex 140 -190 10
 endloop
endfacet
facet normal -1 0 0
 outer loop
  vertex 40 -220 9.237056e-13
  vertex 40 -230 7.5497974e-07
  vertex 40 -230 10.000001
 endloop
endfacet
facet normal -1 -0 -0
 outer loop
  vertex 40 -220 9.237056e-13
  vertex 40 -230 10.000001
  vertex 40 -220 10
 endloop
endfacet
facet normal -1 0 0
 outer loop
  vertex 230 -120 4.689582e-13
  vertex 230 -130 7.549795e-07
  vertex 230 -130 10.000001
 endloop
endfacet
facet normal -1 -0 -0
 outer loop
  vertex 230 -120 4.689582e-13
  vertex 230 -130 10.000001
  vertex 230 -120 10
 endloop
endfacet
facet normal -0 -1 -0
 outer loop
  vertex 70 -190 1.4210855e-14
  vertex 80 -190 1.4210855e-14
  vertex 80 -190 10
 endloop
endfacet
facet normal 0 -1 -0
 outer loop
  vertex 70 -190 1.4210855e-14
  vertex 80 -190 10
  vertex 70 -190 10
 endloop
endfacet
facet normal -1 0 0
 outer loop
  vertex 50 -10 4.689582e-13
  vertex 50 -20 7.549793e-07
  vertex 50 -20 10
 endloop
endfacet
facet normal -1 -0 -0
 outer loop
  vertex 50 -10 4.689582e-13
  vertex 50 -20 10
  vertex 50 -10 10
 endloop
endfacet
facet normal -0 -1 -0
 outer loop
  vertex 20 -110 3.5527137e-13
  vertex 30 -110 3.5527137e-13
  vertex 30 -110 10
 endloop
endfacet
facet normal 0 -1 -0
 outer loop
  vertex 20 -110 3.5527137e-13
  vertex 30 -110 10
  vertex 20 -110 10
 endloop
endfacet
facet normal -0 -1 -0
 outer loop
  vertex 30 -40 2.4158453e-13
  vertex 40 -40 2.4158453e-13
  vertex 40 -40 10
 endloop
endfacet
facet normal 0 -1 -0
 outer loop
  vertex 30 -40 2.4158453e-13
  vertex 40 -40 10
  vertex 30 -40 10
 endloop
endfacet
facet normal -0 -1 -0
 outer loop
  vertex 50 -220 9.237056e-13
  vertex 60 -220 9.237056e-13
  vertex 60 -220 10
 endloop
endfacet
facet normal 0 -1 -0
 outer loop
  vertex 50 -220 9.237056e-13
  vertex 60 -220 10
  vertex 50 -220 10
 endloop
endfacet
facet normal -0 -1 -0
 outer loop
  vertex 190 -140 1.4210855e-14
  vertex 200 -140 1.4210855e-14
  vertex 200 -140 10
 endloop
endfacet
facet normal 0 -1 -0
 outer loop
  vertex 190 -140 1.4210855e-14
  vertex 200 -140 10
  vertex 190 -140 10
 endloop
endfacet
facet normal -1 0 0
 outer loop
  vertex 90 -200 1.4210855e-14
  vertex 90 -210 7.549788e-07
  vertex 90 -210 10
 endloop
endfacet
facet normal -1 -0 -0
 outer loop
  vertex 90 -200 1.4210855e-14
  vertex 90 -210 10
  vertex 90 -200 10
 endloop
endfacet
facet normal -0 -1 -0
 outer loop
  vertex 140 -170 4.689582e-13
  vertex 150 -170 4.689582e-13
  vertex 150 -170 10
 endloop
endfacet
facet normal 0 -1 -0
 outer loop
  vertex 140 -170 4.689582e-13
  vertex 150 -170 10
  vertex 140 -170 10
 endloop
endfacet
facet normal -0 -1 -0
 outer loop
  vertex 160 -230 9.237056e-13
  vertex 170 -230 9.237056e-13
  vertex 170 -230 10
 endloop
endfacet
facet normal 0 -1 -0
 outer loop
  vertex 160 -230 9.237056e-13
  vertex 170 -230 10
  vertex 160 -230 10
 endloop
endfacet
facet normal -0 -1 -0
 outer loop
  vertex 230 -250 -8.9528385e-13
  vertex 240 -250 -8.9528385e-13
  vertex 240 -250 10
 endloop
endfacet
facet normal 0 -1 -0
 outer loop
  vertex 230 -250 -8.9528385e-13
  vertex 240 -250 10
  vertex 230 -250 10
 endloop
endfacet
facet normal -1 0 0
 outer loop
  vertex 30 -160 4.689582e-13
  vertex 30 -170 7.549793e-07
  vertex 30 -170 10
 endloop
endfacet
facet normal -1 -0 -0
 outer loop
  vertex 30 -160 4.689582e-13
  vertex 30 -170 10
  vertex 30 -160 10
 endloop
endfacet
facet normal -1 0 0
 outer loop
  vertex 0 -230 9.237056e-13
  vertex 0 -240 7.5497974e-07
  vertex 0 -240 10.000001
 endloop
endfacet
facet normal -1 -0 -0
 outer loop
  vertex 0 -230 9.237056e-13
  vertex 0 -240 10.000001
  vertex 0 -230 10
 endloop
endfacet
facet normal -0 -1 -0
 outer loop
  vertex 110 -170 4.689582e-13
  vertex 120 -170 4.689582e-13
  vertex 120 -170 10
 endloop
endfacet
facet normal 0 -1 -0
 outer loop
  vertex 110 -170 4.689582e-13
  vertex 120 -170 10
  vertex 110 -170 10
 endloop
endfacet
facet normal -0 -1 -0
 outer loop
  vertex 180 -220 9.237056e-13
  vertex 190 -220 9.237056e-13
  vertex 190 -220 10
 endloop
endfacet
facet normal 0 -1 -0
 outer loop
  vertex 180 -220 9.237056e-13
  vertex 190 -220 10
  vertex 180 -220 10
 endloop
endfacet
facet normal -1 0 0
 outer loop
  vertex 210 -40 2.4158453e-13
  vertex 210 -50 7.549793e-07
  vertex 210 -50 10.000001
 endloop
endfacet
facet normal -1 -0 -0
 outer loop
  vertex 210 -40 2.4158453e-13
  vertex 210 -50 10.000001
  vertex 210 -40 10
 endloop
endfacet
facet normal -0 -1 -0
 outer loop
  vertex 150 -80 2.9842795e-13
  vertex 160 -80 2.9842795e-13
  vertex 160 -80 10
 endloop
endfacet
facet normal 0 -1 -0
 outer loop
  vertex 150 -80 2.9842795e-13
  vertex 160 -80 10
  vertex 150 -80 10
 endloop
endfacet
facet normal -1 0 0
 outer loop
  vertex 120 -220 9.237056e-13
  vertex 120 -230 7.5497974e-07
  vertex 120 -230 10.000001
 endloop
endfacet
facet normal -1 -0 -0
 outer loop
  vertex 120 -220 9.237056e-13
  vertex 120 -230 10.000001
  vertex 120 -220 10
 endloop
endfacet
facet normal -0 -1 -0
 outer loop
  vertex 220 -250 -8.9528385e-13
  vertex 230 -250 -8.9528385e-13
  vertex 230 -250 10
 endloop
endfacet
facet normal 0 -1 -0
 outer loop
  vertex 220 -250 -8.9528385e-13
  vertex 230 -250 10
  vertex 220 -250 10
 endloop
endfacet
facet normal -0 -1 -0
 outer loop
  vertex 40 -90 1.4210855e-14
  vertex 50 -90 1.4210855e-14
  vertex 50 -90 10
 endloop
endfacet
facet normal 0 -1 -0
 outer loop
  vertex 40 -90 1.4210855e-14
  vertex 50 -90 10
  vertex 40 -90 10
 endloop
endfacet
facet normal -0 -1 -0
 outer loop
  vertex 90 -130 -2.1316282e-13
  vertex 100 -130 -2.1316282e-13
  vertex 100 -130 10
 endloop
endfacet
facet normal 0 -1 -0
 outer loop
  vertex 90 -130 -2.1316282e-13
  vertex 100 -130 10
  vertex 90 -130 10
 endloop
endfacet
facet normal -0 -1 -0
 outer loop
  vertex 60 -30 4.689582e-13
  vertex 70 -30 4.689582e-13
  vertex 70 -30 10
 endloop
endfacet
facet normal 0 -1 -0
 outer loop
  vertex 60 -30 4.689582e-13
  vertex 70 -30 10
  vertex 60 -30 10
 endloop
endfacet
facet normal -1 0 0
 outer loop
  vertex 50 -220 9.237056e-13
  vertex 50 -230 7.5497974e-07
  vertex 50 -230 10.000001
 endloop
endfacet
facet normal -1 -0 -0
 outer loop
  vertex 50 -220 9.237056e-13
  vertex 50 -230 10.000001
  vertex 50 -220 10
 endloop
endfacet
facet normal -1 0 0
 outer loop
  vertex 220 -190 1.4210855e-14
  vertex 220 -200 7.549788e-07
  vertex 220 -200 10.000001
 endloop
endfacet
facet normal -1 -0 -0
 outer loop
  vertex 220 -190 1.4210855e-14
  vertex 220 -200 10.000001
  vertex 220 -190 10
 endloop
endfacet
facet normal -1 0 0
 outer loop
  vertex 210 -50 2.4158453e-13
  vertex 210 -60 7.549793e-07
  vertex 210 -60 10.000001
 endloop
endfacet
facet normal -1 -0 -0
 outer loop
  vertex 210 -50 2.4158453e-13
  vertex 210 -60 10.000001
  vertex 210 -50 10
 endloop
endfacet
facet normal -0 -1 -0
 outer loop
  vertex 140 -20 1.4210855e-14
  vertex 150 -20 1.4210855e-14
  vertex 150 -20 10
 endloop
endfacet
facet normal 0 -1 -0
 outer loop
  vertex 140 -20 1.4210855e-14
  vertex 150 -20 10
  vertex 140 -20 10
 endloop
endfacet
facet normal -1 0 0
 outer loop
  vertex 0 -210 1.4210855e-14
  vertex 0 -220 7.5497974e-07
  vertex 0 -220 10.000001
 endloop
endfacet
facet normal -1 -0 -0
 outer loop
  vertex 0 -210 1.4210855e-14
  vertex 0 -220 10.000001
  vertex 0 -210 10
 endloop
endfacet
facet normal -1 0 0
 outer loop
  vertex 140 -100 1.8474111e-13
  vertex 140 -110 7.5497917e-07
  vertex 140 -110 10.000001
 endloop
endfacet
facet normal -1 -0 -0
 outer loop
  vertex 140 -100 1.8474111e-13
  vertex 140 -110 10.000001
  vertex 140 -100 10
 endloop
endfacet
facet normal -0 -1 -0
 outer loop
  vertex 40 -40 2.4158453e-13
  vertex 50 -40 2.4158453e-13
  vertex 50 -40 10
 endloop
endfacet
facet normal 0 -1 -0
 outer loop
  vertex 40 -40 2.4158453e-13
  vertex 50 -40 10
  vertex 40 -40 10
 endloop
endfacet
facet normal -0 -1 -0
 outer loop
  vertex 30 -140 1.4210855e-14
  vertex 40 -140 1.4210855e-14
  vertex 40 -140 10
 endloop
endfacet
facet normal 0 -1 -0
 outer loop
  vertex 30 -140 1.4210855e-14
  vertex 40 -140 10
  vertex 30 -140 10
 endloop
endfacet
facet normal -1 0 0
 outer loop
  vertex 150 -210 1.4210855e-14
  vertex 150 -220 7.5497974e-07
  vertex 150 -220 10.000001
 endloop
endfacet
facet normal -1 -0 -0
 outer loop
  vertex 150 -210 1.4210855e-14
  vertex 150 -220 10.000001
  vertex 150 -210 10
 endloop
endfacet
facet normal -1 0 0
 outer loop
  vertex 210 -30 4.689582e-13
  vertex 210 -40 7.549793e-07
  vertex 210 -40 10.000001
 endloop
endfacet
facet normal -1 -0 -0
 outer loop
  vertex 210 -30 4.689582e-13
  vertex 210 -40 10.000001
  vertex 210 -30 10
 endloop
endfacet
facet normal -1 0 0
 outer loop
  vertex 60 -170 4.689582e-13
  vertex 60 -180 7.5497974e-07
  vertex 60 -180 10.000001
 endloop
endfacet
facet normal -1 -0 -0
 outer loop
  vertex 60 -170 4.689582e-13
  vertex 60 -180 10.000001
  vertex 60 -170 10
 endloop
endfacet
facet normal -0 -1 -0
 outer loop
  vertex 140 -140 1.4210855e-14
  vertex 150 -140 1.4210855e-14
  vertex 150 -140 10
 endloop
endfacet
facet normal 0 -1 -0
 outer loop
  vertex 140 -140 1.4210855e-14
  vertex 150 -140 10
  vertex 140 -140 10
 endloop
endfacet
facet normal -1 0 0
 outer loop
  vertex 130 -220 9.237056e-13
  vertex 130 -230 7.5497974e-07
  vertex 130 -230 10.000001
 endloop
endfacet
facet normal -1 -0 -0
 outer loop
  vertex 130 -220 9.237056e-13
  vertex 130 -230 10.000001
  vertex 130 -220 10
 endloop
endfacet
facet normal -1 0 0
 outer loop
  vertex 190 -200 1.4210855e-14
  vertex 190 -210 7.549788e-07
  vertex 190 -210 10
 endloop
endfacet
facet normal -1 -0 -0
 outer loop
  vertex 190 -200 1.4210855e-14
  vertex 190 -210 10
  vertex 190 -200 10
 endloop
endfacet
facet normal -0 -1 -0
 outer loop
  vertex 150 -40 2.4158453e-13
  vertex 160 -40 2.4158453e-13
  vertex 160 -40 10
 endloop
endfacet
facet normal 0 -1 -0
 outer loop
  vertex 150 -40 2.4158453e-13
  vertex 160 -40 10
  vertex 150 -40 10
 endloop
endfacet
facet normal -0 -1 -0
 outer loop
  vertex 20 -20 1.4210855e-14
  vertex 30 -20 1.4210855e-14
  vertex 30 -20 10
 endloop
endfacet
facet normal 0 -1 -0
 outer loop
  vertex 20 -20 1.4210855e-14
  vertex 30 -20 10
  vertex 20 -20 10
 endloop
endfacet
facet normal -0 -1 -0
 outer loop
  vertex 60 -200 1.4210855e-14
  vertex 70 -200 1.4210855e-14
  vertex 70 -200 10
 endloop
endfacet
facet normal 0 -1 -0
 outer loop
  vertex 60 -200 1.4210855e-14
  vertex 70 -200 10
  vertex 60 -200 10
 endloop
endfacet
facet normal -1 0 0
 outer loop
  vertex 200 -230 9.237056e-13
  vertex 200 -240 7.5497974e-07
  vertex 200 -240 10.000001
 endloop
endfacet
facet normal -1 -0 -0
 outer loop
  vertex 200 -230 9.237056e-13
  vertex 200 -240 10.000001
  vertex 200 -230 10
 endloop
endfacet
facet normal -1 0 0
 outer loop
  vertex 200 -210 1.4210855e-14
  vertex 200 -220 7.5497974e-07
  vertex 200 -220 10.000001
 endloop
endfacet
facet normal -1 -0 -0
 outer loop
  vertex 200 -210 1.4210855e-14
  vertex 200 -220 10.000001
  vertex 200 -210 10
 endloop
endfacet
facet normal -1 0 0
 outer loop
  vertex 220 -140 1.4210855e-14
  vertex 220 -150 7.549788e-07
  vertex 220 -150 10.000001
 endloop
endfacet
facet normal -1 -0 -0
 outer loop
  vertex 220 -140 1.4210855e-14
  vertex 220 -150 10.000001
  vertex 220 -140 10
 endloop
endfacet
facet normal -1 0 0
 outer loop
  vertex 170 -170 4.689582e-13
  vertex 170 -180 7.5497974e-07
  vertex 170 -180 10.000001
 endloop
endfacet
facet normal -1 -0 -0
 outer loop
  vertex 170 -170 4.689582e-13
  vertex 170 -180 10.000001
  vertex 170 -170 10
 endloop
endfacet
facet normal -0 -1 -0
 outer loop
  vertex 110 -20 1.4210855e-14
  vertex 120 -20 1.4210855e-14
  vertex 120 -20 10
 endloop
endfacet
facet normal 0 -1 -0
 outer loop
  vertex 110 -20 1.4210855e-14
  vertex 120 -20 10
  vertex 110 -20 10
 endloop
endfacet
facet normal -0 -1 -0
 outer loop
  vertex 230 -120 4.689582e-13
  vertex 240 -120 4.689582e-13
  vertex 240 -120 10
 endloop
endfacet
facet normal 0 -1 -0
 outer loop
  vertex 230 -120 4.689582e-13
  vertex 240 -120 10
  vertex 230 -120 10
 endloop
endfacet
facet normal -0 -1 -0
 outer loop
  vertex 70 -210 1.4210855e-14
  vertex 80 -210 1.4210855e-14
  vertex 80 -210 10
 endloop
endfacet
facet normal 0 -1 -0
 outer loop
  vertex 70 -210 1.4210855e-14
  vertex 80 -210 10
  vertex 70 -210 10
 endloop
endfacet
facet normal -0 -1 -0
 outer loop
  vertex 0 -150 1.4210855e-14
  vertex 10 -150 1.4210855e-14
  vertex 10 -150 10
 endloop
endfacet
facet normal 0 -1 -0
 outer loop
  vertex 0 -150 1.4210855e-14
  vertex 10 -150 10
  vertex 0 -150 10
 endloop
endfacet
facet normal -0 -1 -0
 outer loop
  vertex 100 -150 1.4210855e-14
  vertex 110 -150 1.4210855e-14
  vertex 110 -150 10
 endloop
endfacet
facet normal 0 -1 -0
 outer loop
  vertex 100 -150 1.4210855e-14
  vertex 110 -150 10
  vertex 100 -150 10
 endloop
endfacet
facet normal -0 -1 -0
 outer loop
  vertex 160 -110 3.5527137e-13
  vertex 170 -110 3.5527137e-13
  vertex 170 -110 10
 endloop
endfacet
facet normal 0 -1 -0
 outer loop
  vertex 160 -110 3.5527137e-13
  vertex 170 -110 10
  vertex 160 -110 10
 endloop
endfacet
facet normal -0 -1 -0
 outer loop
  vertex 190 0 1.4210855e-14
  vertex 200 0 1.4210855e-14
  vertex 200 0 10
 endloop
endfacet
facet normal 0 -1 -0
 outer loop
  vertex 190 0 1.4210855e-14
  vertex 200 0 10
  vertex 190 0 10
 endloop
endfacet
facet normal -1 0 0
 outer loop
  vertex 110 -60 4.689582e-13
  vertex 110 -70 7.549794e-07
  vertex 110 -70 10
 endloop
endfacet
facet normal -1 -0 -0
 outer loop
  vertex 110 -60 4.689582e-13
  vertex 110 -70 10
  vertex 110 -60 10
 endloop
endfacet
facet normal -0 -1 -0
 outer loop
  vertex 60 0 1.4210855e-14
  vertex 70 0 1.4210855e-14
  vertex 70 0 10
 endloop
endfacet
facet normal 0 -1 -0
 outer loop
  vertex 60 0 1.4210855e-14
  vertex 70 0 10
  vertex 60 0 10
 endloop
endfacet
facet normal -1 0 0
 outer loop
  vertex 200 -40 2.4158453e-13
  vertex 200 -50 7.549793e-07
  vertex 200 -50 10.000001
 endloop
endfacet
facet normal -1 -0 -0
 outer loop
  vertex 200 -40 2.4158453e-13
  vertex 200 -50 10.000001
  vertex 200 -40 10
 endloop
endfacet
facet normal -0 -1 -0
 outer loop
  vertex 0 -180 1.4210855e-14
  vertex 10 -180 1.4210855e-14
  vertex 10 -180 10
 endloop
endfacet
facet normal 0 -1 -0
 outer loop
  vertex 0 -180 1.4210855e-14
  vertex 10 -180 10
  vertex 0 -180 10
 endloop
endfacet
facet normal -1 0 0
 outer loop
  vertex 70 -130 -2.1316282e-13
  vertex 70 -140 7.549788e-07
  vertex 70 -140 10.000001
 endloop
endfacet
facet normal -1 -0 -0
 outer loop
  vertex 70 -130 -2.1316282e-13
  vertex 70 -140 10.000001
  vertex 70 -130 10
 endloop
endfacet
facet normal -1 0 0
 outer loop
  vertex 140 -20 1.4210855e-14
  vertex 140 -30 7.549793e-07
  vertex 140 -30 10.000001
 endloop
endfacet
facet normal -1 -0 -0
 outer loop
  vertex 140 -20 1.4210855e-14
  vertex 140 -30 10.000001
  vertex 140 -20 10
 endloop
endfacet
facet normal -0 -1 -0
 outer loop
  vertex 170 -20 1.4210855e-14
  vertex 180 -20 1.4210855e-14
  vertex 180 -20 10
 endloop
endfacet
facet normal 0 -1 -0
 outer loop
  vertex 170 -20 1.4210855e-14
  vertex 180 -20 10
  vertex 170 -20 10
 endloop
endfacet
facet normal -0 -1 -0
 outer loop
  vertex 110 -190 1.4210855e-14
  vertex 120 -190 1.4210855e-14
  vertex 120 -190 10
 endloop
endfacet
facet normal 0 -1 -0
 outer loop
  vertex 110 -190 1.4210855e-14
  vertex 120 -190 10
  vertex 110 -190 10
 endloop
endfacet
facet normal -1 0 0
 outer loop
  vertex 210 -140 1.4210855e-14
  vertex 210 -150 7.549788e-07
  vertex 210 -150 10.000001
 endloop
endfacet
facet normal -1 -0 -0
 outer loop
  vertex 210 -140 1.4210855e-14
  vertex 210 -150 10.000001
  vertex 210 -140 10
 endloop
endfacet
facet normal -1 0 0
 outer loop
  vertex 10 -110 3.5527137e-13
  vertex 10 -120 7.549793e-07
  vertex 10 -120 10
 endloop
endfacet
facet normal -1 -0 -0
 outer loop
  vertex 10 -110 3.5527137e-13
  vertex 10 -120 10
  vertex 10 -110 10
 endloop
endfacet
facet normal -1 0 0
 outer loop
  vertex 250 -190 1.4210855e-14
  vertex 250 -200 7.549788e-07
  vertex 250 -200 10.000001
 endloop
endfacet
facet normal -1 -0 -0
 outer loop
  vertex 250 -190 1.4210855e-14
  vertex 250 -200 10.000001
  vertex 250 -190 10
 endloop
endfacet
facet normal -0 -1 -0
 outer loop
  vertex 20 -200 1.4210855e-14
  vertex 30 -200 1.4210855e-14
  vertex 30 -200 10
 endloop
endfacet
facet normal 0 -1 -0
 outer loop
  vertex 20 -200 1.4210855e-14
  vertex 30 -200 10
  vertex 20 -200 10
 endloop
endfacet
facet normal -0 -1 -0
 outer loop
  vertex 130 -210 1.4210855e-14
  vertex 140 -210 1.4210855e-14
  vertex 140 -210 10
 endloop
endfacet
facet normal 0 -1 -0
 outer loop
  vertex 130 -210 1.4210855e-14
  vertex 140 -210 10
  vertex 130 -210 10
 endloop
endfacet
facet normal -0 -1 -0
 outer loop
  vertex 50 -130 -2.1316282e-13
  vertex 60 -130 -2.1316282e-13
  vertex 60 -130 10
 endloop
endfacet
facet normal 0 -1 -0
 outer loop
  vertex 50 -130 -2.1316282e-13
  vertex 60 -130 10
  vertex 50 -130 10
 endloop
endfacet
facet normal -1 0 0
 outer loop
  vertex 130 0 1.4210855e-14
  vertex 130 -10 7.549793e-07
  vertex 130 -10 10.000001
 endloop
endfacet
facet normal -1 -0 -0
 outer loop
  vertex 130 0 1.4210855e-14
  vertex 130 -10 10.000001
  vertex 130 0 10
 endloop
endfacet
facet normal -0 -1 -0
 outer loop
  vertex 40 -170 4.689582e-13
  vertex 50 -170 4.689582e-13
  vertex 50 -170 10
 endloop
endfacet
facet normal 0 -1 -0
 outer loop
  vertex 40 -170 4.689582e-13
  vertex 50 -170 10
  vertex 40 -170 10
 endloop
endfacet
facet normal -1 0 0
 outer loop
  vertex 90 -150 1.4210855e-14
  vertex 90 -160 7.549793e-07
  vertex 90 -160 10.000001
 endloop
endfacet
facet normal -1 -0 -0
 outer loop
  vertex 90 -150 1.4210855e-14
  vertex 90 -160 10.000001
  vertex 90 -150 10
 endloop
endfacet
facet normal -0 -1 -0
 outer loop
  vertex 70 -60 4.689582e-13
  vertex 80 -60 4.689582e-13
  vertex 80 -60 10
 endloop
endfacet
facet normal 0 -1 -0
 outer loop
  vertex 70 -60 4.689582e-13
  vertex 80 -60 10
  vertex 70 -60 10
 endloop
endfacet
facet normal -0 -1 -0
 outer loop
  vertex 130 -40 2.4158453e-13
  vertex 140 -40 2.4158453e-13
  vertex 140 -40 10
 endloop
endfacet
facet normal 0 -1 -0
 outer loop
  vertex 130 -40 2.4158453e-13
  vertex 140 -40 10
  vertex 130 -40 10
 endloop
endfacet
facet normal -0 -1 -0
 outer loop
  vertex 190 -100 1.8474111e-13
  vertex 200 -100 1.8474111e-13
  vertex 200 -100 10
 endloop
endfacet
facet normal 0 -1 -0
 outer loop
  vertex 190 -100 1.8474111e-13
  vertex 200 -100 10
  vertex 190 -100 10
 endloop
endfacet
facet normal -0 -1 -0
 outer loop
  vertex 50 -40 2.4158453e-13
  vertex 60 -40 2.4158453e-13
  vertex 60 -40 10
 endloop
endfacet
facet normal 0 -1 -0
 outer loop
  vertex 50 -40 2.4158453e-13
  vertex 60 -40 10
  vertex 50 -40 10
 endloop
endfacet
facet normal -1 0 0
 outer loop
  vertex 30 -70 1.2789769e-13
  vertex 30 -80 7.549791e-07
  vertex 30 -80 10.000001
 endloop
endfacet
facet normal -1 -0 -0
 outer loop
  vertex 30 -70 1.2789769e-13
  vertex 30 -80 10.000001
  vertex 30 -70 10
 endloop
endfacet
facet normal -1 0 0
 outer loop
  vertex 120 -80 2.9842795e-13
  vertex 120 -90 7.549793e-07
  vertex 120 -90 10.000001
 endloop
endfacet
facet normal -1 -0 -0
 outer loop
  vertex 120 -80 2.9842795e-13
  vertex 120 -90 10.000001
  vertex 120 -80 10
 endloop
endfacet
facet normal -1 0 0
 outer loop
  vertex 150 -40 2.4158453e-13
  vertex 150 -50 7.549793e-07
  vertex 150 -50 10.000001
 endloop
endfacet
facet normal -1 -0 -0
 outer loop
  vertex 150 -40 2.4158453e-13
  vertex 150 -50 10.000001
  vertex 150 -40 10
 endloop
endfacet
facet normal -1 0 0
 outer loop
  vertex 0 -110 3.5527137e-13
  vertex 0 -120 7.549793e-07
  vertex 0 -120 10
 endloop
endfacet
facet normal -1 -0 -0
 outer loop
  vertex 0 -110 3.5527137e-13
  vertex 0 -120 10
  vertex 0 -110 10
 endloop
endfacet
facet normal -0 -1 -0
 outer loop
  vertex 170 -60 4.689582e-13
  vertex 180 -60 4.689582e-13
  vertex 180 -60 10
 endloop
endfacet
facet normal 0 -1 -0
 outer loop
  vertex 170 -60 4.689582e-13
  vertex 180 -60 10
  vertex 170 -60 10
 endloop
endfacet
facet normal -1 0 0
 outer loop
  vertex 30 -10 4.689582e-13
  vertex 30 -20 7.549793e-07
  vertex 30 -20 10
 endloop
endfacet
facet normal -1 -0 -0
 outer loop
  vertex 30 -10 4.689582e-13
  vertex 30 -20 10
  vertex 30 -10 10
 endloop
endfacet
facet normal -0 -1 -0
 outer loop
  vertex 80 -150 1.4210855e-14
  vertex 90 -150 1.4210855e-14
  vertex 90 -150 10
 endloop
endfacet
facet normal 0 -1 -0
 outer loop
  vertex 80 -150 1.4210855e-14
  vertex 90 -150 10
  vertex 80 -150 10
 endloop
endfacet
facet normal -1 0 0
 outer loop
  vertex 110 -170 4.689582e-13
  vertex 110 -180 7.5497974e-07
  vertex 110 -180 10.000001
 endloop
endfacet
facet normal -1 -0 -0
 outer loop
  vertex 110 -170 4.689582e-13
  vertex 110 -180 10.000001
  vertex 110 -170 10
 endloop
endfacet
facet normal -0 -1 -0
 outer loop
  vertex 90 0 1.4210855e-14
  vertex 100 0 1.4210855e-14
  vertex 100 0 10
 endloop
endfacet
facet normal 0 -1 -0
 outer loop
  vertex 90 0 1.4210855e-14
  vertex 100 0 10
  vertex 90 0 10
 endloop
endfacet
facet normal -1 0 0
 outer loop
  vertex 230 -20 1.4210855e-14
  vertex 230 -30 7.549793e-07
  vertex 230 -30 10.000001
 endloop
endfacet
facet normal -1 -0 -0
 outer loop
  vertex 230 -20 1.4210855e-14
  vertex 230 -30 10.000001
  vertex 230 -20 10
 endloop
endfacet
facet normal -0 -1 -0
 outer loop
  vertex 10 -150 1.4210855e-14
  vertex 20 -150 1.4210855e-14
  vertex 20 -150 10
 endloop
endfacet
facet normal 0 -1 -0
 outer loop
  vertex 10 -150 1.4210855e-14
  vertex 20 -150 10
  vertex 10 -150 10
 endloop
endfacet
facet normal -1 0 0
 outer loop
  vertex 0 -30 4.689582e-13
  vertex 0 -40 7.549793e-07
  vertex 0 -40 10.000001
 endloop
endfacet
facet normal -1 -0 -0
 outer loop
  vertex 0 -30 4.689582e-13
  vertex 0 -40 10.000001
  vertex 0 -30 10
 endloop
endfacet
facet normal -1 0 0
 outer loop
  vertex 130 -160 4.689582e-13
  vertex 130 -170 7.549793e-07
  vertex 130 -170 10
 endloop
endfacet
facet normal -1 -0 -0
 outer loop
  vertex 130 -160 4.689582e-13
  vertex 130 -170 10
  vertex 130 -160 10
 endloop
endfacet
facet normal -0 -1 -0
 outer loop
  vertex 60 -180 1.4210855e-14
  vertex 70 -180 1.4210855e-14
  vertex 70 -180 10
 endloop
endfacet
facet normal 0 -1 -0
 outer loop
  vertex 60 -180 1.4210855e-14
  vertex 70 -180 10
  vertex 60 -180 10
 endloop
endfacet
facet normal -1 0 0
 outer loop
  vertex 190 -20 1.4210855e-14
  vertex 190 -30 7.549793e-07
  vertex 190 -30 10.000001
 endloop
endfacet
facet normal -1 -0 -0
 outer loop
  vertex 190 -20 1.4210855e-14
  vertex 190 -30 10.000001
  vertex 190 -20 10
 endloop
endfacet
facet normal -0 -1 -0
 outer loop
  vertex 220 -110 3.5527137e-13
  vertex 230 -110 3.5527137e-13
  vertex 230 -110 10
 endloop
endfacet
facet normal 0 -1 -0
 outer loop
  vertex 220 -110 3.5527137e-13
  vertex 230 -110 10
  vertex 220 -110 10
 endloop
endfacet
facet normal -1 0 0
 outer loop
  vertex 50 -110 3.5527137e-13
  vertex 50 -120 7.549793e-07
  vertex 50 -120 10
 endloop
endfacet
facet normal -1 -0 -0
 outer loop
  vertex 50 -110 3.5527137e-13
  vertex 50 -120 10
  vertex 50 -110 10
 endloop
endfacet
facet normal -0 -1 -0
 outer loop
  vertex 30 -30 4.689582e-13
  vertex 40 -30 4.689582e-13
  vertex 40 -30 10
 endloop
endfacet
facet normal 0 -1 -0
 outer loop
  vertex 30 -30 4.689582e-13
  vertex 40 -30 10
  vertex 30 -30 10
 endloop
endfacet
facet normal -0 -1 -0
 outer loop
  vertex 120 -60 4.689582e-13
  vertex 130 -60 4.689582e-13
  vertex 130 -60 10
 endloop
endfacet
facet normal 0 -1 -0
 outer loop
  vertex 120 -60 4.689582e-13
  vertex 130 -60 10
  vertex 120 -60 10
 endloop
endfacet
facet normal -0 -1 -0
 outer loop
  vertex 160 -130 -2.1316282e-13
  vertex 170 -130 -2.1316282e-13
  vertex 170 -130 10
 endloop
endfacet
facet normal 0 -1 -0
 outer loop
  vertex 160 -130 -2.1316282e-13
  vertex 170 -130 10
  vertex 160 -130 10
 endloop
endfacet
facet normal -0 -1 -0
 outer loop
  vertex 150 -130 -2.1316282e-13
  vertex 160 -130 -2.1316282e-13
  vertex 160 -130 10
 endloop
endfacet
facet normal 0 -1 -0
 outer loop
  vertex 150 -130 -2.1316282e-13
  vertex 160 -130 10
  vertex 150 -130 10
 endloop
endfacet
facet normal -0 -1 -0
 outer loop
  vertex 120 -30 4.689582e-13
  vertex 130 -30 4.689582e-13
  vertex 130 -30 10
 endloop
endfacet
facet normal 0 -1 -0
 outer loop
  vertex 120 -30 4.689582e-13
  vertex 130 -30 10
  vertex 120 -30 10
 endloop
endfacet
facet normal -0 -1 -0
 outer loop
  vertex 70 -230 9.237056e-13
  vertex 80 -230 9.237056e-13
  vertex 80 -230 10
 endloop
endfacet
facet normal 0 -1 -0
 outer loop
  vertex 70 -230 9.237056e-13
  vertex 80 -230 10
  vertex 70 -230 10
 endloop
endfacet
facet normal -0 -1 -0
 outer loop
  vertex 120 -120 4.689582e-13
  vertex 130 -120 4.689582e-13
  vertex 130 -120 10
 endloop
endfacet
facet normal 0 -1 -0
 outer loop
  vertex 120 -120 4.689582e-13
  vertex 130 -120 10
  vertex 120 -120 10
 endloop
endfacet
facet normal -0 -1 -0
 outer loop
  vertex 30 -150 1.4210855e-14
  vertex 40 -150 1.4210855e-14
  vertex 40 -150 10
 endloop
endfacet
facet normal 0 -1 -0
 outer loop
  vertex 30 -150 1.4210855e-14
  vertex 40 -150 10
  vertex 30 -150 10
 endloop
endfacet
facet normal -1 0 0
 outer loop
  vertex 240 -220 9.237056e-13
  vertex 240 -230 7.5497974e-07
  vertex 240 -230 10.000001
 endloop
endfacet
facet normal -1 -0 -0
 outer loop
  vertex 240 -220 9.237056e-13
  vertex 240 -230 10.000001
  vertex 240 -220 10
 endloop
endfacet
facet normal -1 0 0
 outer loop
  vertex 20 -130 -2.1316282e-13
  vertex 20 -140 7.549788e-07
  vertex 20 -140 10.000001
 endloop
endfacet
facet normal -1 -0 -0
 outer loop
  vertex 20 -130 -2.1316282e-13
  vertex 20 -140 10.000001
  vertex 20 -130 10
 endloop
endfacet
facet normal -0 -1 -0
 outer loop
  vertex 110 -60 4.689582e-13
  vertex 120 -60 4.689582e-13
  vertex 120 -60 10
 endloop
endfacet
facet normal 0 -1 -0
 outer loop
  vertex 110 -60 4.689582e-13
  vertex 120 -60 10
  vertex 110 -60 10
 endloop
endfacet
facet normal -1 0 0
 outer loop
  vertex 240 -130 -2.1316282e-13
  vertex 240 -140 7.549788e-07
  vertex 240 -140 10.000001
 endloop
endfacet
facet normal -1 -0 -0
 outer loop
  vertex 240 -130 -2.1316282e-13
  vertex 240 -140 10.000001
  vertex 240 -130 10
 endloop
endfacet
facet normal -0 -1 -0
 outer loop
  vertex 140 -70 1.2789769e-13
  vertex 150 -70 1.2789769e-13
  vertex 150 -70 10
 endloop
endfacet
facet normal 0 -1 -0
 outer loop
  vertex 140 -70 1.2789769e-13
  vertex 150 -70 10
  vertex 140 -70 10
 endloop
endfacet
facet normal -0 -1 -0
 outer loop
  vertex 70 -100 1.8474111e-13
  vertex 80 -100 1.8474111e-13
  vertex 80 -100 10
 endloop
endfacet
facet normal 0 -1 -0
 outer loop
  vertex 70 -100 1.8474111e-13
  vertex 80 -100 10
  vertex 70 -100 10
 endloop
endfacet
facet normal -0 -1 -0
 outer loop
  vertex 210 -40 2.4158453e-13
  vertex 220 -40 2.4158453e-13
  vertex 220 -40 10
 endloop
endfacet
facet normal 0 -1 -0
 outer loop
  vertex 210 -40 2.4158453e-13
  vertex 220 -40 10
  vertex 210 -40 10
 endloop
endfacet
facet normal -0 -1 -0
 outer loop
  vertex 40 -80 2.9842795e-13
  vertex 50 -80 2.9842795e-13
  vertex 50 -80 10
 endloop
endfacet
facet normal 0 -1 -0
 outer loop
  vertex 40 -80 2.9842795e-13
  vertex 50 -80 10
  vertex 40 -80 10
 endloop
endfacet
facet normal -0 -1 -0
 outer loop
  vertex 0 -60 4.689582e-13
  vertex 10 -60 4.689582e-13
  vertex 10 -60 10
 endloop
endfacet
facet normal 0 -1 -0
 outer loop
  vertex 0 -60 4.689582e-13
  vertex 10 -60 10
  vertex 0 -60 10
 endloop
endfacet
facet normal -1 0 0
 outer loop
  vertex 80 -170 4.689582e-13
  vertex 80 -180 7.5497974e-07
  vertex 80 -180 10.000001
 endloop
endfacet
facet normal -1 -0 -0
 outer loop
  vertex 80 -170 4.689582e-13
  vertex 80 -180 10.000001
  vertex 80 -170 10
 endloop
endfacet
facet normal -0 -1 -0
 outer loop
  vertex 240 -150 1.4210855e-14
  vertex 250 -150 1.4210855e-14
  vertex 250 -150 10
 endloop
endfacet
facet normal 0 -1 -0
 outer loop
  vertex 240 -150 1.4210855e-14
  vertex 250 -150 10
  vertex 240 -150 10
 endloop
endfacet
facet normal -1 0 0
 outer loop
  vertex 90 -30 4.689582e-13
  vertex 90 -40 7.549793e-07
  vertex 90 -40 10.000001
 endloop
endfacet
facet normal -1 -0 -0
 outer loop
  vertex 90 -30 4.689582e-13
  vertex 90 -40 10.000001
  vertex 90 -30 10
 endloop
endfacet
facet normal -0 -1 -0
 outer loop
  vertex 10 -210 1.4210855e-14
  vertex 20 -210 1.4210855e-14
  vertex 20 -210 10
 endloop
endfacet
facet normal 0 -1 -0
 outer loop
  vertex 10 -210 1.4210855e-14
  vertex 20 -210 10
  vertex 10 -210 10
 endloop
endfacet
facet normal -1 0 0
 outer loop
  vertex 130 -220 9.237056e-13
  vertex 130 -230 7.5497974e-07
  vertex 130 -230 10.000001
 endloop
endfacet
facet normal -1 -0 -0
 outer loop
  vertex 130 -220 9.237056e-13
  vertex 130 -230 10.000001
  vertex 130 -220 10
 endloop
endfacet
facet normal -0 -1 -0
 outer loop
  vertex 100 -240 9.237056e-13
  vertex 110 -240 9.237056e-13
  vertex 110 -240 10
 endloop
endfacet
facet normal 0 -1 -0
 outer loop
  vertex 100 -240 9.237056e-13
  vertex 110 -240 10
  vertex 100 -240 10
 endloop
endfacet
facet normal -0 -1 -0
 outer loop
  vertex 30 -170 4.689582e-13
  vertex 40 -170 4.689582e-13
  vertex 40 -170 10
 endloop
endfacet
facet normal 0 -1 -0
 outer loop
  vertex 30 -170 4.689582e-13
  vertex 40 -170 10
  vertex 30 -170 10
 endloop
endfacet
facet normal -1 0 0
 outer loop
  vertex 80 -40 2.4158453e-13
  vertex 80 -50 7.549793e-07
  vertex 80 -50 10.000001
 endloop
endfacet
facet normal -1 -0 -0
 outer loop
  vertex 80 -40 2.4158453e-13
  vertex 80 -50 10.000001
  vertex 80 -40 10
 endloop
endfacet
facet normal -0 -1 -0
 outer loop
  vertex 230 -80 2.9842795e-13
  vertex 240 -80 2.9842795e-13
  vertex 240 -80 10
 endloop
endfacet
facet normal 0 -1 -0
 outer loop
  vertex 230 -80 2.9842795e-13
  vertex 240 -80 10
  vertex 230 -80 10
 endloop
endfacet
facet normal -1 0 0
 outer loop
  vertex 210 -230 9.237056e-13
  vertex 210 -240 7.5497974e-07
  vertex 210 -240 10.000001
 endloop
endfacet
facet normal -1 -0 -0
 outer loop
  vertex 210 -230 9.237056e-13
  vertex 210 -240 10.000001
  vertex 210 -230 10
 endloop
endfacet
facet normal -0 -1 -0
 outer loop
  vertex 100 -120 4.689582e-13
  vertex 110 -120 4.689582e-13
  vertex 110 -120 10
 endloop
endfacet
facet normal 0 -1 -0
 outer loop
  vertex 100 -120 4.689582e-13
  vertex 110 -120 10
  vertex 100 -120 10
 endloop
endfacet
facet normal -1 0 0
 outer loop
  vertex 100 -60 4.689582e-13
  vertex 100 -70 7.549794e-07
  vertex 100 -70 10
 endloop
endfacet
facet normal -1 -0 -0
 outer loop
  vertex 100 -60 4.689582e-13
  vertex 100 -70 10
  vertex 100 -60 10
 endloop
endfacet
facet normal -1 0 0
 outer loop
  vertex 230 -220 9.237056e-13
  vertex 230 -230 7.5497974e-07
  vertex 230 -230 10.000001
 endloop
endfacet
facet normal -1 -0 -0
 outer loop
  vertex 230 -220 9.237056e-13
  vertex 230 -230 10.000001
  vertex 230 -220 10
 endloop
endfacet
facet normal -1 0 0
 outer loop
  vertex 180 -150 1.4210855e-14
  vertex 180 -160 7.549793e-07
  vertex 180 -160 10.000001
 endloop
endfacet
facet normal -1 -0 -0
 outer loop
  vertex 180 -150 1.4210855e-14
  vertex 180 -160 10.000001
  vertex 180 -150 10
 endloop
endfacet
facet normal -1 0 0
 outer loop
  vertex 40 -120 4.689582e-13
  vertex 40 -130 7.549795e-07
  vertex 40 -130 10.000001
 endloop
endfacet
facet normal -1 -0 -0
 outer loop
  vertex 40 -120 4.689582e-13
  vertex 40 -130 10.000001
  vertex 40 -120 10
 endloop
endfacet
facet normal -0 -1 -0
 outer loop
  vertex 210 0 1.4210855e-14
  vertex 220 0 1.4210855e-14
  vertex 220 0 10
 endloop
endfacet
facet normal 0 -1 -0
 outer loop
  vertex 210 0 1.4210855e-14
  vertex 220 0 10
  vertex 210 0 10
 endloop
endfacet
facet normal -1 0 0
 outer loop
  vertex 90 -140 1.4210855e-14
  vertex 90 -150 7.549788e-07
  vertex 90 -150 10.000001
 endloop
endfacet
facet normal -1 -0 -0
 outer loop
  vertex 90 -140 1.4210855e-14
  vertex 90 -150 10.000001
  vertex 90 -140 10
 endloop
endfacet
facet normal -0 -1 -0
 outer loop
  vertex 200 -20 1.4210855e-14
  vertex 210 -20 1.4210855e-14
  vertex 210 -20 10
 endloop
endfacet
facet normal 0 -1 -0
 outer loop
  vertex 200 -20 1.4210855e-14
  vertex 210 -20 10
  vertex 200 -20 10
 endloop
endfacet
facet normal -1 0 0
 outer loop
  vertex 120 -90 1.4210855e-14
  vertex 120 -100 7.54979e-07
  vertex 120 -100 10.000001
 endloop
endfacet
facet normal -1 -0 -0
 outer loop
  vertex 120 -90 1.4210855e-14
  vertex 120 -100 10.000001
  vertex 120 -90 10
 endloop
endfacet
facet normal -0 -1 -0
 outer loop
  vertex 180 -180 1.4210855e-14
  vertex 190 -180 1.4210855e-14
  vertex 190 -180 10
 endloop
endfacet
facet normal 0 -1 -0
 outer loop
  vertex 180 -180 1.4210855e-14
  vertex 190 -180 10
  vertex 180 -180 10
 endloop
endfacet
facet normal -0 -1 -0
 outer loop
  vertex 190 -120 4.689582e-13
  vertex 200 -120 4.689582e-13
  vertex 200 -120 10
 endloop
endfacet
facet normal 0 -1 -0
 outer loop
  vertex 190 -120 4.689582e-13
  vertex 200 -120 10
  vertex 190 -120 10
 endloop
endfacet
facet normal -1 0 0
 outer loop
  vertex 90 -30 4.689582e-13
  vertex 90 -40 7.549793e-07
  vertex 90 -40 10.000001
 endloop
endfacet
facet normal -1 -0 -0
 outer loop
  vertex 90 -30 4.689582e-13
  vertex 90 -40 10.000001
  vertex 90 -30 10
 endloop
endfacet
facet normal -0 -1 -0
 outer loop
  vertex 180 -10 4.689582e-13
  vertex 190 -10 4.689582e-13
  vertex 190 -10 10
 endloop
endfacet
facet normal 0 -1 -0
 outer loop
  vertex 180 -10 4.689582e-13
  vertex 190 -10 10
  vertex 180 -10 10
 endloop
endfacet
facet normal -1 0 0
 outer loop
  vertex 250 -60 4.689582e-13
  vertex 250 -70 7.549794e-07
  vertex 250 -70 10
 endloop
endfacet
facet normal -1 -0 -0
 outer loop
  vertex 250 -60 4.689582e-13
  vertex 250 -70 10
  vertex 250 -60 10
 endloop
endfacet
facet normal -0 -1 -0
 outer loop
  vertex 20 -240 9.237056e-13
  vertex 30 -240 9.237056e-13
  vertex 30 -240 10
 endloop
endfacet
facet normal 0 -1 -0
 outer loop
  vertex 20 -240 9.237056e-13
  vertex 30 -240 10
  vertex 20 -240 10
 endloop
endfacet
facet normal -1 0 0
 outer loop
  vertex 10 -160 4.689582e-13
  vertex 10 -170 7.549793e-07
  vertex 10 -170 10
 endloop
endfacet
facet normal -1 -0 -0
 outer loop
  vertex 10 -160 4.689582e-13
  vertex 10 -170 10
  vertex 10 -160 10
 endloop
endfacet
facet normal -0 -1 -0
 outer loop
  vertex 60 -200 1.4210855e-14
  vertex 70 -200 1.4210855e-14
  vertex 70 -200 10
 endloop
endfacet
facet normal 0 -1 -0
 outer loop
  vertex 60 -200 1.4210855e-14
  vertex 70 -200 10
  vertex 60 -200 10
 endloop
endfacet
facet normal -0 -1 -0
 outer loop
  vertex 0 -60 4.689582e-13
  vertex 10 -60 4.689582e-13
  vertex 10 -60 10
 endloop
endfacet
facet normal 0 -1 -0
 outer loop
  vertex 0 -60 4.689582e-13
  vertex 10 -60 10
  vertex 0 -60 10
 endloop
endfacet
facet normal -1 0 0
 outer loop
  vertex 110 -130 -2.1316282e-13
  vertex 110 -140 7.549788e-07
  vertex 110 -140 10.000001
 endloop
endfacet
facet normal -1 -0 -0
 outer loop
  vertex 110 -130 -2.1316282e-13
  vertex 110 -140 10.000001
  vertex 110 -130 10
 endloop
endfacet
facet normal -1 0 0
 outer loop
  vertex 0 -160 4.689582e-13
  vertex 0 -170 7.549793e-07
  vertex 0 -170 10
 endloop
endfacet
facet normal -1 -0 -0
 outer loop
  vertex 0 -160 4.689582e-13
  vertex 0 -170 10
  vertex 0 -160 10
 endloop
endfacet
facet normal -0 -1 -0
 outer loop
  vertex 220 -50 2.4158453e-13
  vertex 230 -50 2.4158453e-13
  vertex 230 -50 10
 endloop
endfacet
facet normal 0 -1 -0
 outer loop
  vertex 220 -50 2.4158453e-13
  vertex 230 -50 10
  vertex 220 -50 10
 endloop
endfacet
facet normal -0 -1 -0
 outer loop
  vertex 210 -100 1.8474111e-13
  vertex 220 -100 1.8474111e-13
  vertex 220 -100 10
 endloop
endfacet
facet normal 0 -1 -0
 outer loop
  vertex 210 -100 1.8474111e-13
  vertex 220 -100 10
  vertex 210 -100 10
 endloop
endfacet
facet normal -1 0 0
 outer loop
  vertex 160 -220 9.237056e-13
  vertex 160 -230 7.5497974e-07
  vertex 160 -230 10.000001
 endloop
endfacet
facet normal -1 -0 -0
 outer loop
  vertex 160 -220 9.237056e-13
  vertex 160 -230 10.000001
  vertex 160 -220 10
 endloop
endfacet
facet normal -0 -1 -0
 outer loop
  vertex 240 -10 4.689582e-13
  vertex 250 -10 4.689582e-13
  vertex 250 -10 10
 endloop
endfacet
facet normal 0 -1 -0
 outer loop
  vertex 240 -10 4.689582e-13
  vertex 250 -10 10
  vertex 240 -10 10
 endloop
endfacet
facet normal -1 0 0
 outer loop
  vertex 190 -70 1.2789769e-13
  vertex 190 -80 7.549791e-07
  vertex 190 -80 10.000001
 endloop
endfacet
facet normal -1 -0 -0
 outer loop
  vertex 190 -70 1.2789769e-13
  vertex 190 -80 10.000001
  vertex 190 -70 10
 endloop
endfacet
facet normal -0 -1 -0
 outer loop
  vertex 30 0 1.4210855e-14
  vertex 40 0 1.4210855e-14
  vertex 40 0 10
 endloop
endfacet
facet normal 0 -1 -0
 outer loop
  vertex 30 0 1.4210855e-14
  vertex 40 0 10
  vertex 30 0 10
 endloop
endfacet
facet normal -0 -1 -0
 outer loop
  vertex 10 -50 2.4158453e-13
  vertex 20 -50 2.4158453e-13
  vertex 20 -50 10
 endloop
endfacet
facet normal 0 -1 -0
 outer loop
  vertex 10 -50 2.4158453e-13
  vertex 20 -50 10
  vertex 10 -50 10
 endloop
endfacet
facet normal -1 0 0
 outer loop
  vertex 120 -80 2.9842795e-13
  vertex 120 -90 7.549793e-07
  vertex 120 -90 10.000001
 endloop
endfacet
facet normal -1 -0 -0
 outer loop
  vertex 120 -80 2.9842795e-13
  vertex 120 -90 10.000001
  vertex 120 -80 10
 endloop
endfacet
facet normal -1 0 0
 outer loop
  vertex 160 -90 1.4210855e-14
  vertex 160 -100 7.54979e-07
  vertex 160 -100 10.000001
 endloop
endfacet
facet normal -1 -0 -0
 outer loop
  vertex 160 -90 1.4210855e-14
  vertex 160 -100 10.000001
  vertex 160 -90 10
 endloop
endfacet
facet normal -0 -1 -0
 outer loop
  vertex 180 -230 9.237056e-13
  vertex 190 -230 9.237056e-13
  vertex 190 -230 10
 endloop
endfacet
facet normal 0 -1 -0
 outer loop
  vertex 180 -230 9.237056e-13
  vertex 190 -230 10
  vertex 180 -230 10
 endloop
endfacet
facet normal -0 -1 -0
 outer loop
  vertex 40 -150 1.4210855e-14
  vertex 50 -150 1.4210855e-14
  vertex 50 -150 10
 endloop
endfacet
facet normal 0 -1 -0
 outer loop
  vertex 40 -150 1.4210855e-14
  vertex 50 -150 10
  vertex 40 -150 10
 endloop
endfacet
facet normal -0 -1 -0
 outer loop
  vertex 80 -220 9.237056e-13
  vertex 90 -220 9.237056e-13
  vertex 90 -220 10
 endloop
endfacet
facet normal 0 -1 -0
 outer loop
  vertex 80 -220 9.237056e-13
  vertex 90 -220 10
  vertex 80 -220 10
 endloop
endfacet
facet normal -1 0 0
 outer loop
  vertex 100 -200 1.4210855e-14
  vertex 100 -210 7.549788e-07
  vertex 100 -210 10
 endloop
endfacet
facet normal -1 -0 -0
 outer loop
  vertex 100 -200 1.4210855e-14
  vertex 100 -210 10
  vertex 100 -200 10
 endloop
endfacet
facet normal -1 0 0
 outer loop
  vertex 90 0 1.4210855e-14
  vertex 90 -10 7.549793e-07
  vertex 90 -10 10.000001
 endloop
endfacet
facet normal -1 -0 -0
 outer loop
  vertex 90 0 1.4210855e-14
  vertex 90 -10 10.000001
  vertex 90 0 10
 endloop
endfacet
facet normal -0 -1 -0
 outer loop
  vertex 200 -70 1.2789769e-13
  vertex 210 -70 1.2789769e-13
  vertex 210 -70 10
 endloop
endfacet
facet normal 0 -1 -0
 outer loop
  vertex 200 -70 1.2789769e-13
  vertex 210 -70 10
  vertex 200 -70 10
 endloop
endfacet
facet normal -0 -1 -0
 outer loop
  vertex 10 -110 3.5527137e-13
  vertex 20 -110 3.5527137e-13
  vertex 20 -110 10
 endloop
endfacet
facet normal 0 -1 -0
 outer loop
  vertex 10 -110 3.5527137e-13
  vertex 20 -110 10
  vertex 10 -110 10
 endloop
endfacet
facet normal -0 -1 -0
 outer loop
  vertex 140 -150 1.4210855e-14
  vertex 150 -150 1.4210855e-14
  vertex 150 -150 10
 endloop
endfacet
facet normal 0 -1 -0
 outer loop
  vertex 140 -150 1.4210855e-14
  vertex 150 -150 10
  vertex 140 -150 10
 endloop
endfacet
facet normal -0 -1 -0
 outer loop
  vertex 150 -20 1.4210855e-14
  vertex 160 -20 1.4210855e-14
  vertex 160 -20 10
 endloop
endfacet
facet normal 0 -1 -0
 outer loop
  vertex 150 -20 1.4210855e-14
  vertex 160 -20 10
  vertex 150 -20 10
 endloop
endfacet
facet normal -1 0 0
 outer loop
  vertex 210 -130 -2.1316282e-13
  vertex 210 -140 7.549788e-07
  vertex 210 -140 10.000001
 endloop
endfacet
facet normal -1 -0 -0
 outer loop
  vertex 210 -130 -2.1316282e-13
  vertex 210 -140 10.000001
  vertex 210 -130 10
 endloop
endfacet
facet normal -1 0 0
 outer loop
  vertex 70 -120 4.689582e-13
  vertex 70 -130 7.549795e-07
  vertex 70 -130 10.000001
 endloop
endfacet
facet normal -1 -0 -0
 outer loop
  vertex 70 -120 4.689582e-13
  vertex 70 -130 10.000001
  vertex 70 -120 10
 endloop
endfacet
facet normal -0 -1 -0
 outer loop
  vertex 100 -200 1.4210855e-14
  vertex 110 -200 1.4210855e-14
  vertex 110 -200 10
 endloop
endfacet
facet normal 0 -1 -0
 outer loop
  vertex 100 -200 1.4210855e-14
  vertex 110 -200 10
  vertex 100 -200 10
 endloop
endfacet
facet normal -0 -1 -0
 outer loop
  vertex 220 -30 4.689582e-13
  vertex 230 -30 4.689582e-13
  vertex 230 -30 10
 endloop
endfacet
facet normal 0 -1 -0
 outer loop
  vertex 220 -30 4.689582e-13
  vertex 230 -30 10
  vertex 220 -30 10
 endloop
endfacet
facet normal -0 -1 -0
 outer loop
  vertex 90 -250 -8.9528385e-13
  vertex 100 -250 -8.9528385e-13
  vertex 100 -250 10
 endloop
endfacet
facet normal 0 -1 -0
 outer loop
  vertex 90 -250 -8.9528385e-13
  vertex 100 -250 10
  vertex 90 -250 10
 endloop
endfacet
facet normal -1 0 0
 outer loop
  vertex 160 -10 4.689582e-13
  vertex 160 -20 7.549793e-07
  vertex 160 -20 10
 endloop
endfacet
facet normal -1 -0 -0
 outer loop
  vertex 160 -10 4.689582e-13
  vertex 160 -20 10
  vertex 160 -10 10
 endloop
endfacet
facet normal -0 -1 -0
 outer loop
  vertex 10 -20 1.4210855e-14
  vertex 20 -20 1.4210855e-14
  vertex 20 -20 10
 endloop
endfacet
facet normal 0 -1 -0
 outer loop
  vertex 10 -20 1.4210855e-14
  vertex 20 -20 10
  vertex 10 -20 10
 endloop
endfacet
facet normal -0 -1 -0
 outer loop
  vertex 120 -90 1.4210855e-14
  vertex 130 -90 1.4210855e-14
  vertex 130 -90 10
 endloop
endfacet
facet normal 0 -1 -0
 outer loop
  vertex 120 -90 1.4210855e-14
  vertex 130 -90 10
  vertex 120 -90 10
 endloop
endfacet
facet normal -1 0 0
 outer loop
  vertex 210 -170 4.689582e-13
  vertex 210 -180 7.5497974e-07
  vertex 210 -180 10.000001
 endloop
endfacet
facet normal -1 -0 -0
 outer loop
  vertex 210 -170 4.689582e-13
  vertex 210 -180 10.000001
  vertex 210 -170 10
 endloop
endfacet
facet normal -1 0 0
 outer loop
  vertex 170 -80 2.9842795e-13
  vertex 170 -90 7.549793e-07
  vertex 170 -90 10.000001
 endloop
endfacet
facet normal -1 -0 -0
 outer loop
  vertex 170 -80 2.9842795e-13
  vertex 170 -90 10.000001
  vertex 170 -80 10
 endloop
endfacet
facet normal -1 0 0
 outer loop
  vertex 170 -200 1.4210855e-14
  vertex 170 -210 7.549788e-07
  vertex 170 -210 10
 endloop
endfacet
facet normal -1 -0 -0
 outer loop
  vertex 170 -200 1.4210855e-14
  vertex 170 -210 10
  vertex 170 -200 10
 endloop
endfacet
facet normal -1 0 0
 outer loop
  vertex 190 -90 1.4210855e-14
  vertex 190 -100 7.54979e-07
  vertex 190 -100 10.000001
 endloop
endfacet
facet normal -1 -0 -0
 outer loop
  vertex 190 -90 1.4210855e-14
  vertex 190 -100 10.000001
  vertex 190 -90 10
 endloop
endfacet
facet normal -0 -1 -0
 outer loop
  vertex 100 -10 4.689582e-13
  vertex 110 -10 4.689582e-13
  vertex 110 -10 10
 endloop
endfacet
facet normal 0 -1 -0
 outer loop
  vertex 100 -10 4.689582e-13
  vertex 110 -10 10
  vertex 100 -10 10
 endloop
endfacet
facet normal -1 0 0
 outer loop
  vertex 170 -150 1.4210855e-14
  vertex 170 -160 7.549793e-07
  vertex 170 -160 10.000001
 endloop
endfacet
facet normal -1 -0 -0
 outer loop
  vertex 170 -150 1.4210855e-14
  vertex 170 -160 10.000001
  vertex 170 -150 10
 endloop
endfacet
facet normal -1 0 0
 outer loop
  vertex 230 -190 1.4210855e-14
  vertex 230 -200 7.549788e-07
  vertex 230 -200 10.000001
 endloop
endfacet
facet normal -1 -0 -0
 outer loop
  vertex 230 -190 1.4210855e-14
  vertex 230 -200 10.000001
  vertex 230 -190 10
 endloop
endfacet
facet normal -0 -1 -0
 outer loop
  vertex 170 -100 1.8474111e-13
  vertex 180 -100 1.8474111e-13
  vertex 180 -100 10
 endloop
endfacet
facet normal 0 -1 -0
 outer loop
  vertex 170 -100 1.8474111e-13
  vertex 180 -100 10
  vertex 170 -100 10
 endloop
endfacet
facet normal -0 -1 -0
 outer loop
  vertex 200 -30 4.689582e-13
  vertex 210 -30 4.689582e-13
  vertex 210 -30 10
 endloop
endfacet
facet normal 0 -1 -0
 outer loop
  vertex 200 -30 4.689582e-13
  vertex 210 -30 10
  vertex 200 -30 10
 endloop
endfacet
facet normal -1 0 0
 outer loop
  vertex 0 -180 1.4210855e-14
  vertex 0 -190 7.549788e-07
  vertex 0 -190 10.000001
 endloop
endfacet
facet normal -1 -0 -0
 outer loop
  vertex 0 -180 1.4210855e-14
  vertex 0 -190 10.000001
  vertex 0 -180 10
 endloop
endfacet
facet normal -1 0 0
 outer loop
  vertex 170 -40 2.4158453e-13
  vertex 170 -50 7.549793e-07
  vertex 170 -50 10.000001
 endloop
endfacet
facet normal -1 -0 -0
 outer loop
  vertex 170 -40 2.4158453e-13
  vertex 170 -50 10.000001
  vertex 170 -40 10
 endloop
endfacet
facet normal -1 0 0
 outer loop
  vertex 40 -210 1.4210855e-14
  vertex 40 -220 7.5497974e-07
  vertex 40 -220 10.000001
 endloop
endfacet
facet normal -1 -0 -0
 outer loop
  vertex 40 -210 1.4210855e-14
  vertex 40 -220 10.000001
  vertex 40 -210 10
 endloop
endfacet
facet normal -0 -1 -0
 outer loop
  vertex 230 0 1.4210855e-14
  vertex 240 0 1.4210855e-14
  vertex 240 0 10
 endloop
endfacet
facet normal 0 -1 -0
 outer loop
  vertex 230 0 1.4210855e-14
  vertex 240 0 10
  vertex 230 0 10
 endloop
endfacet
facet normal -0 -1 -0
 outer loop
  vertex 160 -220 9.237056e-13
  vertex 170 -220 9.237056e-13
  vertex 170 -220 10
 endloop
endfacet
facet normal 0 -1 -0
 outer loop
  vertex 160 -220 9.237056e-13
  vertex 170 -220 10
  vertex 160 -220 10
 endloop
endfacet
facet normal -0 -1 -0
 outer loop
  vertex 60 -110 3.5527137e-13
  vertex 70 -110 3.5527137e-13
  vertex 70 -110 10
 endloop
endfacet
facet normal 0 -1 -0
 outer loop
  vertex 60 -110 3.5527137e-13
  vertex 70 -110 10
  vertex 60 -110 10
 endloop
endfacet
endsolid 
